item,label,scripts,inputs,outputs,audit_scope
Table 1,tab:early-late-link-summary,tools/export_manuscript_tables.py,paper/current/cohorts/final_expanded_81.json; paper/current/data/current_statistics_v2/analysis_rows.csv; paper/current/data/prospective_validation/measurements.csv; paper/current/data/prospective_pilot/measurements.csv; paper/current/data/current_separate_statistics_v2/current_separate_paired_rows.csv; paper/current/data/current_statistics_v2/crossligand_rows.csv,paper/current/tables/main_table_1.csv; paper/current/tables/main_table_1.tex,Composition is counted from cohort rows; evidential roles and screened-candidate note are authored in the TeX.
Table 2,tab:early-late-measurements,src/posegate/trajectory.py,paper/current/tables/main_table_2.tex; configs/posegate_5ns_v2.yaml; configs/posegate_pilot20ns_v2.yaml,paper/current/tables/main_table_2.tex,"Definition table, not an estimated result; no numerical CSV."
Table 3,tab:early-clean-definitions,paper/current/source_analysis/remeasure_current_frames.py; paper/current/source_analysis/summarize_current_frames.py,paper/current/tables/main_table_3.tex; paper/current/data/current_frames_v2/,paper/current/tables/main_table_3.tex,Authored eligibility definitions; derived flags in analysis_rows.csv and estimates in S2.
Table 4,tab:representation-matched,paper/current/source_analysis/summarize_current_frames.py,paper/current/data/current_statistics_v2/analysis_rows.csv,paper/current/data/current_statistics_v2/statistics.json; paper/current/tables/main_table_4.csv; paper/current/tables/main_table_4.tex,Recompute pooled and within-protein correlations from early/late rows; retain clustered CI provenance.
Table 5,tab:prospective-validation,paper/current/source_analysis/77_analyze_confirmation_v1_fresh100ns_preliminary.py; tools/export_manuscript_tables.py; src/posegate/policy.py,paper/current/data/prospective_validation/measurements.csv; configs/posegate_5ns_v2.yaml,paper/current/data/prospective_validation/metrics.csv; paper/current/data/prospective_validation/correlations.csv; paper/current/tables/main_table_5.csv; paper/current/tables/main_table_5.tex,Current table uses 5 ns resource accounting (855 ns); preserved source summary uses 6 ns (846 ns). Actual savings zero; unflagged is unresolved.
Table 6,tab:cross_ligand_results,paper/current/source_analysis/summarize_current_frames.py; paper/current/source_analysis/summarize_current_crossligand.py; paper/current/source_analysis/77_analyze_confirmation_v1_fresh100ns_preliminary.py,paper/current/data/current_statistics_v2/analysis_rows.csv; paper/current/data/current_statistics_v2/crossligand_rows.csv; paper/current/data/prospective_pilot/measurements.csv; paper/current/data/prospective_validation/measurements.csv,paper/current/tables/main_table_6.csv; paper/current/tables/main_table_6.tex,AUROC uses the same corrected late class while the early coordinate representation changes.
Table S1,tab:simulation-protocol,Authored preparation/protocol record; no statistical generator,paper/current/tables/supp_table_S1.tex,paper/current/tables/supp_table_S1.tex,"Protocol settings and references are documented, not inferred from result tables; no numerical CSV."
Table S2,tab:prefix-clean-risksets,paper/current/source_analysis/remeasure_current_frames.py; paper/current/source_analysis/summarize_current_frames.py; paper/current/source_analysis/finalize_supplement_temporal.py,paper/current/data/current_frames_v2/; paper/current/data/current_statistics_v2/analysis_rows.csv,paper/current/data/current_statistics_v2/statistics.json; paper/current/data/final_protein_frame_control/primary_temporal_statistics.json; paper/current/tables/supp_table_S2.csv; paper/current/tables/supp_table_S2.tex,Expanded 81 to 46/45/31; primary 52 to 30/29/20. Alias tab:prefix-clean-auroc.
Table S3,tab:time-to-event,paper/current/source_analysis/summarize_current_frames.py; paper/current/source_analysis/finalize_supplement_temporal.py,paper/current/data/current_frames_v2/; paper/current/data/current_statistics_v2/crossing_times.csv,paper/current/data/final_protein_frame_control/primary_temporal_statistics.json; paper/current/tables/supp_table_S3.csv; paper/current/tables/supp_table_S3.tex,"Retrospective sustained crossing, not demonstrated predictive lead time; denominator 39 primary non-retained trajectories."
Table S4,tab:pocket-frame-control,paper/current/source_analysis/remeasure_current_local_pocket.py; paper/current/source_analysis/summarize_current_frames.py,paper/current/data/current_statistics_v2/local_pocket_rows.csv; paper/current/data/current_statistics_v2/analysis_rows.csv,paper/current/data/current_statistics_v2/local_pocket_statistics.json; paper/current/tables/supp_table_S4.csv; paper/current/tables/supp_table_S4.tex,Current frozen 8 angstrom frame. Archived 6/8/10 angstrom radius sensitivity is listed separately below.
Table S5,tab:protein-frame-stability,paper/current/source_analysis/finalize_protein_frame_control.py; paper/current/source_analysis/remeasure_current_local_pocket.py; paper/current/source_analysis/75_protein_side_stability_audit.py,paper/current/data/final_protein_frame_control/local_checkpoint_measurements.csv; paper/current/data/current_statistics_v2/analysis_rows.csv; paper/current/data/secondary/protein_side_stability/protein_side_stability_frames.csv,paper/current/data/final_protein_frame_control/protein_side_stability_summary.csv; paper/current/data/final_protein_frame_control/protein_side_stability_statistics.json; paper/current/tables/supp_table_S5.csv; paper/current/tables/supp_table_S5.tex,C-alpha fits reuse archived per-frame traces with current exact-index aggregation; local ligand scores are recomputed. Half-up display rounds 0.8125 to 0.813.
Table S6,tab:contact-retention-control,paper/current/source_analysis/48b_priority2_horizon_and_contact_analysis_n81.py; paper/current/source_analysis/43_priority1_reanalysis.py,paper/current/data/secondary/master/expanded_trajectory_source_of_truth.csv; paper/current/data/secondary/consolidated_100ns_extension_n81.csv,paper/current/data/secondary/contact_retention.csv; paper/current/tables/supp_table_S6.csv; paper/current/tables/supp_table_S6.tex,"Archived secondary contact measurement, not silently relabeled as current remeasurement. Available-pair denominators 80/81/80/80."
Table S7,tab:boundary-sensitivity,paper/current/source_analysis/current_boundary_sensitivity.py; paper/current/source_analysis/reanalyze_current_primary.py; paper/current/source_analysis/77_analyze_confirmation_v1_fresh100ns_preliminary.py,paper/current/data/current_statistics_v2/analysis_rows.csv; paper/current/data/prospective_validation/measurements.csv,paper/current/data/current_boundary_sensitivity/boundary_sensitivity.json; paper/current/tables/supp_table_S7.csv; paper/current/tables/supp_table_S7.tex,"Post-hoc relabeling at 2.5/3/4 angstrom, not prospective threshold selection; original cohort RNGs preserved."
Figure 1,fig:primary_idea,Authored conceptual illustration; no numerical generator,paper/current/figure_index.json; src/posegate/geometry.py; src/posegate/trajectory.py,paper/current/figures/primary_idea.png,Illustrates the measurement/evaluation definitions; not an empirical data plot.
Figure 2,fig:early-to-late-checkpoints,paper/current/source_analysis/make_current_version_figures.py; paper/current/source_analysis/make_figure3_early_to_late_and_checkpoints.py,paper/current/data/current_statistics_v2/analysis_rows.csv; paper/current/data/current_statistics_v2/statistics.json,paper/current/figures/current_v2/figure3_early_to_late_and_checkpoints.png; paper/current/figures/current_v2/checkpoint_plot_data.csv,Source filenames retain earlier figure numbers; manuscript number here is authoritative.
Figure 3,fig:coord-attrib-scope,paper/current/source_analysis/make_current_version_figures.py; paper/current/source_analysis/make_figure3_physical_attribution_combined.py,paper/current/data/current_statistics_v2/statistics.json; paper/current/data/current_statistics_v2/analysis_rows.csv,paper/current/figures/current_v2/figure3_physical_attribution.png; paper/current/figures/current_v2/descriptor_plot_data.csv; paper/current/figures/current_v2/descriptor_paired_plot_data.csv,Whole-protein geometric descriptors and paired AUROC differences; local controls in S4/S5.
Figure 4,fig:two-fate-poses,paper/current/source_visualization/select_and_extract_frames.py; paper/current/source_visualization/v3/render_two_fate_pocket_poses_v3.py; paper/current/source_visualization/v3/compose_two_fate_figure_v3.py,paper/current/source_visualization/data/; paper/current/source_visualization/v3/renders/; paper/current/data/current_statistics_v2/analysis_rows.csv; paper/current/data/secondary/two_fate_example_prpd_windows.csv,paper/current/figures/two_fate_pose_overlay_figure.png,"Historical representative PDB snapshots and metadata; current numeric overlay uses analysis_rows.csv. PyMOL required to rerender, full DCDs required to repeat frame selection."
Figure 5,fig:preboundary-link-qualification,paper/current/source_analysis/make_current_version_figures.py; paper/current/source_analysis/make_figure4_early_detection_redesign.py,paper/current/data/current_statistics_v2/statistics.json; paper/current/data/current_statistics_v2/crossing_times.csv,paper/current/figures/current_v2/figure4_early_clean_subsets_and_crossing_timing.png; paper/current/data/current_statistics_v2/crossing_summary.json,Expanded-cohort early-clean discrimination and retrospective timing; no-crossing rows have a separate flag.
