complex_id,separate_launch_pose_rmsd_5ns_A,separate_launch_centroid_displacement_5ns_A,n_frames_5ns,status,error
AFR1|Milbemycin|pocket8|replica_1,3.0996385219447498,2.3896568798179976,101,ok,
ATRF_ASPFU|Milbemycin|pocket1|replica_1,3.9519943974396012,2.8418374297438844,101,ok,
ATRF_ASPFU|Milbemycin|pocket11|replica_1,3.1851935053300258,2.455294020346546,101,ok,
ATRF_ASPFU|Milbemycin|pocket7|replica_1,4.798454670153969,3.8626733723060966,101,ok,
CDR1_CANAR|Milbemycin|pocket1|replica_1,3.547761986898554,2.001128258749462,101,ok,
CDR1_CANAR|Milbemycin|pocket11|replica_1,2.686994108768036,1.3554334152578325,101,ok,
CDR1_CANAR|Milbemycin|pocket2|replica_1,3.488161353368425,1.8640156898046174,101,ok,
CDR1_CANAR|Milbemycin|pocket3|replica_1,2.078279051818308,1.0777950207471598,101,ok,
CDR1_CANAR_auris|Milbemycin|pocket10|replica_1,12.952402159379783,10.917242170048075,101,ok,
CDR1_CANAR_auris|Milbemycin|pocket14|replica_1,1.4897793912626864,1.1690006933812258,101,ok,
CDR1_CANAR_auris|Milbemycin|pocket2|replica_1,4.1062816127671535,3.5622732126795893,101,ok,
CDR1_CANAR_auris|Milbemycin|pocket5|replica_1,3.642858985683262,3.271665868533508,101,ok,
CDR2_CANAL|Milbemycin|pocket1|replica_1,2.1960259972294547,1.7187093801592959,101,ok,
CDR2_CANAL|Milbemycin|pocket13|replica_1,9.952993429042154,7.1432860952438055,101,ok,
CDR2_CANAL|Milbemycin|pocket4|replica_1,8.47613927725549,7.60788589620122,101,ok,
CIMG_00533|Milbemycin|pocket1|replica_1,6.403249251132341,5.856749123687463,101,ok,
CIMG_00533|Milbemycin|pocket12|replica_1,3.0915905124025893,1.772444407131335,101,ok,
CIMG_00533|Milbemycin|pocket2|replica_1,1.8954428484033605,1.3880261774413263,101,ok,
CIMG_00533|Milbemycin|pocket3|replica_1,2.982534225783366,1.6132527636329659,101,ok,
CIMG_00533|Milbemycin|pocket7|replica_1,2.2422938386748785,1.6620399653822002,101,ok,
CIMG_00533|Milbemycin|pocket9|replica_1,4.289497220645755,2.5995685259698926,101,ok,
CIMG_00780|Milbemycin|pocket1|replica_1,2.8623752456219154,2.110214266987841,101,ok,
CIMG_00780|Milbemycin|pocket2|replica_1,1.7792471709611402,1.2981104087144744,101,ok,
CIMG_00780|Milbemycin|pocket3|replica_1,7.4377415016596755,5.322273859719984,101,ok,
CIMG_00780|Milbemycin|pocket4|replica_1,2.425839106690209,1.9001981394664884,101,ok,
CIMG_00780|Milbemycin|pocket7|replica_1,5.3941462225171035,3.945196028676894,101,ok,
CIMG_00780|Milbemycin|pocket8|replica_1,3.2558062087292163,1.787803566360511,101,ok,
CIMG_00780|Milbemycin|pocket9|replica_1,2.7490869118848202,1.8212107954293324,101,ok,
CIMG_01418|Milbemycin|pocket15|replica_1,5.208555331370037,4.020271034980137,101,ok,
CIMG_01418|Milbemycin|pocket3|replica_1,5.218239544534321,2.973600711287556,101,ok,
CIMG_09093|Milbemycin|pocket1|replica_1,3.6236696403798394,1.8274776961488275,101,ok,
CIMG_09093|Milbemycin|pocket12|replica_1,1.6952506262505818,1.0214824175028978,101,ok,
CIMG_09093|Milbemycin|pocket3|replica_1,2.139590677869806,1.250380667646862,101,ok,
MDR1_CRYNH|Milbemycin|pocket13|replica_1,2.1474370411768517,1.577824626292332,101,ok,
MDR1_TRIRC|Milbemycin|pocket11|replica_1,4.427311326417432,3.5429381463843628,101,ok,
MDR1_TRIRC|Milbemycin|pocket3|replica_1,4.61151267826982,3.981274706286612,101,ok,
MDR1_TRIRC|Milbemycin|pocket7|replica_1,4.452962500815222,3.607749836515722,101,ok,
MDR1_TRIRC|Milbemycin|pocket8|replica_1,2.4103340898623817,1.3775768792006926,101,ok,
MDR2_TRIRC|Milbemycin|pocket10|replica_1,5.571072840076138,5.131294787308107,101,ok,
MDR2_TRIRC|Milbemycin|pocket14|replica_1,2.3557906838406955,1.0877171420286549,101,ok,
MDR2_TRIRC|Milbemycin|pocket15|replica_1,4.356235656365609,2.1603040644895932,101,ok,
MDR2_TRIRC|Milbemycin|pocket3|replica_1,2.0811798578325114,1.9246832565627763,101,ok,
MDR2_TRIRC|Milbemycin|pocket9|replica_1,3.4913001636949117,1.785754687891525,101,ok,
PDH1_CANGA|Milbemycin|pocket12|replica_1,2.9746343380781197,2.068767896744613,101,ok,
PDH1_CANGA|Milbemycin|pocket2|replica_1,6.071738273419285,5.157415848151239,101,ok,
PDH1_CANGA|Milbemycin|pocket3|replica_1,1.8041751639640933,0.9593370446513593,101,ok,
PDR5_YEAST|Milbemycin|pocket15|replica_1,3.3141633186363992,2.5738097907059543,101,ok,
PDR5_YEAST|Milbemycin|pocket9|replica_1,1.8922547697417724,1.2345318146898214,101,ok,
SNQ2_CANGA|Milbemycin|pocket2|replica_1,3.3393941569654926,2.7568574757580153,101,ok,
SNQ2_CANGA|Milbemycin|pocket4|replica_1,2.649703104887816,2.0485009729710657,101,ok,
SNQ2_CANGA|Milbemycin|pocket5|replica_1,3.9534880328992164,3.332597401044341,101,ok,
SNQ2_CANGA|Milbemycin|pocket9|replica_1,2.6666883289958316,1.8528761250275507,101,ok,
