source_of_truth_version,audit_row_id,complex_id,protein,ligand,pocket,replica,topology_path,trajectory_path,measurement_status,measurement_error,n_frames,frame_interval_ns,trajectory_end_ns,complete_100ns_coverage,late_pose_rmsd_median_70_100_A,corrected_pose_rmsd_mean_3_5_A,corrected_centroid_displacement_mean_3_5_A,n_frames_3_5,corrected_pose_rmsd_mean_8_10_A,corrected_centroid_displacement_mean_8_10_A,n_frames_8_10,corrected_pose_rmsd_mean_13_15_A,corrected_centroid_displacement_mean_13_15_A,n_frames_13_15,corrected_pose_rmsd_mean_18_20_A,corrected_centroid_displacement_mean_18_20_A,n_frames_18_20,corrected_pose_rmsd_mean_28_30_A,corrected_centroid_displacement_mean_28_30_A,n_frames_28_30,expected_frame_count,expected_frame_interval_ns,primary_checkpoint_ns,primary_feature_window,late_outcome_window,pose_retention_threshold_A,has_all_required_early_features,has_late_outcome_measurement,eligible_primary_cohort,primary_exclusion_reason,late_pose_retained,rmsd_change_5_20_A,rmsd_change_15_20_A,rmsd_acceleration_A,centroid_change_5_20_A,centroid_change_15_20_A,centroid_acceleration_A
expanded_same_trajectory_v1,1,AFR1|Milbemycin|pocket10|replica_1,AFR1,Milbemycin,pocket10,replica_1,/media/zhenli/datadrive/valleyfevermutation/simulation_100ns_md/AFR1/simulation_explicit/pocket10/replica_1/AFR1_prepared_Milbemycin_pocket10_complex_recombined_complex_explicit_initial_frame.pdb,/media/zhenli/datadrive/valleyfevermutation/simulation_100ns_md/AFR1/simulation_explicit/pocket10/replica_1/AFR1_prepared_Milbemycin_pocket10_complex_recombined_complex_explicit_trajectory.dcd,ok,,500,0.2000000005962811,100.00000029814058,True,4.108132879525724,2.407993684223337,2.084917646810161,11,2.982013217076258,2.7827205794661576,11,2.966401438803081,2.707119362885354,11,3.017021032267635,2.775648535131696,11,3.622228019337113,3.383595389488633,11,500,0.2,20,"(18,20] ns","(70,100] ns",3.0,True,True,True,eligible_primary_cohort,0,0.609027348044298,0.050619593464554136,0.06623137173773141,0.6907308883215353,0.06852917224634236,0.14413038882714613
expanded_same_trajectory_v1,2,AFR1|Milbemycin|pocket11|replica_1,AFR1,Milbemycin,pocket11,replica_1,/media/zhenli/datadrive/valleyfevermutation/simulation_100ns_md/AFR1/simulation_explicit/pocket11/replica_1/AFR1_prepared_Milbemycin_pocket11_complex_recombined_complex_explicit_initial_frame.pdb,/media/zhenli/datadrive/valleyfevermutation/simulation_100ns_md/AFR1/simulation_explicit/pocket11/replica_1/AFR1_prepared_Milbemycin_pocket11_complex_recombined_complex_explicit_trajectory.dcd,ok,,500,0.2000000005962811,100.00000029814058,True,1.4871847775231235,1.1210492308895077,0.7414561078793199,11,2.006276778082753,1.5702765157522975,11,2.2553563970189,1.7439768956443251,11,2.071647303335172,1.7130235131934812,11,1.732636147493752,1.336990887659243,11,500,0.2,20,"(18,20] ns","(70,100] ns",3.0,True,True,True,eligible_primary_cohort,1,0.9505980724456644,-0.1837090936837278,-0.4327887126198746,0.9715674053141613,-0.03095338245084389,-0.20465376234287147
expanded_same_trajectory_v1,3,AFR1|Milbemycin|pocket2|replica_1,AFR1,Milbemycin,pocket2,replica_1,/media/zhenli/datadrive/valleyfevermutation/simulation_100ns_md/AFR1/simulation_explicit/pocket2/replica_1/AFR1_prepared_Milbemycin_pocket2_complex_recombined_complex_explicit_initial_frame.pdb,/media/zhenli/datadrive/valleyfevermutation/simulation_100ns_md/AFR1/simulation_explicit/pocket2/replica_1/AFR1_prepared_Milbemycin_pocket2_complex_recombined_complex_explicit_trajectory.dcd,ok,,500,0.2000000005962811,100.00000029814058,True,4.387920936572456,1.0521943520018024,0.7418646830711361,11,1.1087758774823298,0.8376814447173299,11,1.653080775599758,1.2705052236357202,11,2.197762866805474,1.4909426913815176,11,2.261600317264477,1.5147805711445428,11,500,0.2,20,"(18,20] ns","(70,100] ns",3.0,True,True,True,eligible_primary_cohort,0,1.1455685148036716,0.544682091205716,0.00037719308828765286,0.7490780083103815,0.22043746774579742,-0.21238631117259288
expanded_same_trajectory_v1,4,AFR1|Milbemycin|pocket3|replica_1,AFR1,Milbemycin,pocket3,replica_1,/media/zhenli/datadrive/valleyfevermutation/simulation_100ns_md/AFR1/simulation_explicit/pocket3/replica_1/AFR1_prepared_Milbemycin_pocket3_complex_recombined_complex_explicit_initial_frame.pdb,/media/zhenli/datadrive/valleyfevermutation/simulation_100ns_md/AFR1/simulation_explicit/pocket3/replica_1/AFR1_prepared_Milbemycin_pocket3_complex_recombined_complex_explicit_trajectory.dcd,ok,,500,0.2000000005962811,100.00000029814058,True,5.9689243570644,4.585683436211132,3.5092389977154044,11,4.138675311208602,3.0225314775519307,11,4.68304353082815,3.4445086911909084,11,5.031739728497998,4.089641133043525,11,4.863040925085041,3.579509988840837,11,500,0.2,20,"(18,20] ns","(70,100] ns",3.0,True,True,True,eligible_primary_cohort,0,0.4460562922868663,0.34869619766984794,-0.1956720219496999,0.5804021353281206,0.6451324418526165,0.22315522821363887
expanded_same_trajectory_v1,5,AFR1|Milbemycin|pocket8|replica_1,AFR1,Milbemycin,pocket8,replica_1,/media/zhenli/datadrive/valleyfevermutation/simulation_100ns_md/AFR1/simulation_explicit/pocket8/replica_1/AFR1_prepared_Milbemycin_pocket8_complex_recombined_complex_explicit_initial_frame.pdb,/media/zhenli/datadrive/valleyfevermutation/simulation_100ns_md/AFR1/simulation_explicit/pocket8/replica_1/AFR1_prepared_Milbemycin_pocket8_complex_recombined_complex_explicit_trajectory.dcd,ok,,500,0.2000000005962811,100.00000029814058,True,2.6875785628942968,2.8101647703344463,2.00280552298914,11,2.9317600637984857,2.06631217734015,11,2.7466810473893664,1.1173858414958395,11,2.928170262228453,1.01884608989561,11,2.7083180890273786,0.5188236757663708,11,500,0.2,20,"(18,20] ns","(70,100] ns",3.0,True,True,True,eligible_primary_cohort,1,0.11800549189400655,0.18148921483908653,0.3665682312482059,-0.98395943309353,-0.09853975160022954,0.850386584244081
expanded_same_trajectory_v1,6,AFR1|Milbemycin|pocket9|replica_1,AFR1,Milbemycin,pocket9,replica_1,/media/zhenli/datadrive/valleyfevermutation/simulation_100ns_md/AFR1/simulation_explicit/pocket9/replica_1/AFR1_prepared_Milbemycin_pocket9_complex_recombined_complex_explicit_initial_frame.pdb,/media/zhenli/datadrive/valleyfevermutation/simulation_100ns_md/AFR1/simulation_explicit/pocket9/replica_1/AFR1_prepared_Milbemycin_pocket9_complex_recombined_complex_explicit_trajectory.dcd,ok,,244,0.2000000005962811,48.8000001454926,False,,1.0377386234944763,0.6244909454375462,11,0.8885846560599879,0.3994797962338353,11,1.0426087834213098,0.4891682042627305,11,1.0477426819815456,0.3761617649002806,11,1.1881674763196453,0.6382527176893894,11,500,0.2,20,"(18,20] ns","(70,100] ns",3.0,True,False,False,incomplete_0_100ns_dcd;missing_70_100ns_outcome,,0.010004058487069312,0.005133898560235828,-0.14889022880108604,-0.24832918053726566,-0.11300643936244992,-0.20269484739134513
expanded_same_trajectory_v1,7,ATRF_ASPFU|Milbemycin|pocket1|replica_1,ATRF_ASPFU,Milbemycin,pocket1,replica_1,/media/zhenli/datadrive/valleyfevermutation/simulation_100ns_md/ATRF_ASPFU/simulation_explicit/pocket1/replica_1/ATRF_ASPFU_prepared_Milbemycin_pocket1_complex_recombined_complex_explicit_initial_frame.pdb,/media/zhenli/datadrive/valleyfevermutation/simulation_100ns_md/ATRF_ASPFU/simulation_explicit/pocket1/replica_1/ATRF_ASPFU_prepared_Milbemycin_pocket1_complex_recombined_complex_explicit_trajectory.dcd,ok,,500,0.2000000005962811,100.00000029814058,True,2.59455636168419,0.8465921306729886,0.653986525777333,11,2.748822721396567,2.018128578130359,11,2.7477108747403687,2.0337562844253814,11,3.087875571221137,2.363726165773262,11,3.014244923198232,2.7440596255156158,11,500,0.2,20,"(18,20] ns","(70,100] ns",3.0,True,True,True,eligible_primary_cohort,1,2.2412834405481483,0.3401646964807683,0.34127654313696665,1.709739639995929,0.32996988134788063,0.31434217505285833
expanded_same_trajectory_v1,8,ATRF_ASPFU|Milbemycin|pocket11|replica_1,ATRF_ASPFU,Milbemycin,pocket11,replica_1,/media/zhenli/datadrive/valleyfevermutation/simulation_100ns_md/ATRF_ASPFU/simulation_explicit/pocket11/replica_1/ATRF_ASPFU_prepared_Milbemycin_pocket11_complex_recombined_complex_explicit_initial_frame.pdb,/media/zhenli/datadrive/valleyfevermutation/simulation_100ns_md/ATRF_ASPFU/simulation_explicit/pocket11/replica_1/ATRF_ASPFU_prepared_Milbemycin_pocket11_complex_recombined_complex_explicit_trajectory.dcd,ok,,500,0.2000000005962811,100.00000029814058,True,5.072040467954923,2.523473942968111,1.8297407253118705,11,3.02558682073948,2.399009909597695,11,3.233792451391309,2.4358107930293427,11,5.903697590630233,4.363098457922825,11,5.519773681393555,3.957450310004367,11,500,0.2,20,"(18,20] ns","(70,100] ns",3.0,True,True,True,eligible_primary_cohort,0,3.380223647662122,2.669905139238924,2.461699508587095,2.5333577326109546,1.9272876648934822,1.8904867814618345
expanded_same_trajectory_v1,9,ATRF_ASPFU|Milbemycin|pocket13|replica_1,ATRF_ASPFU,Milbemycin,pocket13,replica_1,/media/zhenli/datadrive/valleyfevermutation/simulation_100ns_md/ATRF_ASPFU/simulation_explicit/pocket13/replica_1/ATRF_ASPFU_prepared_Milbemycin_pocket13_complex_recombined_complex_explicit_initial_frame.pdb,/media/zhenli/datadrive/valleyfevermutation/simulation_100ns_md/ATRF_ASPFU/simulation_explicit/pocket13/replica_1/ATRF_ASPFU_prepared_Milbemycin_pocket13_complex_recombined_complex_explicit_trajectory.dcd,ok,,500,0.2000000005962811,100.00000029814058,True,6.764936748052046,3.089166073670323,2.6612638100202206,11,2.2662939320680757,1.815763571722857,11,2.256070739075861,1.7530062146263037,11,3.4482235250794435,2.131987522817513,11,4.8369086123417375,3.1198617011405947,11,500,0.2,20,"(18,20] ns","(70,100] ns",3.0,True,True,True,eligible_primary_cohort,0,0.3590574514091207,1.1921527860035823,1.2023759789957968,-0.5292762872027077,0.37898130819120923,0.4417386652877626
expanded_same_trajectory_v1,10,ATRF_ASPFU|Milbemycin|pocket4|replica_1,ATRF_ASPFU,Milbemycin,pocket4,replica_1,/media/zhenli/datadrive/valleyfevermutation/simulation_100ns_md/ATRF_ASPFU/simulation_explicit/pocket4/replica_1/ATRF_ASPFU_prepared_Milbemycin_pocket4_complex_recombined_complex_explicit_initial_frame.pdb,/media/zhenli/datadrive/valleyfevermutation/simulation_100ns_md/ATRF_ASPFU/simulation_explicit/pocket4/replica_1/ATRF_ASPFU_prepared_Milbemycin_pocket4_complex_recombined_complex_explicit_trajectory.dcd,ok,,500,0.2000000005962811,100.00000029814058,True,3.195431330504489,1.9614613823295863,1.7673488259294607,11,2.2009181423876387,1.3892385221378811,11,2.349529584324517,1.317151132210519,11,2.330880444601961,1.3633529693370836,11,2.142465799974325,1.0786084074482227,11,500,0.2,20,"(18,20] ns","(70,100] ns",3.0,True,True,True,eligible_primary_cohort,0,0.36941906227237475,-0.018649139722556107,-0.16726058165943458,-0.40399585659237713,0.04620183712656467,0.11828922705392686
expanded_same_trajectory_v1,11,ATRF_ASPFU|Milbemycin|pocket7|replica_1,ATRF_ASPFU,Milbemycin,pocket7,replica_1,/media/zhenli/datadrive/valleyfevermutation/simulation_100ns_md/ATRF_ASPFU/simulation_explicit/pocket7/replica_1/ATRF_ASPFU_prepared_Milbemycin_pocket7_complex_recombined_complex_explicit_initial_frame.pdb,/media/zhenli/datadrive/valleyfevermutation/simulation_100ns_md/ATRF_ASPFU/simulation_explicit/pocket7/replica_1/ATRF_ASPFU_prepared_Milbemycin_pocket7_complex_recombined_complex_explicit_trajectory.dcd,ok,,500,0.2000000005962811,100.00000029814058,True,10.109436653485906,3.3882033585135063,1.0074371608803672,11,5.784323990526598,1.6001653228191757,11,7.168312369257841,1.8615888597958368,11,7.389993005380443,1.96780198136862,11,9.520034439380373,7.904768514851281,11,500,0.2,20,"(18,20] ns","(70,100] ns",3.0,True,True,True,eligible_primary_cohort,0,4.001789646866937,0.2216806361226018,-1.1623077426086414,0.9603648204882529,0.10621312157278329,-0.1552104154038778
expanded_same_trajectory_v1,12,CDR1_CANAR|Milbemycin|pocket1|replica_1,CDR1_CANAR,Milbemycin,pocket1,replica_1,/media/zhenli/datadrive/valleyfevermutation/simulation_100ns_md/CDR1_CANAR/simulation_explicit/pocket1/replica_1/CDR1_CANAR_prepared_Milbemycin_pocket1_complex_recombined_complex_explicit_initial_frame.pdb,/media/zhenli/datadrive/valleyfevermutation/simulation_100ns_md/CDR1_CANAR/simulation_explicit/pocket1/replica_1/CDR1_CANAR_prepared_Milbemycin_pocket1_complex_recombined_complex_explicit_trajectory.dcd,ok,,500,0.2000000005962811,100.00000029814058,True,1.426679284568947,2.218944343824889,1.9055306052531216,11,2.9646274741282848,2.762696214943438,11,2.8524035303312165,2.6238999352379326,11,3.307294517985378,3.1264257582479718,11,2.7964395299526874,2.537071623599107,11,500,0.2,20,"(18,20] ns","(70,100] ns",3.0,True,True,True,eligible_primary_cohort,1,1.0883501741604888,0.45489098765416136,0.5671149314512296,1.2208951529948502,0.5025258230100391,0.6413221027155447
expanded_same_trajectory_v1,13,CDR1_CANAR|Milbemycin|pocket11|replica_1,CDR1_CANAR,Milbemycin,pocket11,replica_1,/media/zhenli/datadrive/valleyfevermutation/simulation_100ns_md/CDR1_CANAR/simulation_explicit/pocket11/replica_1/CDR1_CANAR_prepared_Milbemycin_pocket11_complex_recombined_complex_explicit_initial_frame.pdb,/media/zhenli/datadrive/valleyfevermutation/simulation_100ns_md/CDR1_CANAR/simulation_explicit/pocket11/replica_1/CDR1_CANAR_prepared_Milbemycin_pocket11_complex_recombined_complex_explicit_trajectory.dcd,ok,,500,0.2000000005962811,100.00000029814058,True,5.014698996962785,3.093230788757459,2.706224608943661,11,3.3418919063433106,1.5620172985255536,11,3.826969577452125,2.0835909918690843,11,4.058915311048265,2.42003882794703,11,4.263284479447028,3.314407732845493,11,500,0.2,20,"(18,20] ns","(70,100] ns",3.0,True,True,True,eligible_primary_cohort,0,0.9656845222908061,0.23194573359614035,-0.25313193751267393,-0.28618578099663106,0.3364478360779457,-0.18512585726558495
expanded_same_trajectory_v1,14,CDR1_CANAR|Milbemycin|pocket2|replica_1,CDR1_CANAR,Milbemycin,pocket2,replica_1,/media/zhenli/datadrive/valleyfevermutation/simulation_100ns_md/CDR1_CANAR/simulation_explicit/pocket2/replica_1/CDR1_CANAR_prepared_Milbemycin_pocket2_complex_recombined_complex_explicit_initial_frame.pdb,/media/zhenli/datadrive/valleyfevermutation/simulation_100ns_md/CDR1_CANAR/simulation_explicit/pocket2/replica_1/CDR1_CANAR_prepared_Milbemycin_pocket2_complex_recombined_complex_explicit_trajectory.dcd,ok,,500,0.2000000005962811,100.00000029814058,True,3.3058939439281256,2.1037191164710967,1.5417184690187669,11,2.1385469016800505,1.474790780349534,11,2.210669952128536,1.7714344016203496,11,2.058618460814053,1.5641565462743614,11,2.309713354530334,1.8982631126005995,11,500,0.2,20,"(18,20] ns","(70,100] ns",3.0,True,True,True,eligible_primary_cohort,0,-0.045100655657043465,-0.1520514913144826,-0.22417454176296792,0.022438077255594546,-0.2072778553459882,-0.5039214766168039
expanded_same_trajectory_v1,15,CDR1_CANAR|Milbemycin|pocket3|replica_1,CDR1_CANAR,Milbemycin,pocket3,replica_1,/media/zhenli/datadrive/valleyfevermutation/simulation_100ns_md/CDR1_CANAR/simulation_explicit/pocket3/replica_1/CDR1_CANAR_prepared_Milbemycin_pocket3_complex_recombined_complex_explicit_initial_frame.pdb,/media/zhenli/datadrive/valleyfevermutation/simulation_100ns_md/CDR1_CANAR/simulation_explicit/pocket3/replica_1/CDR1_CANAR_prepared_Milbemycin_pocket3_complex_recombined_complex_explicit_trajectory.dcd,ok,,500,0.2000000005962811,100.00000029814058,True,5.7378881368105965,4.641289784686287,4.49137247605278,11,5.44540022213003,5.269901549394283,11,5.21369841127071,5.014461201987838,11,5.14627277198742,4.949682387038347,11,5.293732668085078,5.105004558166375,11,500,0.2,20,"(18,20] ns","(70,100] ns",3.0,True,True,True,eligible_primary_cohort,0,0.5049829873011333,-0.06742563928328948,0.1642761715760308,0.4583099109855677,-0.06477881494949056,0.1906615324569545
expanded_same_trajectory_v1,16,CDR1_CANAR|Milbemycin|pocket9|replica_1,CDR1_CANAR,Milbemycin,pocket9,replica_1,/media/zhenli/datadrive/valleyfevermutation/simulation_100ns_md/CDR1_CANAR/simulation_explicit/pocket9/replica_1/CDR1_CANAR_prepared_Milbemycin_pocket9_complex_recombined_complex_explicit_initial_frame.pdb,/media/zhenli/datadrive/valleyfevermutation/simulation_100ns_md/CDR1_CANAR/simulation_explicit/pocket9/replica_1/CDR1_CANAR_prepared_Milbemycin_pocket9_complex_recombined_complex_explicit_trajectory.dcd,ok,,500,0.2000000005962811,100.00000029814058,True,11.295939228391786,8.067336142569006,6.168811970933712,11,5.869926044166399,2.3135929778422293,11,6.454546867315932,1.881953356498805,11,6.741530201540221,1.710929166247099,11,5.702746961865814,1.5821889961491586,11,500,0.2,20,"(18,20] ns","(70,100] ns",3.0,True,True,True,eligible_primary_cohort,0,-1.3258059410287855,0.28698333422428934,-0.29763748892524333,-4.457882804686613,-0.171024190251706,0.26061543109171836
expanded_same_trajectory_v1,17,CDR1_CANAR_auris|Milbemycin|pocket10|replica_1,CDR1_CANAR_auris,Milbemycin,pocket10,replica_1,/media/zhenli/datadrive/valleyfevermutation/simulation_100ns_md/CDR1_CANAR_auris/simulation_explicit/pocket10/replica_1/CDR1_CANAR_auris_prepared_Milbemycin_pocket10_complex_recombined_complex_explicit_initial_frame.pdb,/media/zhenli/datadrive/valleyfevermutation/simulation_100ns_md/CDR1_CANAR_auris/simulation_explicit/pocket10/replica_1/CDR1_CANAR_auris_prepared_Milbemycin_pocket10_complex_recombined_complex_explicit_trajectory.dcd,ok,,500,0.2000000005962811,100.00000029814058,True,26.594285102049657,6.021614369127628,3.5638950538479865,11,13.130575866633928,11.395121914507248,11,10.994037706841963,8.586844112400213,11,11.41308674961246,9.019392392053176,11,17.337796895662407,15.539990063392883,11,500,0.2,20,"(18,20] ns","(70,100] ns",3.0,True,True,True,eligible_primary_cohort,0,5.391472380484833,0.4190490427704976,2.555587202562462,5.4554973382051895,0.4325482796529627,3.240826081759998
expanded_same_trajectory_v1,18,CDR1_CANAR_auris|Milbemycin|pocket14|replica_1,CDR1_CANAR_auris,Milbemycin,pocket14,replica_1,/media/zhenli/datadrive/valleyfevermutation/simulation_100ns_md/CDR1_CANAR_auris/simulation_explicit/pocket14/replica_1/CDR1_CANAR_auris_prepared_Milbemycin_pocket14_complex_recombined_complex_explicit_initial_frame.pdb,/media/zhenli/datadrive/valleyfevermutation/simulation_100ns_md/CDR1_CANAR_auris/simulation_explicit/pocket14/replica_1/CDR1_CANAR_auris_prepared_Milbemycin_pocket14_complex_recombined_complex_explicit_trajectory.dcd,ok,,500,0.2000000005962811,100.00000029814058,True,4.3378061061420885,3.3942064807754417,2.404662629279106,11,3.65896846475213,1.9919254667633963,11,4.764404436429532,1.4617513003175526,11,5.12373641967855,2.0754644004610934,11,5.0609309680604335,1.627522240757274,11,500,0.2,20,"(18,20] ns","(70,100] ns",3.0,True,True,True,eligible_primary_cohort,0,1.729529938903108,0.3593319832490174,-0.7461039884283851,-0.3291982288180124,0.6137131001435407,1.1438872665893844
expanded_same_trajectory_v1,19,CDR1_CANAR_auris|Milbemycin|pocket2|replica_1,CDR1_CANAR_auris,Milbemycin,pocket2,replica_1,/media/zhenli/datadrive/valleyfevermutation/simulation_100ns_md/CDR1_CANAR_auris/simulation_explicit/pocket2/replica_1/CDR1_CANAR_auris_prepared_Milbemycin_pocket2_complex_recombined_complex_explicit_initial_frame.pdb,/media/zhenli/datadrive/valleyfevermutation/simulation_100ns_md/CDR1_CANAR_auris/simulation_explicit/pocket2/replica_1/CDR1_CANAR_auris_prepared_Milbemycin_pocket2_complex_recombined_complex_explicit_trajectory.dcd,ok,,500,0.2000000005962811,100.00000029814058,True,4.744054750259975,2.3858383204321445,2.258043498824197,11,2.633860280038163,2.3895903254405777,11,3.2315880498565765,2.859439266135812,11,2.831405143954906,2.512877796908996,11,3.438740919776943,3.0849811393907376,11,500,0.2,20,"(18,20] ns","(70,100] ns",3.0,True,True,True,eligible_primary_cohort,0,0.44556682352276145,-0.4001829059016706,-0.997910675720084,0.2548342980847993,-0.34656146922681597,-0.8164104099220504
expanded_same_trajectory_v1,20,CDR1_CANAR_auris|Milbemycin|pocket5|replica_1,CDR1_CANAR_auris,Milbemycin,pocket5,replica_1,/media/zhenli/datadrive/valleyfevermutation/simulation_100ns_md/CDR1_CANAR_auris/simulation_explicit/pocket5/replica_1/CDR1_CANAR_auris_prepared_Milbemycin_pocket5_complex_recombined_complex_explicit_initial_frame.pdb,/media/zhenli/datadrive/valleyfevermutation/simulation_100ns_md/CDR1_CANAR_auris/simulation_explicit/pocket5/replica_1/CDR1_CANAR_auris_prepared_Milbemycin_pocket5_complex_recombined_complex_explicit_trajectory.dcd,ok,,500,0.2000000005962811,100.00000029814058,True,2.5125790415503126,2.458340233013302,1.157171816530812,11,3.2649887480024167,1.1182449002992616,11,3.486273081419635,2.9975700065064435,11,3.523240642605622,3.035529133745952,11,3.772770123557423,3.352774032519384,11,500,0.2,20,"(18,20] ns","(70,100] ns",3.0,True,True,True,eligible_primary_cohort,1,1.0649004095923198,0.036967561185986764,-0.18431677223123177,1.87835731721514,0.03795912723950856,-1.8413659789676733
expanded_same_trajectory_v1,21,CDR2_CANAL|Milbemycin|pocket1|replica_1,CDR2_CANAL,Milbemycin,pocket1,replica_1,/media/zhenli/datadrive/valleyfevermutation/simulation_100ns_md/CDR2_CANAL/simulation_explicit/pocket1/replica_1/CDR2_CANAL_prepared_Milbemycin_pocket1_complex_recombined_complex_explicit_initial_frame.pdb,/media/zhenli/datadrive/valleyfevermutation/simulation_100ns_md/CDR2_CANAL/simulation_explicit/pocket1/replica_1/CDR2_CANAL_prepared_Milbemycin_pocket1_complex_recombined_complex_explicit_trajectory.dcd,ok,,500,0.2000000005962811,100.00000029814058,True,19.02490744858495,10.494901293595287,7.8605322424359345,11,9.602765623188487,6.9247157252671,11,12.932411303036696,10.947675066600862,11,13.16411632457988,11.121843716033233,11,17.151627146235175,16.10835816754566,11,500,0.2,20,"(18,20] ns","(70,100] ns",3.0,True,True,True,eligible_primary_cohort,0,2.669215030984592,0.23170502154318307,-3.097940658305026,3.2613114735972983,0.17416864943237087,-3.8487906919013914
expanded_same_trajectory_v1,22,CDR2_CANAL|Milbemycin|pocket12|replica_1,CDR2_CANAL,Milbemycin,pocket12,replica_1,/media/zhenli/datadrive/valleyfevermutation/simulation_100ns_md/CDR2_CANAL/simulation_explicit/pocket12/replica_1/CDR2_CANAL_prepared_Milbemycin_pocket12_complex_recombined_complex_explicit_initial_frame.pdb,/media/zhenli/datadrive/valleyfevermutation/simulation_100ns_md/CDR2_CANAL/simulation_explicit/pocket12/replica_1/CDR2_CANAL_prepared_Milbemycin_pocket12_complex_recombined_complex_explicit_trajectory.dcd,ok,,500,0.2000000005962811,100.00000029814058,True,9.830744219967066,2.1227384238796887,1.408306441914055,11,4.118247114113239,3.1300397179650545,11,6.260712841656078,4.205581024179389,11,7.57283642678512,5.5039158284156136,11,7.972548452879615,5.845991973446157,11,500,0.2,20,"(18,20] ns","(70,100] ns",3.0,True,True,True,eligible_primary_cohort,0,5.450098002905431,1.3121235851290418,-0.8303421424137971,4.095609386501558,1.2983348042362248,0.22279349802189063
expanded_same_trajectory_v1,23,CDR2_CANAL|Milbemycin|pocket13|replica_1,CDR2_CANAL,Milbemycin,pocket13,replica_1,/media/zhenli/datadrive/valleyfevermutation/simulation_100ns_md/CDR2_CANAL/simulation_explicit/pocket13/replica_1/CDR2_CANAL_prepared_Milbemycin_pocket13_complex_recombined_complex_explicit_initial_frame.pdb,/media/zhenli/datadrive/valleyfevermutation/simulation_100ns_md/CDR2_CANAL/simulation_explicit/pocket13/replica_1/CDR2_CANAL_prepared_Milbemycin_pocket13_complex_recombined_complex_explicit_trajectory.dcd,ok,,500,0.2000000005962811,100.00000029814058,True,10.0875341165324,9.674301276495116,9.089892064939535,11,14.081243274773652,13.412216743941428,11,15.069767480709691,14.43408048042,11,12.00553244728797,11.121057397983808,11,10.939500712045218,9.903878523993264,11,500,0.2,20,"(18,20] ns","(70,100] ns",3.0,True,True,True,eligible_primary_cohort,0,2.3312311707928544,-3.0642350334217205,-4.05275923935776,2.0311653330442727,-3.3130230824361924,-4.3348868189147645
expanded_same_trajectory_v1,24,CDR2_CANAL|Milbemycin|pocket14|replica_1,CDR2_CANAL,Milbemycin,pocket14,replica_1,/media/zhenli/datadrive/valleyfevermutation/simulation_100ns_md/CDR2_CANAL/simulation_explicit/pocket14/replica_1/CDR2_CANAL_prepared_Milbemycin_pocket14_complex_recombined_complex_explicit_initial_frame.pdb,/media/zhenli/datadrive/valleyfevermutation/simulation_100ns_md/CDR2_CANAL/simulation_explicit/pocket14/replica_1/CDR2_CANAL_prepared_Milbemycin_pocket14_complex_recombined_complex_explicit_trajectory.dcd,ok,,48,0.2000000005962811,9.600000028621494,False,,1.0406395590694797,0.8265166452268897,11,1.1348583906425544,0.9868825007803548,9,,,0,,,0,,,0,500,0.2,20,"(18,20] ns","(70,100] ns",3.0,False,False,False,incomplete_0_100ns_dcd;missing_pre20ns_feature;missing_70_100ns_outcome,,,,,,,
expanded_same_trajectory_v1,25,CDR2_CANAL|Milbemycin|pocket4|replica_1,CDR2_CANAL,Milbemycin,pocket4,replica_1,/media/zhenli/datadrive/valleyfevermutation/simulation_100ns_md/CDR2_CANAL/simulation_explicit/pocket4/replica_1/CDR2_CANAL_prepared_Milbemycin_pocket4_complex_recombined_complex_explicit_initial_frame.pdb,/media/zhenli/datadrive/valleyfevermutation/simulation_100ns_md/CDR2_CANAL/simulation_explicit/pocket4/replica_1/CDR2_CANAL_prepared_Milbemycin_pocket4_complex_recombined_complex_explicit_trajectory.dcd,ok,,500,0.2000000005962811,100.00000029814058,True,4.074824768565361,3.145495284108549,2.1105978131211884,11,3.349634984330524,2.530082243692451,11,3.295491509984195,2.434186311140215,11,3.179157706787228,2.3177909672202537,11,3.1400831172407067,2.2061487862239217,11,500,0.2,20,"(18,20] ns","(70,100] ns",3.0,True,True,True,eligible_primary_cohort,0,0.033662422678678805,-0.11633380319696718,-0.06219032885063802,0.20719315409906525,-0.1163953439199612,-0.020499411367725262
expanded_same_trajectory_v1,26,CDR2_CANAL|Milbemycin|pocket8|replica_1,CDR2_CANAL,Milbemycin,pocket8,replica_1,/media/zhenli/datadrive/valleyfevermutation/simulation_100ns_md/CDR2_CANAL/simulation_explicit/pocket8/replica_1/CDR2_CANAL_prepared_Milbemycin_pocket8_complex_recombined_complex_explicit_initial_frame.pdb,/media/zhenli/datadrive/valleyfevermutation/simulation_100ns_md/CDR2_CANAL/simulation_explicit/pocket8/replica_1/CDR2_CANAL_prepared_Milbemycin_pocket8_complex_recombined_complex_explicit_trajectory.dcd,ok,,474,0.2000000005962811,94.80000028263726,False,3.2814378997408093,2.37941945642501,1.4755546010078922,11,2.807249093555804,1.7353402119393315,11,3.142165949970787,2.007386587658378,11,3.040178201227599,1.8796271586496551,11,3.8120482908512527,2.5451698466046584,11,500,0.2,20,"(18,20] ns","(70,100] ns",3.0,True,True,False,incomplete_0_100ns_dcd,,0.6607587448025889,-0.10198774874318772,-0.4369046051581704,0.404072557641763,-0.12775942900872272,-0.39980580472776905
expanded_same_trajectory_v1,27,CIMG_00533|Milbemycin|pocket1|replica_1,CIMG_00533,Milbemycin,pocket1,replica_1,/media/zhenli/datadrive/valleyfevermutation/simulation_100ns_md/CIMG_00533/simulation_explicit/pocket1/replica_1/CIMG_00533_prepared_Milbemycin_pocket1_complex_recombined_complex_explicit_initial_frame.pdb,/media/zhenli/datadrive/valleyfevermutation/simulation_100ns_md/CIMG_00533/simulation_explicit/pocket1/replica_1/CIMG_00533_prepared_Milbemycin_pocket1_complex_recombined_complex_explicit_trajectory.dcd,ok,,500,0.2000000005962811,100.00000029814058,True,5.727396276840548,6.838337118419371,4.816392464732428,11,6.483031830483557,4.603139118371136,11,6.612972440155875,4.943043338190523,11,6.254698085299723,4.181111055466276,11,6.176284899084479,4.599108595013143,11,500,0.2,20,"(18,20] ns","(70,100] ns",3.0,True,True,True,eligible_primary_cohort,0,-0.5836390331196482,-0.3582743548561522,-0.4882149645284706,-0.6352814092661525,-0.7619322827242474,-1.1018365025436347
expanded_same_trajectory_v1,28,CIMG_00533|Milbemycin|pocket12|replica_1,CIMG_00533,Milbemycin,pocket12,replica_1,/media/zhenli/datadrive/valleyfevermutation/simulation_100ns_md/CIMG_00533/simulation_explicit/pocket12/replica_1/CIMG_00533_prepared_Milbemycin_pocket12_complex_recombined_complex_explicit_initial_frame.pdb,/media/zhenli/datadrive/valleyfevermutation/simulation_100ns_md/CIMG_00533/simulation_explicit/pocket12/replica_1/CIMG_00533_prepared_Milbemycin_pocket12_complex_recombined_complex_explicit_trajectory.dcd,ok,,500,0.2000000005962811,100.00000029814058,True,4.53102751007569,4.05722722911502,1.3249560503550402,11,5.785357487850543,2.0319466911461395,11,5.040013162800722,0.9432741109764085,11,5.232890266517902,1.3790961238113375,11,5.103354544657744,2.7401121200245764,11,500,0.2,20,"(18,20] ns","(70,100] ns",3.0,True,True,True,eligible_primary_cohort,0,1.1756630374028818,0.19287710371717992,0.938221428767001,0.054140073456297344,0.43582201283492905,1.52449459300466
expanded_same_trajectory_v1,29,CIMG_00533|Milbemycin|pocket2|replica_1,CIMG_00533,Milbemycin,pocket2,replica_1,/media/zhenli/datadrive/valleyfevermutation/simulation_100ns_md/CIMG_00533/simulation_explicit/pocket2/replica_1/CIMG_00533_prepared_Milbemycin_pocket2_complex_recombined_complex_explicit_initial_frame.pdb,/media/zhenli/datadrive/valleyfevermutation/simulation_100ns_md/CIMG_00533/simulation_explicit/pocket2/replica_1/CIMG_00533_prepared_Milbemycin_pocket2_complex_recombined_complex_explicit_trajectory.dcd,ok,,500,0.2000000005962811,100.00000029814058,True,3.326449040366709,2.2514317017490404,1.7312707693014533,11,1.6742786536256502,1.210574365549964,11,1.7142623223434403,1.1738629528329323,11,1.8875341701477275,1.3433673581861614,11,2.027426498364361,1.4958557571879263,11,500,0.2,20,"(18,20] ns","(70,100] ns",3.0,True,True,True,eligible_primary_cohort,0,-0.3638975316013129,0.17327184780428717,0.13328817908649704,-0.3879034111152919,0.16950440535322908,0.20621581807026068
expanded_same_trajectory_v1,30,CIMG_00533|Milbemycin|pocket3|replica_1,CIMG_00533,Milbemycin,pocket3,replica_1,/media/zhenli/datadrive/valleyfevermutation/simulation_100ns_md/CIMG_00533/simulation_explicit/pocket3/replica_1/CIMG_00533_prepared_Milbemycin_pocket3_complex_recombined_complex_explicit_initial_frame.pdb,/media/zhenli/datadrive/valleyfevermutation/simulation_100ns_md/CIMG_00533/simulation_explicit/pocket3/replica_1/CIMG_00533_prepared_Milbemycin_pocket3_complex_recombined_complex_explicit_trajectory.dcd,ok,,500,0.2000000005962811,100.00000029814058,True,5.9884142986625415,3.5078267975262203,1.5325143981040312,11,3.658463101105239,1.980316302985215,11,3.718973918526544,1.7880053830191829,11,3.9644494394168746,2.3272871596535256,11,4.111851990122909,2.61109044751164,11,500,0.2,20,"(18,20] ns","(70,100] ns",3.0,True,True,True,eligible_primary_cohort,0,0.45662264189065427,0.24547552089033076,0.18496470346902605,0.7947727615494944,0.5392817766343427,0.731592696600375
expanded_same_trajectory_v1,31,CIMG_00533|Milbemycin|pocket7|replica_1,CIMG_00533,Milbemycin,pocket7,replica_1,/media/zhenli/datadrive/valleyfevermutation/simulation_100ns_md/CIMG_00533/simulation_explicit/pocket7/replica_1/CIMG_00533_prepared_Milbemycin_pocket7_complex_recombined_complex_explicit_initial_frame.pdb,/media/zhenli/datadrive/valleyfevermutation/simulation_100ns_md/CIMG_00533/simulation_explicit/pocket7/replica_1/CIMG_00533_prepared_Milbemycin_pocket7_complex_recombined_complex_explicit_trajectory.dcd,ok,,500,0.2000000005962811,100.00000029814058,True,5.25909049287499,1.478890351933439,1.142770226135457,11,1.4602341588309609,1.1158781505882462,11,1.28651703333273,0.8930917988549791,11,1.3480851002941774,0.9973070797849928,11,2.2046042817162506,1.909274312067169,11,500,0.2,20,"(18,20] ns","(70,100] ns",3.0,True,True,True,eligible_primary_cohort,0,-0.1308052516392617,0.06156806696144734,0.23528519245967816,-0.1454631463504643,0.10421528093001364,0.32700163266328075
expanded_same_trajectory_v1,32,CIMG_00533|Milbemycin|pocket9|replica_1,CIMG_00533,Milbemycin,pocket9,replica_1,/media/zhenli/datadrive/valleyfevermutation/simulation_100ns_md/CIMG_00533/simulation_explicit/pocket9/replica_1/CIMG_00533_prepared_Milbemycin_pocket9_complex_recombined_complex_explicit_initial_frame.pdb,/media/zhenli/datadrive/valleyfevermutation/simulation_100ns_md/CIMG_00533/simulation_explicit/pocket9/replica_1/CIMG_00533_prepared_Milbemycin_pocket9_complex_recombined_complex_explicit_trajectory.dcd,ok,,500,0.2000000005962811,100.00000029814058,True,3.2149448396742204,2.761694639748739,1.5186141760795768,11,3.313437649246875,1.7447331715397818,11,4.060219610422395,2.276496274903238,11,3.88753783532332,1.869396197701684,11,3.99693851734991,1.852466441416601,11,500,0.2,20,"(18,20] ns","(70,100] ns",3.0,True,True,True,eligible_primary_cohort,0,1.1258431955745807,-0.17268177509907545,-0.9194637362745959,0.35078202162210714,-0.40710007720155383,-0.9388631805650098
expanded_same_trajectory_v1,33,CIMG_00780|Milbemycin|pocket1|replica_1,CIMG_00780,Milbemycin,pocket1,replica_1,/media/zhenli/datadrive/valleyfevermutation/simulation_100ns_md/CIMG_00780/simulation_explicit/pocket1/replica_1/CIMG_00780_prepared_Milbemycin_pocket1_complex_recombined_complex_explicit_initial_frame.pdb,/media/zhenli/datadrive/valleyfevermutation/simulation_100ns_md/CIMG_00780/simulation_explicit/pocket1/replica_1/CIMG_00780_prepared_Milbemycin_pocket1_complex_recombined_complex_explicit_trajectory.dcd,ok,,500,0.2000000005962811,100.00000029814058,True,2.364009230945042,1.4421363913148,1.0098919421833206,11,1.5796442337811205,1.126417778933906,11,1.8487805507858184,1.5110864537481177,11,1.852489163766868,1.5157831917419329,11,2.083316980092816,1.609806609286467,11,500,0.2,20,"(18,20] ns","(70,100] ns",3.0,True,True,True,eligible_primary_cohort,1,0.4103527724520679,0.0037086129810495194,-0.26542770402364835,0.5058912495586123,0.004696737993815203,-0.3799719368203964
expanded_same_trajectory_v1,34,CIMG_00780|Milbemycin|pocket2|replica_1,CIMG_00780,Milbemycin,pocket2,replica_1,/media/zhenli/datadrive/valleyfevermutation/simulation_100ns_md/CIMG_00780/simulation_explicit/pocket2/replica_1/CIMG_00780_prepared_Milbemycin_pocket2_complex_recombined_complex_explicit_initial_frame.pdb,/media/zhenli/datadrive/valleyfevermutation/simulation_100ns_md/CIMG_00780/simulation_explicit/pocket2/replica_1/CIMG_00780_prepared_Milbemycin_pocket2_complex_recombined_complex_explicit_trajectory.dcd,ok,,500,0.2000000005962811,100.00000029814058,True,1.7433817947797725,1.516952107792356,0.7612958107709844,11,1.5253751566151863,0.7670466217886673,11,1.661903748195108,1.026714528543024,11,1.82151767964624,1.0741352196610734,11,2.0830857789435995,1.0067289744198151,11,500,0.2,20,"(18,20] ns","(70,100] ns",3.0,True,True,True,eligible_primary_cohort,1,0.304565571853884,0.159613931451132,0.02308533987121031,0.312839408890089,0.047420691118049474,-0.2122472156363071
expanded_same_trajectory_v1,35,CIMG_00780|Milbemycin|pocket3|replica_1,CIMG_00780,Milbemycin,pocket3,replica_1,/media/zhenli/datadrive/valleyfevermutation/simulation_100ns_md/CIMG_00780/simulation_explicit/pocket3/replica_1/CIMG_00780_prepared_Milbemycin_pocket3_complex_recombined_complex_explicit_initial_frame.pdb,/media/zhenli/datadrive/valleyfevermutation/simulation_100ns_md/CIMG_00780/simulation_explicit/pocket3/replica_1/CIMG_00780_prepared_Milbemycin_pocket3_complex_recombined_complex_explicit_trajectory.dcd,ok,,500,0.2000000005962811,100.00000029814058,True,2.756087078675524,1.9257445661127848,1.241512501653958,11,1.7312966895648698,0.9293289203496204,11,1.6168083914629476,1.02839753503289,11,2.3467654010736463,1.4585595427461622,11,2.6141766655486878,1.6600344069059632,11,500,0.2,20,"(18,20] ns","(70,100] ns",3.0,True,True,True,eligible_primary_cohort,1,0.4210208349608615,0.7299570096106986,0.8444453077126208,0.21704704109220407,0.4301620077132722,0.3310933930300026
expanded_same_trajectory_v1,36,CIMG_00780|Milbemycin|pocket4|replica_1,CIMG_00780,Milbemycin,pocket4,replica_1,/media/zhenli/datadrive/valleyfevermutation/simulation_100ns_md/CIMG_00780/simulation_explicit/pocket4/replica_1/CIMG_00780_prepared_Milbemycin_pocket4_complex_recombined_complex_explicit_initial_frame.pdb,/media/zhenli/datadrive/valleyfevermutation/simulation_100ns_md/CIMG_00780/simulation_explicit/pocket4/replica_1/CIMG_00780_prepared_Milbemycin_pocket4_complex_recombined_complex_explicit_trajectory.dcd,ok,,500,0.2000000005962811,100.00000029814058,True,2.799129211323168,1.9824943233229384,1.8618589372389536,11,2.3066643772285285,2.1596114063076493,11,2.319222909306747,2.1859077938159044,11,2.7348857029595752,2.600793104472053,11,2.692042151418437,2.4623120503364944,11,500,0.2,20,"(18,20] ns","(70,100] ns",3.0,True,True,True,eligible_primary_cohort,1,0.7523913796366368,0.4156627936528281,0.40310426157460943,0.7389341672330996,0.41488531065614875,0.3885889231478936
expanded_same_trajectory_v1,37,CIMG_00780|Milbemycin|pocket6|replica_1,CIMG_00780,Milbemycin,pocket6,replica_1,/media/zhenli/datadrive/valleyfevermutation/simulation_100ns_md/CIMG_00780/simulation_explicit/pocket6/replica_1/CIMG_00780_prepared_Milbemycin_pocket6_complex_recombined_complex_explicit_initial_frame.pdb,/media/zhenli/datadrive/valleyfevermutation/simulation_100ns_md/CIMG_00780/simulation_explicit/pocket6/replica_1/CIMG_00780_prepared_Milbemycin_pocket6_complex_recombined_complex_explicit_trajectory.dcd,ok,,500,0.2000000005962811,100.00000029814058,True,7.231650439865017,0.9178256081701138,0.69816220721322,11,1.1263481861207236,0.5759879367916959,11,1.213019272874981,0.7419039665967982,11,1.4856816488178042,1.0701196364471763,11,4.357707421972735,3.433921109261263,11,500,0.2,20,"(18,20] ns","(70,100] ns",3.0,True,True,True,eligible_primary_cohort,0,0.5678560406476904,0.2726623759428233,0.185991289188566,0.37195742923395636,0.3282156698503781,0.16229964004527575
expanded_same_trajectory_v1,38,CIMG_00780|Milbemycin|pocket7|replica_1,CIMG_00780,Milbemycin,pocket7,replica_1,/media/zhenli/datadrive/valleyfevermutation/simulation_100ns_md/CIMG_00780/simulation_explicit/pocket7/replica_1/CIMG_00780_prepared_Milbemycin_pocket7_complex_recombined_complex_explicit_initial_frame.pdb,/media/zhenli/datadrive/valleyfevermutation/simulation_100ns_md/CIMG_00780/simulation_explicit/pocket7/replica_1/CIMG_00780_prepared_Milbemycin_pocket7_complex_recombined_complex_explicit_trajectory.dcd,ok,,500,0.2000000005962811,100.00000029814058,True,2.736924181879017,1.790200673318509,1.1289904473513614,11,1.857234960532577,1.2086594884485855,11,2.138027154844298,1.6738578330423302,11,2.462343566883105,2.050468216470092,11,2.1733182422363204,1.6835447490969322,11,500,0.2,20,"(18,20] ns","(70,100] ns",3.0,True,True,True,eligible_primary_cohort,1,0.6721428935645961,0.3243164120388071,0.043524217727086256,0.9214777691187306,0.3766103834277619,-0.08858796116598278
expanded_same_trajectory_v1,39,CIMG_00780|Milbemycin|pocket8|replica_1,CIMG_00780,Milbemycin,pocket8,replica_1,/media/zhenli/datadrive/valleyfevermutation/simulation_100ns_md/CIMG_00780/simulation_explicit/pocket8/replica_1/CIMG_00780_prepared_Milbemycin_pocket8_complex_recombined_complex_explicit_initial_frame.pdb,/media/zhenli/datadrive/valleyfevermutation/simulation_100ns_md/CIMG_00780/simulation_explicit/pocket8/replica_1/CIMG_00780_prepared_Milbemycin_pocket8_complex_recombined_complex_explicit_trajectory.dcd,ok,,500,0.2000000005962811,100.00000029814058,True,3.659790414524029,1.878726167157122,1.318230011830328,11,3.422335486537317,2.6710980367786408,11,3.5983211261061707,2.8580976213707694,11,3.2634114825499894,2.609467622811537,11,3.050135731354526,2.382538954268344,11,500,0.2,20,"(18,20] ns","(70,100] ns",3.0,True,True,True,eligible_primary_cohort,0,1.3846853153928673,-0.33490964355618136,-0.5108952831250351,1.291237610981209,-0.2486299985592324,-0.435629583151361
expanded_same_trajectory_v1,40,CIMG_00780|Milbemycin|pocket9|replica_1,CIMG_00780,Milbemycin,pocket9,replica_1,/media/zhenli/datadrive/valleyfevermutation/simulation_100ns_md/CIMG_00780/simulation_explicit/pocket9/replica_1/CIMG_00780_prepared_Milbemycin_pocket9_complex_recombined_complex_explicit_initial_frame.pdb,/media/zhenli/datadrive/valleyfevermutation/simulation_100ns_md/CIMG_00780/simulation_explicit/pocket9/replica_1/CIMG_00780_prepared_Milbemycin_pocket9_complex_recombined_complex_explicit_trajectory.dcd,ok,,500,0.2000000005962811,100.00000029814058,True,2.1918372759549496,2.211093804934753,1.5184595624987305,11,1.9091998516673772,1.155149719677049,11,1.92448134142491,1.144545200194219,11,2.004979521025291,1.282334152703844,11,1.7637579832351202,0.9033928637702432,11,500,0.2,20,"(18,20] ns","(70,100] ns",3.0,True,True,True,eligible_primary_cohort,1,-0.20611428390946207,0.08049817960038097,0.06521668984284812,-0.2361254097948864,0.1377889525096252,0.14839347199245534
expanded_same_trajectory_v1,41,CIMG_01418|Milbemycin|pocket1|replica_1,CIMG_01418,Milbemycin,pocket1,replica_1,/media/zhenli/datadrive/valleyfevermutation/simulation_100ns_md/CIMG_01418/simulation_explicit/pocket1/replica_1/CIMG_01418_prepared_Milbemycin_pocket1_complex_recombined_complex_explicit_initial_frame.pdb,/media/zhenli/datadrive/valleyfevermutation/simulation_100ns_md/CIMG_01418/simulation_explicit/pocket1/replica_1/CIMG_01418_prepared_Milbemycin_pocket1_complex_recombined_complex_explicit_trajectory.dcd,ok,,500,0.2000000005962811,100.00000029814058,True,3.2004656364718964,2.611927863475723,1.5691943279086047,11,2.974781200847788,2.472852396848582,11,3.514375159479618,2.891586919762533,11,3.657724526083266,3.092739126735519,11,3.563386952427246,2.9023486169743737,11,500,0.2,20,"(18,20] ns","(70,100] ns",3.0,True,True,True,eligible_primary_cohort,0,1.0457966626075428,0.1433493666036476,-0.39624459202818274,1.5235447988269142,0.20115220697298586,-0.2175823159409651
expanded_same_trajectory_v1,42,CIMG_01418|Milbemycin|pocket13|replica_1,CIMG_01418,Milbemycin,pocket13,replica_1,/media/zhenli/datadrive/valleyfevermutation/simulation_100ns_md/CIMG_01418/simulation_explicit/pocket13/replica_1/CIMG_01418_prepared_Milbemycin_pocket13_complex_recombined_complex_explicit_initial_frame.pdb,/media/zhenli/datadrive/valleyfevermutation/simulation_100ns_md/CIMG_01418/simulation_explicit/pocket13/replica_1/CIMG_01418_prepared_Milbemycin_pocket13_complex_recombined_complex_explicit_trajectory.dcd,ok,,500,0.2000000005962811,100.00000029814058,True,2.258132277403006,2.4661089794455298,2.0564446869527133,11,2.483426181408078,2.259639351460715,11,3.082250496183401,2.863464218183011,11,2.5301583876770426,2.2835359206705395,11,2.454958254301982,2.174816885502438,11,500,0.2,20,"(18,20] ns","(70,100] ns",3.0,True,True,True,eligible_primary_cohort,1,0.06404940823151284,-0.5520921085063586,-1.1509164232816818,0.22709123371782614,-0.5799282975124713,-1.183753164234767
expanded_same_trajectory_v1,43,CIMG_01418|Milbemycin|pocket15|replica_1,CIMG_01418,Milbemycin,pocket15,replica_1,/media/zhenli/datadrive/valleyfevermutation/simulation_100ns_md/CIMG_01418/simulation_explicit/pocket15/replica_1/CIMG_01418_prepared_Milbemycin_pocket15_complex_recombined_complex_explicit_initial_frame.pdb,/media/zhenli/datadrive/valleyfevermutation/simulation_100ns_md/CIMG_01418/simulation_explicit/pocket15/replica_1/CIMG_01418_prepared_Milbemycin_pocket15_complex_recombined_complex_explicit_trajectory.dcd,ok,,500,0.2000000005962811,100.00000029814058,True,4.501549998601227,3.5494038399274697,2.6068994005603106,11,5.2959517941392775,5.031912079794616,11,5.951913836492292,5.621125895588483,11,5.620454315207889,5.451407444450872,11,3.762704979755306,3.4358595613713905,11,500,0.2,20,"(18,20] ns","(70,100] ns",3.0,True,True,True,eligible_primary_cohort,0,2.071050475280419,-0.3314595212844029,-0.9874215636374171,2.8445080438905617,-0.16971845113761042,-0.7589322669314766
expanded_same_trajectory_v1,44,CIMG_01418|Milbemycin|pocket3|replica_1,CIMG_01418,Milbemycin,pocket3,replica_1,/media/zhenli/datadrive/valleyfevermutation/simulation_100ns_md/CIMG_01418/simulation_explicit/pocket3/replica_1/CIMG_01418_prepared_Milbemycin_pocket3_complex_recombined_complex_explicit_initial_frame.pdb,/media/zhenli/datadrive/valleyfevermutation/simulation_100ns_md/CIMG_01418/simulation_explicit/pocket3/replica_1/CIMG_01418_prepared_Milbemycin_pocket3_complex_recombined_complex_explicit_trajectory.dcd,ok,,500,0.2000000005962811,100.00000029814058,True,9.89660875518562,11.082346398323814,9.024269352919548,11,10.996116947104785,8.89145657696943,11,11.798621455680388,9.693675151188344,11,11.58614393572157,9.595440741935626,11,11.255749223557252,8.48099385068041,11,500,0.2,20,"(18,20] ns","(70,100] ns",3.0,True,True,True,eligible_primary_cohort,0,0.5037975373977552,-0.21247751995881892,-1.0149820285344227,0.5711713890160777,-0.09823440925271854,-0.9004529834716326
expanded_same_trajectory_v1,45,CIMG_01418|Milbemycin|pocket4|replica_1,CIMG_01418,Milbemycin,pocket4,replica_1,/media/zhenli/datadrive/valleyfevermutation/simulation_100ns_md/CIMG_01418/simulation_explicit/pocket4/replica_1/CIMG_01418_prepared_Milbemycin_pocket4_complex_recombined_complex_explicit_initial_frame.pdb,/media/zhenli/datadrive/valleyfevermutation/simulation_100ns_md/CIMG_01418/simulation_explicit/pocket4/replica_1/CIMG_01418_prepared_Milbemycin_pocket4_complex_recombined_complex_explicit_trajectory.dcd,ok,,500,0.2000000005962811,100.00000029814058,True,5.389188389282677,3.153786734151588,1.492155138689296,11,2.960530611220031,1.4066142429303612,11,3.047735121402718,1.2496429192624074,11,4.389274856848281,1.7720643956922593,11,4.481792161506284,1.4927549607957444,11,500,0.2,20,"(18,20] ns","(70,100] ns",3.0,True,True,True,eligible_primary_cohort,0,1.2354881226966925,1.3415397354455627,1.2543352252628757,0.2799092570029633,0.5224214764298518,0.6793928000978056
expanded_same_trajectory_v1,46,CIMG_06197|Milbemycin|pocket1|replica_1,CIMG_06197,Milbemycin,pocket1,replica_1,/media/zhenli/datadrive/valleyfevermutation/simulation_100ns_md/CIMG_06197/simulation_explicit/pocket1/replica_1/CIMG_06197_prepared_Milbemycin_pocket1_complex_recombined_complex_explicit_initial_frame.pdb,/media/zhenli/datadrive/valleyfevermutation/simulation_100ns_md/CIMG_06197/simulation_explicit/pocket1/replica_1/CIMG_06197_prepared_Milbemycin_pocket1_complex_recombined_complex_explicit_trajectory.dcd,ok,,500,0.2000000005962811,100.00000029814058,True,3.1438845979306427,1.7384714060105195,1.289622351350215,11,1.990555634805167,0.9924419561155328,11,2.2053243702604406,1.5456944979218554,11,2.464792272714168,2.095911509777372,11,3.315627017271002,2.762083771492897,11,500,0.2,20,"(18,20] ns","(70,100] ns",3.0,True,True,True,eligible_primary_cohort,0,0.7263208667036483,0.2594679024537272,0.044699166998453554,0.806289158427157,0.5502170118555165,-0.0030355299508061373
expanded_same_trajectory_v1,47,CIMG_06197|Milbemycin|pocket14|replica_1,CIMG_06197,Milbemycin,pocket14,replica_1,/media/zhenli/datadrive/valleyfevermutation/simulation_100ns_md/CIMG_06197/simulation_explicit/pocket14/replica_1/CIMG_06197_prepared_Milbemycin_pocket14_complex_recombined_complex_explicit_initial_frame.pdb,/media/zhenli/datadrive/valleyfevermutation/simulation_100ns_md/CIMG_06197/simulation_explicit/pocket14/replica_1/CIMG_06197_prepared_Milbemycin_pocket14_complex_recombined_complex_explicit_trajectory.dcd,ok,,500,0.2000000005962811,100.00000029814058,True,2.3028964098092755,2.1589816182261745,0.9893070705213785,11,1.812979392487941,1.0055626567098994,11,1.6782058533563693,1.026650571410253,11,1.928112150058097,1.5241646092091947,11,2.0809727526756765,1.6425469883832813,11,500,0.2,20,"(18,20] ns","(70,100] ns",3.0,True,True,True,eligible_primary_cohort,1,-0.2308694681680774,0.24990629670172781,0.38467983583329945,0.5348575386878163,0.49751403779894177,0.47642612309858823
expanded_same_trajectory_v1,48,CIMG_06197|Milbemycin|pocket15|replica_1,CIMG_06197,Milbemycin,pocket15,replica_1,/media/zhenli/datadrive/valleyfevermutation/simulation_100ns_md/CIMG_06197/simulation_explicit/pocket15/replica_1/CIMG_06197_prepared_Milbemycin_pocket15_complex_recombined_complex_explicit_initial_frame.pdb,/media/zhenli/datadrive/valleyfevermutation/simulation_100ns_md/CIMG_06197/simulation_explicit/pocket15/replica_1/CIMG_06197_prepared_Milbemycin_pocket15_complex_recombined_complex_explicit_trajectory.dcd,ok,,199,0.2000000005962811,39.800000118659945,False,,1.378981509798289,0.9774167382888256,11,2.0502252124817577,1.575098255586134,11,2.091580731791033,1.638119891218775,11,2.363707692335562,1.5851981309872902,11,1.9750665476424856,1.2851144258708664,11,500,0.2,20,"(18,20] ns","(70,100] ns",3.0,True,False,False,incomplete_0_100ns_dcd;missing_70_100ns_outcome,,0.9847261825372731,0.2721269605445289,0.2307714412352535,0.6077813926984647,-0.05292176023148487,-0.11594339586412605
expanded_same_trajectory_v1,49,CIMG_06197|Milbemycin|pocket2|replica_1,CIMG_06197,Milbemycin,pocket2,replica_1,/media/zhenli/datadrive/valleyfevermutation/simulation_100ns_md/CIMG_06197/simulation_explicit/pocket2/replica_1/CIMG_06197_prepared_Milbemycin_pocket2_complex_recombined_complex_explicit_initial_frame.pdb,/media/zhenli/datadrive/valleyfevermutation/simulation_100ns_md/CIMG_06197/simulation_explicit/pocket2/replica_1/CIMG_06197_prepared_Milbemycin_pocket2_complex_recombined_complex_explicit_trajectory.dcd,ok,,500,0.2000000005962811,100.00000029814058,True,4.035969942671128,5.005908389185887,4.0310536559216645,11,2.887660900595251,2.576222887989299,11,3.0779838524404317,2.885004586893092,11,3.414620216351283,3.2465691737691613,11,4.125175336559912,3.90601584921461,11,500,0.2,20,"(18,20] ns","(70,100] ns",3.0,True,True,True,eligible_primary_cohort,0,-1.591288172834604,0.33663636391085117,0.1463134120656706,-0.7844844821525032,0.3615645868760695,0.052782887972276704
expanded_same_trajectory_v1,50,CIMG_06197|Milbemycin|pocket3|replica_1,CIMG_06197,Milbemycin,pocket3,replica_1,/media/zhenli/datadrive/valleyfevermutation/simulation_100ns_md/CIMG_06197/simulation_explicit/pocket3/replica_1/CIMG_06197_prepared_Milbemycin_pocket3_complex_recombined_complex_explicit_initial_frame.pdb,/media/zhenli/datadrive/valleyfevermutation/simulation_100ns_md/CIMG_06197/simulation_explicit/pocket3/replica_1/CIMG_06197_prepared_Milbemycin_pocket3_complex_recombined_complex_explicit_trajectory.dcd,ok,,500,0.2000000005962811,100.00000029814058,True,12.450878584237955,4.504151489280778,3.000356209644336,11,4.658717343635963,3.190228816016244,11,6.949237573095538,4.227925524143414,11,6.5516273933096665,3.667914205063229,11,11.073663041901108,8.730100829682884,11,500,0.2,20,"(18,20] ns","(70,100] ns",3.0,True,True,True,eligible_primary_cohort,0,2.0474759040288886,-0.39761017978587176,-2.6881304092454474,0.667557995418893,-0.5600113190801848,-1.5977080272073545
expanded_same_trajectory_v1,51,CIMG_06197|Milbemycin|pocket9|replica_1,CIMG_06197,Milbemycin,pocket9,replica_1,/media/zhenli/datadrive/valleyfevermutation/simulation_100ns_md/CIMG_06197/simulation_explicit/pocket9/replica_1/CIMG_06197_prepared_Milbemycin_pocket9_complex_recombined_complex_explicit_initial_frame.pdb,/media/zhenli/datadrive/valleyfevermutation/simulation_100ns_md/CIMG_06197/simulation_explicit/pocket9/replica_1/CIMG_06197_prepared_Milbemycin_pocket9_complex_recombined_complex_explicit_trajectory.dcd,ok,,500,0.2000000005962811,100.00000029814058,True,3.6903260330070338,2.465141812605374,1.5820093132509383,11,2.298300477447452,1.381403595703121,11,2.8873416452400846,2.0305010191572097,11,2.435892258006875,1.5524945300079844,11,2.709941455690565,1.9195571462321424,11,500,0.2,20,"(18,20] ns","(70,100] ns",3.0,True,True,True,eligible_primary_cohort,0,-0.029249554598499206,-0.4514493872332097,-1.0404905550258423,-0.029514783242953868,-0.4780064891492253,-1.127103912603314
expanded_same_trajectory_v1,52,CIMG_09093|Milbemycin|pocket1|replica_1,CIMG_09093,Milbemycin,pocket1,replica_1,/media/zhenli/datadrive/valleyfevermutation/simulation_100ns_md/CIMG_09093/simulation_explicit/pocket1/replica_1/CIMG_09093_prepared_Milbemycin_pocket1_complex_recombined_complex_explicit_initial_frame.pdb,/media/zhenli/datadrive/valleyfevermutation/simulation_100ns_md/CIMG_09093/simulation_explicit/pocket1/replica_1/CIMG_09093_prepared_Milbemycin_pocket1_complex_recombined_complex_explicit_trajectory.dcd,ok,,500,0.2000000005962811,100.00000029814058,True,6.181219664890055,3.5028374176745087,1.1670848247752477,11,4.926618218183179,3.284909828179727,11,5.4264303600964805,2.959462584872788,11,3.7510384086001456,1.857835679715083,11,6.229521952139465,3.2922442622028054,11,500,0.2,20,"(18,20] ns","(70,100] ns",3.0,True,True,True,eligible_primary_cohort,0,0.24820099092563686,-1.675391951496335,-2.175204093409637,0.6907508549398353,-1.1016269051577048,-0.7761796618507657
expanded_same_trajectory_v1,53,CIMG_09093|Milbemycin|pocket12|replica_1,CIMG_09093,Milbemycin,pocket12,replica_1,/media/zhenli/datadrive/valleyfevermutation/simulation_100ns_md/CIMG_09093/simulation_explicit/pocket12/replica_1/CIMG_09093_prepared_Milbemycin_pocket12_complex_recombined_complex_explicit_initial_frame.pdb,/media/zhenli/datadrive/valleyfevermutation/simulation_100ns_md/CIMG_09093/simulation_explicit/pocket12/replica_1/CIMG_09093_prepared_Milbemycin_pocket12_complex_recombined_complex_explicit_trajectory.dcd,ok,,500,0.2000000005962811,100.00000029814058,True,4.030903654916273,4.150887934352874,2.976480130260046,11,4.2792277072164895,2.055925037445027,11,4.185784963274931,1.5060402951262917,11,3.948576110272795,1.3777409889486292,11,4.148014364771258,1.71799577063846,11,500,0.2,20,"(18,20] ns","(70,100] ns",3.0,True,True,True,eligible_primary_cohort,0,-0.2023118240800792,-0.2372088530021359,-0.1437661090605773,-1.5987391413114167,-0.1282993061776625,0.4215854361410727
expanded_same_trajectory_v1,54,CIMG_09093|Milbemycin|pocket13|replica_1,CIMG_09093,Milbemycin,pocket13,replica_1,/media/zhenli/datadrive/valleyfevermutation/simulation_100ns_md/CIMG_09093/simulation_explicit/pocket13/replica_1/CIMG_09093_prepared_Milbemycin_pocket13_complex_recombined_complex_explicit_initial_frame.pdb,/media/zhenli/datadrive/valleyfevermutation/simulation_100ns_md/CIMG_09093/simulation_explicit/pocket13/replica_1/CIMG_09093_prepared_Milbemycin_pocket13_complex_recombined_complex_explicit_trajectory.dcd,ok,,500,0.2000000005962811,100.00000029814058,True,14.699467978834884,3.470371968103311,3.036836376724516,11,3.780804144706112,2.914847428735911,11,4.304864320602032,2.616873358094292,11,5.019953208248855,2.3186879774581146,11,4.759273121649788,2.2787410091741536,11,500,0.2,20,"(18,20] ns","(70,100] ns",3.0,True,True,True,eligible_primary_cohort,0,1.5495812401455438,0.7150888876468224,0.19102871175090197,-0.7181483992664015,-0.2981853806361774,-0.00021130999455820643
expanded_same_trajectory_v1,55,CIMG_09093|Milbemycin|pocket3|replica_1,CIMG_09093,Milbemycin,pocket3,replica_1,/media/zhenli/datadrive/valleyfevermutation/simulation_100ns_md/CIMG_09093/simulation_explicit/pocket3/replica_1/CIMG_09093_prepared_Milbemycin_pocket3_complex_recombined_complex_explicit_initial_frame.pdb,/media/zhenli/datadrive/valleyfevermutation/simulation_100ns_md/CIMG_09093/simulation_explicit/pocket3/replica_1/CIMG_09093_prepared_Milbemycin_pocket3_complex_recombined_complex_explicit_trajectory.dcd,ok,,500,0.2000000005962811,100.00000029814058,True,3.42716559625876,2.774722593847676,1.79314118936296,11,3.331179770901802,1.969280007561803,11,3.2173324373801,1.7288505778770968,11,3.1395466820001734,1.7729557372638942,11,2.868499385608534,1.821101782564376,11,500,0.2,20,"(18,20] ns","(70,100] ns",3.0,True,True,True,eligible_primary_cohort,0,0.36482408815249734,-0.0777857553799266,0.03606157814177546,-0.02018545209906586,0.04410515938679738,0.28453458907150364
expanded_same_trajectory_v1,56,MDR1_CRYNH|Milbemycin|pocket12|replica_1,MDR1_CRYNH,Milbemycin,pocket12,replica_1,/media/zhenli/datadrive/valleyfevermutation/simulation_100ns_md/MDR1_CRYNH/simulation_explicit/pocket12/replica_1/MDR1_CRYNH_prepared_Milbemycin_pocket12_complex_recombined_complex_explicit_initial_frame.pdb,/media/zhenli/datadrive/valleyfevermutation/simulation_100ns_md/MDR1_CRYNH/simulation_explicit/pocket12/replica_1/MDR1_CRYNH_prepared_Milbemycin_pocket12_complex_recombined_complex_explicit_trajectory.dcd,ok,,116,0.2000000005962811,23.200000069168613,False,,1.8158758972173887,1.4989473333767662,11,4.301741009626557,3.153746337117926,11,3.4451152925925403,1.8927579854358023,11,3.0243874475539454,1.5636398717897122,11,,,0,500,0.2,20,"(18,20] ns","(70,100] ns",3.0,False,False,False,incomplete_0_100ns_dcd;missing_pre20ns_feature;missing_70_100ns_outcome,,1.2085115503365567,-0.42072784503859495,0.43589787199542185,0.06469253841294598,-0.3291181136460901,0.9318702380360335
expanded_same_trajectory_v1,57,MDR1_CRYNH|Milbemycin|pocket13|replica_1,MDR1_CRYNH,Milbemycin,pocket13,replica_1,/media/zhenli/datadrive/valleyfevermutation/simulation_100ns_md/MDR1_CRYNH/simulation_explicit/pocket13/replica_1/MDR1_CRYNH_prepared_Milbemycin_pocket13_complex_recombined_complex_explicit_initial_frame.pdb,/media/zhenli/datadrive/valleyfevermutation/simulation_100ns_md/MDR1_CRYNH/simulation_explicit/pocket13/replica_1/MDR1_CRYNH_prepared_Milbemycin_pocket13_complex_recombined_complex_explicit_trajectory.dcd,ok,,500,0.2000000005962811,100.00000029814058,True,3.2074694701240114,2.5126648814757244,2.053339896818393,11,3.150689133171096,2.706535570742417,11,3.1564066801036805,2.2769231176583578,11,3.107540161865927,2.255727697081559,11,3.388868314590288,2.65784345209808,11,500,0.2,20,"(18,20] ns","(70,100] ns",3.0,True,True,True,eligible_primary_cohort,0,0.5948752803902027,-0.048866518237753453,-0.0545840651703382,0.20238780026316583,-0.021195420576798796,0.40841703250726047
expanded_same_trajectory_v1,58,MDR1_TRIRC|Milbemycin|pocket11|replica_1,MDR1_TRIRC,Milbemycin,pocket11,replica_1,/media/zhenli/datadrive/valleyfevermutation/simulation_100ns_md/MDR1_TRIRC/simulation_explicit/pocket11/replica_1/MDR1_TRIRC_prepared_Milbemycin_pocket11_complex_recombined_complex_explicit_initial_frame.pdb,/media/zhenli/datadrive/valleyfevermutation/simulation_100ns_md/MDR1_TRIRC/simulation_explicit/pocket11/replica_1/MDR1_TRIRC_prepared_Milbemycin_pocket11_complex_recombined_complex_explicit_trajectory.dcd,ok,,500,0.2000000005962811,100.00000029814058,True,16.61557668140262,2.3719853729705767,0.9985531218395228,11,3.532398164357748,2.533737889415212,11,2.9740042578583465,2.2375936909287617,11,10.911258606322864,10.046786608176738,11,15.468744455474983,14.432347447002837,11,500,0.2,20,"(18,20] ns","(70,100] ns",3.0,True,True,True,eligible_primary_cohort,0,8.539273233352286,7.937254348464517,8.495648254963918,9.048233486337216,7.809192917247977,8.105337115734427
expanded_same_trajectory_v1,59,MDR1_TRIRC|Milbemycin|pocket15|replica_1,MDR1_TRIRC,Milbemycin,pocket15,replica_1,/media/zhenli/datadrive/valleyfevermutation/simulation_100ns_md/MDR1_TRIRC/simulation_explicit/pocket15/replica_1/MDR1_TRIRC_prepared_Milbemycin_pocket15_complex_recombined_complex_explicit_initial_frame.pdb,/media/zhenli/datadrive/valleyfevermutation/simulation_100ns_md/MDR1_TRIRC/simulation_explicit/pocket15/replica_1/MDR1_TRIRC_prepared_Milbemycin_pocket15_complex_recombined_complex_explicit_trajectory.dcd,ok,,500,0.2000000005962811,100.00000029814058,True,75.93363061428128,3.289039399175804,2.1274042813996843,11,2.998965673991509,2.048413119908505,11,7.165141356875517,5.531762701732284,11,9.025626812562498,7.12961640171386,11,31.109224316278016,30.40648932232814,11,500,0.2,20,"(18,20] ns","(70,100] ns",3.0,True,True,True,eligible_primary_cohort,0,5.736587413386694,1.8604854556869812,-2.3056902271970268,5.002212120314176,1.5978536999815756,-1.8854958818422038
expanded_same_trajectory_v1,60,MDR1_TRIRC|Milbemycin|pocket3|replica_1,MDR1_TRIRC,Milbemycin,pocket3,replica_1,/media/zhenli/datadrive/valleyfevermutation/simulation_100ns_md/MDR1_TRIRC/simulation_explicit/pocket3/replica_1/MDR1_TRIRC_prepared_Milbemycin_pocket3_complex_recombined_complex_explicit_initial_frame.pdb,/media/zhenli/datadrive/valleyfevermutation/simulation_100ns_md/MDR1_TRIRC/simulation_explicit/pocket3/replica_1/MDR1_TRIRC_prepared_Milbemycin_pocket3_complex_recombined_complex_explicit_trajectory.dcd,ok,,500,0.2000000005962811,100.00000029814058,True,3.505468277238205,5.213447162807214,3.678006615036404,11,3.281967600133484,2.696590959425108,11,3.8596225710459593,2.788294037818559,11,3.172357441725916,2.592012755062086,11,3.6090716107640968,3.166464292872628,11,500,0.2,20,"(18,20] ns","(70,100] ns",3.0,True,True,True,eligible_primary_cohort,0,-2.041089721081298,-0.6872651293200431,-1.2649201002325183,-1.0859938599743177,-0.19628128275647283,-0.287984361149924
expanded_same_trajectory_v1,61,MDR1_TRIRC|Milbemycin|pocket4|replica_1,MDR1_TRIRC,Milbemycin,pocket4,replica_1,/media/zhenli/datadrive/valleyfevermutation/simulation_100ns_md/MDR1_TRIRC/simulation_explicit/pocket4/replica_1/MDR1_TRIRC_prepared_Milbemycin_pocket4_complex_recombined_complex_explicit_initial_frame.pdb,/media/zhenli/datadrive/valleyfevermutation/simulation_100ns_md/MDR1_TRIRC/simulation_explicit/pocket4/replica_1/MDR1_TRIRC_prepared_Milbemycin_pocket4_complex_recombined_complex_explicit_trajectory.dcd,ok,,402,0.2000000005962811,80.40000023970502,False,2.616304061321458,1.166363846726307,0.8180016863378434,11,1.920830619339348,1.1507644364198832,11,2.0127036850067888,1.0839196361145993,11,2.142733954623982,1.2867388040238388,11,2.046173091282428,1.1782725121344328,11,500,0.2,20,"(18,20] ns","(70,100] ns",3.0,True,True,False,incomplete_0_100ns_dcd,,0.9763701078976748,0.1300302696171931,0.038157203949752416,0.46873711768599535,0.20281916790923948,0.26966396821452343
expanded_same_trajectory_v1,62,MDR1_TRIRC|Milbemycin|pocket7|replica_1,MDR1_TRIRC,Milbemycin,pocket7,replica_1,/media/zhenli/datadrive/valleyfevermutation/simulation_100ns_md/MDR1_TRIRC/simulation_explicit/pocket7/replica_1/MDR1_TRIRC_prepared_Milbemycin_pocket7_complex_recombined_complex_explicit_initial_frame.pdb,/media/zhenli/datadrive/valleyfevermutation/simulation_100ns_md/MDR1_TRIRC/simulation_explicit/pocket7/replica_1/MDR1_TRIRC_prepared_Milbemycin_pocket7_complex_recombined_complex_explicit_trajectory.dcd,ok,,500,0.2000000005962811,100.00000029814058,True,5.563144782413649,3.3994910677949446,2.697149204149063,11,3.406662923291906,2.904011999001306,11,3.787715547999272,2.250943454707467,11,3.6897890507857287,2.7608839489373174,11,3.7022088593529943,1.931814088385417,11,500,0.2,20,"(18,20] ns","(70,100] ns",3.0,True,True,True,eligible_primary_cohort,0,0.29029798299078413,-0.0979264972135434,-0.47897912192090963,0.06373474478825436,0.5099404942298502,1.1630090385236889
expanded_same_trajectory_v1,63,MDR1_TRIRC|Milbemycin|pocket8|replica_1,MDR1_TRIRC,Milbemycin,pocket8,replica_1,/media/zhenli/datadrive/valleyfevermutation/simulation_100ns_md/MDR1_TRIRC/simulation_explicit/pocket8/replica_1/MDR1_TRIRC_prepared_Milbemycin_pocket8_complex_recombined_complex_explicit_initial_frame.pdb,/media/zhenli/datadrive/valleyfevermutation/simulation_100ns_md/MDR1_TRIRC/simulation_explicit/pocket8/replica_1/MDR1_TRIRC_prepared_Milbemycin_pocket8_complex_recombined_complex_explicit_trajectory.dcd,ok,,500,0.2000000005962811,100.00000029814058,True,4.978039737002523,1.9163067061387808,1.5030651505812096,11,3.907549358529468,2.311566892985937,11,4.954894400987572,2.9542366323998888,11,4.433181279944254,2.6301801062083645,11,4.362185131047755,2.0052694494560432,11,500,0.2,20,"(18,20] ns","(70,100] ns",3.0,True,True,True,eligible_primary_cohort,0,2.516874573805473,-0.5217131210433186,-1.5690581635014231,1.127114955627155,-0.32405652619152425,-0.9667262656054758
expanded_same_trajectory_v1,64,MDR2_TRIRC|Milbemycin|pocket10|replica_1,MDR2_TRIRC,Milbemycin,pocket10,replica_1,/media/zhenli/datadrive/valleyfevermutation/simulation_100ns_md/MDR2_TRIRC/simulation_explicit/pocket10/replica_1/MDR2_TRIRC_prepared_Milbemycin_pocket10_complex_recombined_complex_explicit_initial_frame.pdb,/media/zhenli/datadrive/valleyfevermutation/simulation_100ns_md/MDR2_TRIRC/simulation_explicit/pocket10/replica_1/MDR2_TRIRC_prepared_Milbemycin_pocket10_complex_recombined_complex_explicit_trajectory.dcd,ok,,500,0.2000000005962811,100.00000029814058,True,10.253098560137246,2.88774198959192,1.3830860769849502,11,8.192513316445137,5.993775538035012,11,8.087929857293448,5.686364664247981,11,7.609931356366726,5.192552959653025,11,8.38863085350596,6.282524474077846,11,500,0.2,20,"(18,20] ns","(70,100] ns",3.0,True,True,True,eligible_primary_cohort,0,4.722189366774806,-0.4779985009267218,-0.3734150417750328,3.809466882668074,-0.4938117045949566,-0.18640083080792547
expanded_same_trajectory_v1,65,MDR2_TRIRC|Milbemycin|pocket14|replica_1,MDR2_TRIRC,Milbemycin,pocket14,replica_1,/media/zhenli/datadrive/valleyfevermutation/simulation_100ns_md/MDR2_TRIRC/simulation_explicit/pocket14/replica_1/MDR2_TRIRC_prepared_Milbemycin_pocket14_complex_recombined_complex_explicit_initial_frame.pdb,/media/zhenli/datadrive/valleyfevermutation/simulation_100ns_md/MDR2_TRIRC/simulation_explicit/pocket14/replica_1/MDR2_TRIRC_prepared_Milbemycin_pocket14_complex_recombined_complex_explicit_trajectory.dcd,ok,,500,0.2000000005962811,100.00000029814058,True,9.20418109925453,5.002582543195939,3.7934011756588735,11,4.947250247086027,2.686416384361429,11,5.627778578033248,2.953570815599731,11,8.150501080497676,4.623834663177495,11,4.705447339626992,2.436973618397992,11,500,0.2,20,"(18,20] ns","(70,100] ns",3.0,True,True,True,eligible_primary_cohort,0,3.147918537301737,2.522722502464428,1.8421941715172068,0.8304334875186212,1.6702638475777638,1.4031094163394617
expanded_same_trajectory_v1,66,MDR2_TRIRC|Milbemycin|pocket15|replica_1,MDR2_TRIRC,Milbemycin,pocket15,replica_1,/media/zhenli/datadrive/valleyfevermutation/simulation_100ns_md/MDR2_TRIRC/simulation_explicit/pocket15/replica_1/MDR2_TRIRC_prepared_Milbemycin_pocket15_complex_recombined_complex_explicit_initial_frame.pdb,/media/zhenli/datadrive/valleyfevermutation/simulation_100ns_md/MDR2_TRIRC/simulation_explicit/pocket15/replica_1/MDR2_TRIRC_prepared_Milbemycin_pocket15_complex_recombined_complex_explicit_trajectory.dcd,ok,,500,0.2000000005962811,100.00000029814058,True,4.98934500055102,4.678762627723042,4.184931027748214,11,6.547841795226703,5.0838730898438405,11,4.782337910348192,4.5053043350391055,11,6.016523787380851,5.785572739374694,11,6.679675415412296,6.472205934300229,11,500,0.2,20,"(18,20] ns","(70,100] ns",3.0,True,True,True,eligible_primary_cohort,0,1.3377611596578083,1.234185877032659,2.9996897619111706,1.60064171162648,1.2802684043355885,1.8588371591403234
expanded_same_trajectory_v1,67,MDR2_TRIRC|Milbemycin|pocket3|replica_1,MDR2_TRIRC,Milbemycin,pocket3,replica_1,/media/zhenli/datadrive/valleyfevermutation/simulation_100ns_md/MDR2_TRIRC/simulation_explicit/pocket3/replica_1/MDR2_TRIRC_prepared_Milbemycin_pocket3_complex_recombined_complex_explicit_initial_frame.pdb,/media/zhenli/datadrive/valleyfevermutation/simulation_100ns_md/MDR2_TRIRC/simulation_explicit/pocket3/replica_1/MDR2_TRIRC_prepared_Milbemycin_pocket3_complex_recombined_complex_explicit_trajectory.dcd,ok,,500,0.2000000005962811,100.00000029814058,True,4.049449352105315,4.594043673663492,3.1828979921221103,11,3.692794270941928,1.6398837194799567,11,3.985595841193323,2.0143067060084188,11,3.4840362124695257,1.545210148573633,11,3.5415927863182146,1.7586769999959684,11,500,0.2,20,"(18,20] ns","(70,100] ns",3.0,True,True,True,eligible_primary_cohort,0,-1.1100074611939665,-0.5015596287237973,-0.7943611989751922,-1.6376878435484774,-0.46909655743478584,-0.8435195439632479
expanded_same_trajectory_v1,68,MDR2_TRIRC|Milbemycin|pocket9|replica_1,MDR2_TRIRC,Milbemycin,pocket9,replica_1,/media/zhenli/datadrive/valleyfevermutation/simulation_100ns_md/MDR2_TRIRC/simulation_explicit/pocket9/replica_1/MDR2_TRIRC_prepared_Milbemycin_pocket9_complex_recombined_complex_explicit_initial_frame.pdb,/media/zhenli/datadrive/valleyfevermutation/simulation_100ns_md/MDR2_TRIRC/simulation_explicit/pocket9/replica_1/MDR2_TRIRC_prepared_Milbemycin_pocket9_complex_recombined_complex_explicit_trajectory.dcd,ok,,500,0.2000000005962811,100.00000029814058,True,4.618221339050738,3.176077596523346,1.5554947665968142,11,3.368004244759278,1.420807014770215,11,3.90813896108863,2.02552370808821,11,4.324496179065093,2.554788503161565,11,3.7874773323207775,1.890836425445456,11,500,0.2,20,"(18,20] ns","(70,100] ns",3.0,True,True,True,eligible_primary_cohort,0,1.1484185825417472,0.4163572179764632,-0.12377749835288876,0.999293736564751,0.5292647950733551,-0.07545189824463994
expanded_same_trajectory_v1,69,PDH1_CANGA|Milbemycin|pocket12|replica_1,PDH1_CANGA,Milbemycin,pocket12,replica_1,/media/zhenli/datadrive/valleyfevermutation/simulation_100ns_md/PDH1_CANGA/simulation_explicit/pocket12/replica_1/PDH1_CANGA_prepared_Milbemycin_pocket12_complex_recombined_complex_explicit_initial_frame.pdb,/media/zhenli/datadrive/valleyfevermutation/simulation_100ns_md/PDH1_CANGA/simulation_explicit/pocket12/replica_1/PDH1_CANGA_prepared_Milbemycin_pocket12_complex_recombined_complex_explicit_trajectory.dcd,ok,,500,0.2000000005962811,100.00000029814058,True,5.074490168464962,2.4872374733232,1.7950454071498063,11,2.7184367962090423,1.906700139446553,11,2.5322312062847327,1.7006967232864,11,2.684734047688632,1.8157961546509973,11,2.014929587917751,1.307537109625735,11,500,0.2,20,"(18,20] ns","(70,100] ns",3.0,True,True,True,eligible_primary_cohort,0,0.19749657436543178,0.15250284140389914,0.3387084313282087,0.02075074750119099,0.11509943136459722,0.32110284752475016
expanded_same_trajectory_v1,70,PDH1_CANGA|Milbemycin|pocket13|replica_1,PDH1_CANGA,Milbemycin,pocket13,replica_1,/media/zhenli/datadrive/valleyfevermutation/simulation_100ns_md/PDH1_CANGA/simulation_explicit/pocket13/replica_1/PDH1_CANGA_prepared_Milbemycin_pocket13_complex_recombined_complex_explicit_initial_frame.pdb,/media/zhenli/datadrive/valleyfevermutation/simulation_100ns_md/PDH1_CANGA/simulation_explicit/pocket13/replica_1/PDH1_CANGA_prepared_Milbemycin_pocket13_complex_recombined_complex_explicit_trajectory.dcd,ok,,166,0.2000000005962811,33.20000009898267,False,,0.9834432326018148,0.7294443784905276,11,1.1779866982984697,0.8216896983327545,11,1.9156562098504368,1.4567979690347457,11,2.005727388881376,1.420756684407776,11,2.5422795974958943,2.0748776798568245,11,500,0.2,20,"(18,20] ns","(70,100] ns",3.0,True,False,False,incomplete_0_100ns_dcd;missing_70_100ns_outcome,,1.022284156279561,0.09007117903093897,-0.6475983325210282,0.6913123059172483,-0.03604128462696976,-0.6711495553289609
expanded_same_trajectory_v1,71,PDH1_CANGA|Milbemycin|pocket2|replica_1,PDH1_CANGA,Milbemycin,pocket2,replica_1,/media/zhenli/datadrive/valleyfevermutation/simulation_100ns_md/PDH1_CANGA/simulation_explicit/pocket2/replica_1/PDH1_CANGA_prepared_Milbemycin_pocket2_complex_recombined_complex_explicit_initial_frame.pdb,/media/zhenli/datadrive/valleyfevermutation/simulation_100ns_md/PDH1_CANGA/simulation_explicit/pocket2/replica_1/PDH1_CANGA_prepared_Milbemycin_pocket2_complex_recombined_complex_explicit_trajectory.dcd,ok,,500,0.2000000005962811,100.00000029814058,True,2.2617640533875143,2.074984139854305,1.5489841083725266,11,2.449779021702313,1.983468416373177,11,2.399125033834606,2.04270669123783,11,2.2485570361570706,1.9375232870798391,11,3.0653230013016146,2.8657583763304912,11,500,0.2,20,"(18,20] ns","(70,100] ns",3.0,True,True,True,eligible_primary_cohort,1,0.1735728963027654,-0.15056799767753537,-0.09991400980982812,0.38853917870731247,-0.10518340415799088,-0.16442167902264382
expanded_same_trajectory_v1,72,PDH1_CANGA|Milbemycin|pocket3|replica_1,PDH1_CANGA,Milbemycin,pocket3,replica_1,/media/zhenli/datadrive/valleyfevermutation/simulation_100ns_md/PDH1_CANGA/simulation_explicit/pocket3/replica_1/PDH1_CANGA_prepared_Milbemycin_pocket3_complex_recombined_complex_explicit_initial_frame.pdb,/media/zhenli/datadrive/valleyfevermutation/simulation_100ns_md/PDH1_CANGA/simulation_explicit/pocket3/replica_1/PDH1_CANGA_prepared_Milbemycin_pocket3_complex_recombined_complex_explicit_trajectory.dcd,ok,,500,0.2000000005962811,100.00000029814058,True,4.099049549203127,1.3004105861021196,0.6569007718529062,11,3.826781339471883,2.6507277801715774,11,3.763226680650548,2.3593802996029467,11,3.898964115900833,2.6627724416413368,11,3.497319554164393,1.8000608377905591,11,500,0.2,20,"(18,20] ns","(70,100] ns",3.0,True,True,True,eligible_primary_cohort,0,2.5985535297987132,0.13573743525028492,0.19929209407162007,2.0058716697884305,0.30339214203839004,0.5947396226070207
expanded_same_trajectory_v1,73,PDH1_CANGA|Milbemycin|pocket7|replica_1,PDH1_CANGA,Milbemycin,pocket7,replica_1,/media/zhenli/datadrive/valleyfevermutation/simulation_100ns_md/PDH1_CANGA/simulation_explicit/pocket7/replica_1/PDH1_CANGA_prepared_Milbemycin_pocket7_complex_recombined_complex_explicit_initial_frame.pdb,/media/zhenli/datadrive/valleyfevermutation/simulation_100ns_md/PDH1_CANGA/simulation_explicit/pocket7/replica_1/PDH1_CANGA_prepared_Milbemycin_pocket7_complex_recombined_complex_explicit_trajectory.dcd,ok,,500,0.2000000005962811,100.00000029814058,True,2.747346027467093,1.560774068664048,1.297177216703985,11,4.355392991247225,3.314404552490173,11,4.678405598172343,3.581566970569851,11,4.402416724851323,3.272380360705061,11,3.4600839232996035,2.216827203634324,11,500,0.2,20,"(18,20] ns","(70,100] ns",3.0,True,True,True,eligible_primary_cohort,1,2.8416426561872745,-0.27598887332102073,-0.5990014802461392,1.975203144001076,-0.3091866098647902,-0.5763490279444685
expanded_same_trajectory_v1,74,PDR5_YEAST|Milbemycin|pocket11|replica_1,PDR5_YEAST,Milbemycin,pocket11,replica_1,/media/zhenli/datadrive/valleyfevermutation/simulation_100ns_md/PDR5_YEAST/simulation_explicit/pocket11/replica_1/PDR5_YEAST_prepared_Milbemycin_pocket11_complex_recombined_complex_explicit_initial_frame.pdb,/media/zhenli/datadrive/valleyfevermutation/simulation_100ns_md/PDR5_YEAST/simulation_explicit/pocket11/replica_1/PDR5_YEAST_prepared_Milbemycin_pocket11_complex_recombined_complex_explicit_trajectory.dcd,ok,,500,0.2000000005962811,100.00000029814058,True,5.660611157157036,4.71369438289242,2.301312045935639,11,4.158329534530803,2.674425605610222,11,7.86712707494359,3.838208418496514,11,3.692892406278204,2.3213754386996865,11,5.844566423206529,2.459450795646129,11,500,0.2,20,"(18,20] ns","(70,100] ns",3.0,True,True,True,eligible_primary_cohort,0,-1.0208019766142162,-4.174234668665386,-7.8830322090781735,0.02006339276404745,-1.5168329797968276,-2.68061579268312
expanded_same_trajectory_v1,75,PDR5_YEAST|Milbemycin|pocket14|replica_1,PDR5_YEAST,Milbemycin,pocket14,replica_1,/media/zhenli/datadrive/valleyfevermutation/simulation_100ns_md/PDR5_YEAST/simulation_explicit/pocket14/replica_1/PDR5_YEAST_prepared_Milbemycin_pocket14_complex_recombined_complex_explicit_initial_frame.pdb,/media/zhenli/datadrive/valleyfevermutation/simulation_100ns_md/PDR5_YEAST/simulation_explicit/pocket14/replica_1/PDR5_YEAST_prepared_Milbemycin_pocket14_complex_recombined_complex_explicit_trajectory.dcd,ok,,164,0.2000000005962811,32.80000009779011,False,,1.619967655528775,1.4278838439720696,11,1.9349411236302243,1.7421293863588243,11,1.883247902213537,1.6879290753731888,11,1.804381007177464,1.6642609238192712,11,1.9352595215614017,1.663406551740278,11,500,0.2,20,"(18,20] ns","(70,100] ns",3.0,True,False,False,incomplete_0_100ns_dcd;missing_70_100ns_outcome,,0.184413351648689,-0.07886689503607314,-0.02717367361938594,0.23637707984720158,-0.02366815155391766,0.03053215943171783
expanded_same_trajectory_v1,76,PDR5_YEAST|Milbemycin|pocket15|replica_1,PDR5_YEAST,Milbemycin,pocket15,replica_1,/media/zhenli/datadrive/valleyfevermutation/simulation_100ns_md/PDR5_YEAST/simulation_explicit/pocket15/replica_1/PDR5_YEAST_prepared_Milbemycin_pocket15_complex_recombined_complex_explicit_initial_frame.pdb,/media/zhenli/datadrive/valleyfevermutation/simulation_100ns_md/PDR5_YEAST/simulation_explicit/pocket15/replica_1/PDR5_YEAST_prepared_Milbemycin_pocket15_complex_recombined_complex_explicit_trajectory.dcd,ok,,500,0.2000000005962811,100.00000029814058,True,2.6892047359802707,1.6193112316293743,1.21523408585693,11,1.8259817727848024,1.4758199400325902,11,1.724796226591016,1.3957111216256592,11,1.9797538889423056,1.634574364660608,11,1.6574083826899568,1.2311090119079977,11,500,0.2,20,"(18,20] ns","(70,100] ns",3.0,True,True,True,eligible_primary_cohort,1,0.36044265731293135,0.2549576623512897,0.3561432085450762,0.41934027880367797,0.23886324303494866,0.3189720614418796
expanded_same_trajectory_v1,77,PDR5_YEAST|Milbemycin|pocket9|replica_1,PDR5_YEAST,Milbemycin,pocket9,replica_1,/media/zhenli/datadrive/valleyfevermutation/simulation_100ns_md/PDR5_YEAST/simulation_explicit/pocket9/replica_1/PDR5_YEAST_prepared_Milbemycin_pocket9_complex_recombined_complex_explicit_initial_frame.pdb,/media/zhenli/datadrive/valleyfevermutation/simulation_100ns_md/PDR5_YEAST/simulation_explicit/pocket9/replica_1/PDR5_YEAST_prepared_Milbemycin_pocket9_complex_recombined_complex_explicit_trajectory.dcd,ok,,500,0.2000000005962811,100.00000029814058,True,7.055218625964885,1.1177899304507706,0.7794950744681247,11,1.5116088736983848,0.7876168731929091,11,1.6915366467773134,0.9346280189592094,11,1.382596290528573,0.6557133454435019,11,1.4750620933246188,0.8796716237024576,11,500,0.2,20,"(18,20] ns","(70,100] ns",3.0,True,True,True,eligible_primary_cohort,0,0.26480636007780234,-0.3089403562487405,-0.4888681293276691,-0.12378172902462281,-0.27891467351570753,-0.4259258192820079
expanded_same_trajectory_v1,78,SNQ2_CANGA|Milbemycin|pocket2|replica_1,SNQ2_CANGA,Milbemycin,pocket2,replica_1,/media/zhenli/datadrive/valleyfevermutation/simulation_100ns_md/SNQ2_CANGA/simulation_explicit/pocket2/replica_1/SNQ2_CANGA_prepared_Milbemycin_pocket2_complex_recombined_complex_explicit_initial_frame.pdb,/media/zhenli/datadrive/valleyfevermutation/simulation_100ns_md/SNQ2_CANGA/simulation_explicit/pocket2/replica_1/SNQ2_CANGA_prepared_Milbemycin_pocket2_complex_recombined_complex_explicit_trajectory.dcd,ok,,500,0.2000000005962811,100.00000029814058,True,3.068583781028972,1.716492649303344,1.2983696144551289,11,2.4676355667270715,2.1695345829449084,11,2.353855423785086,1.8386225323751304,11,2.444166011954077,2.207693236551516,11,2.296197292410588,1.9830006644269051,11,500,0.2,20,"(18,20] ns","(70,100] ns",3.0,True,True,True,eligible_primary_cohort,0,0.7276733626507328,0.09031058816899096,0.20409073111097653,0.9093236220963872,0.36907070417638566,0.6999827547461637
expanded_same_trajectory_v1,79,SNQ2_CANGA|Milbemycin|pocket4|replica_1,SNQ2_CANGA,Milbemycin,pocket4,replica_1,/media/zhenli/datadrive/valleyfevermutation/simulation_100ns_md/SNQ2_CANGA/simulation_explicit/pocket4/replica_1/SNQ2_CANGA_prepared_Milbemycin_pocket4_complex_recombined_complex_explicit_initial_frame.pdb,/media/zhenli/datadrive/valleyfevermutation/simulation_100ns_md/SNQ2_CANGA/simulation_explicit/pocket4/replica_1/SNQ2_CANGA_prepared_Milbemycin_pocket4_complex_recombined_complex_explicit_trajectory.dcd,ok,,500,0.2000000005962811,100.00000029814058,True,7.466927295810352,3.4080522062933607,1.9968775684234843,11,3.937977074662622,2.6272932383526224,11,6.628402534034493,4.625582485510307,11,6.726754659799273,4.51281054483432,11,6.745494615656336,4.839720332940008,11,500,0.2,20,"(18,20] ns","(70,100] ns",3.0,True,True,True,eligible_primary_cohort,0,3.318702453505912,0.09835212576477925,-2.5920733336070922,2.5159329764108356,-0.11277194067598728,-2.111061187833672
expanded_same_trajectory_v1,80,SNQ2_CANGA|Milbemycin|pocket5|replica_1,SNQ2_CANGA,Milbemycin,pocket5,replica_1,/media/zhenli/datadrive/valleyfevermutation/simulation_100ns_md/SNQ2_CANGA/simulation_explicit/pocket5/replica_1/SNQ2_CANGA_prepared_Milbemycin_pocket5_complex_recombined_complex_explicit_initial_frame.pdb,/media/zhenli/datadrive/valleyfevermutation/simulation_100ns_md/SNQ2_CANGA/simulation_explicit/pocket5/replica_1/SNQ2_CANGA_prepared_Milbemycin_pocket5_complex_recombined_complex_explicit_trajectory.dcd,ok,,500,0.2000000005962811,100.00000029814058,True,1.920864930067204,1.3600811386114122,1.060996475103733,11,2.0485302803002985,1.6687688348968832,11,2.301279944402292,1.555566943881182,11,1.905915896588348,1.208348359826237,11,2.190697022632335,1.4244626060924677,11,500,0.2,20,"(18,20] ns","(70,100] ns",3.0,True,True,True,eligible_primary_cohort,1,0.5458347579769358,-0.39536404781394396,-0.6481137119159375,0.14735188472250393,-0.3472185840549451,-0.234016693039244
expanded_same_trajectory_v1,81,SNQ2_CANGA|Milbemycin|pocket9|replica_1,SNQ2_CANGA,Milbemycin,pocket9,replica_1,/media/zhenli/datadrive/valleyfevermutation/simulation_100ns_md/SNQ2_CANGA/simulation_explicit/pocket9/replica_1/SNQ2_CANGA_prepared_Milbemycin_pocket9_complex_recombined_complex_explicit_initial_frame.pdb,/media/zhenli/datadrive/valleyfevermutation/simulation_100ns_md/SNQ2_CANGA/simulation_explicit/pocket9/replica_1/SNQ2_CANGA_prepared_Milbemycin_pocket9_complex_recombined_complex_explicit_trajectory.dcd,ok,,500,0.2000000005962811,100.00000029814058,True,5.645287109267505,2.4315963699924863,1.7611581984285232,11,3.970979767997356,3.179996663930861,11,2.828897345031511,2.226193967202374,11,3.6440445204481855,3.3313496017145128,11,2.693093865277614,2.161264252611124,11,500,0.2,20,"(18,20] ns","(70,100] ns",3.0,True,True,True,eligible_primary_cohort,0,1.2124481504556992,0.8151471754166746,1.9572295983825199,1.5701914032859896,1.1051556345121387,2.0589583312406257
