complex_id,protein,ligand,pocket,replica,topology,trajectory,r_pocket,n_anchors,pose_rmsd_18_20,com_disp_18_20,p20_corrected,s20_state,usable,notes,qc_status,n_terminal_frames_pose,y_stable100,usable_100ns,existing_label_unstable,usable_existing,pose_rmsd_late,com_displacement_late,existing_f_contact,existing_rmsd_late,existing_drift,rmsd_corrected_5ns,disp_corrected_5ns,rmsd_corrected_10ns,disp_corrected_10ns,rmsd_corrected_15ns,disp_corrected_15ns,rmsd_corrected_20ns,disp_corrected_20ns,rmsd_corrected_30ns,disp_corrected_30ns,rmsd_corrected_final_frame_20ns,rmsd_nopbc_20ns,disp_nopbc_20ns,rmsd_ligself_20ns,r_pocket_5ns,r_pocket_10ns,r_pocket_15ns,r_pocket_20ns,r_pocket_30ns
AFR1|Milbemycin|pocket8|replica_1,AFR1,Milbemycin,pocket8,replica_1,/media/zhenli/datadrive/valleyfevermutation/simulation_20ns_md/AFR1/simulation_explicit/pocket8/replica_1/AFR1_prepared_Milbemycin_pocket8_complex_recombined_complex_explicit_initial_frame.pdb,/media/zhenli/datadrive/valleyfevermutation/simulation_20ns_md/AFR1/simulation_explicit/pocket8/replica_1/AFR1_prepared_Milbemycin_pocket8_complex_recombined_complex_explicit_trajectory.dcd,0.6554455445544555,20,3.20786913916112,2.4663832729272626,1.0,pocket_lost_instability,True,,passed,101.0,1.0,True,1,True,2.688430615565329,0.8716556267864948,0.4117647058823529,1.6708480638293977,1.7969422,2.8101647703344463,2.0028023713683356,2.9317600637984857,2.0663085764637876,2.7466810473893664,1.1173840216896236,2.928170262228453,1.0188443215391276,2.7083180890273786,0.5188221643917825,2.915501187512567,88.39893710890364,88.35617351190723,1.201800407124234,0.6916996047430829,0.6877470355731226,0.6482213438735178,0.6324110671936759,0.6205533596837944
AFR1|Milbemycin|pocket9|replica_1,AFR1,Milbemycin,pocket9,replica_1,/media/zhenli/datadrive/valleyfevermutation/simulation_20ns_md/AFR1/simulation_explicit/pocket9/replica_1/AFR1_prepared_Milbemycin_pocket9_complex_recombined_complex_explicit_initial_frame.pdb,/media/zhenli/datadrive/valleyfevermutation/simulation_20ns_md/AFR1/simulation_explicit/pocket9/replica_1/AFR1_prepared_Milbemycin_pocket9_complex_recombined_complex_explicit_trajectory.dcd,0.5438472418670437,28,8.295952922230828,7.130043316110135,1.0,pocket_lost_instability,True,,passed,101.0,1.0,True,0,True,1.1117454132039326,0.5823503368477967,0.5384615384615384,0.7737150542608079,6.4463034,1.0377386234944763,0.6244915750204346,0.8885846560599879,0.3994795804742328,1.0426087834213098,0.4891679311415062,1.0477426819815456,0.37616186787989014,1.1881674763196453,0.6382528443151517,1.1006873186204764,117.90744849682278,117.90339612909592,0.610040725145825,0.9272727272727272,0.9227272727272726,0.8409090909090909,0.8681818181818183,0.9045454545454547
ATRF_ASPFU|Milbemycin|pocket1|replica_1,ATRF_ASPFU,Milbemycin,pocket1,replica_1,/media/zhenli/datadrive/valleyfevermutation/simulation_20ns_md/ATRF_ASPFU/simulation_explicit/pocket1/replica_1/ATRF_ASPFU_prepared_Milbemycin_pocket1_complex_recombined_complex_explicit_initial_frame.pdb,/media/zhenli/datadrive/valleyfevermutation/simulation_20ns_md/ATRF_ASPFU/simulation_explicit/pocket1/replica_1/ATRF_ASPFU_prepared_Milbemycin_pocket1_complex_recombined_complex_explicit_trajectory.dcd,0.7399913904433921,23,4.510425048683126,3.585116096374323,1.0,pocket_retained_perturbation,True,,passed,101.0,1.0,True,1,True,2.597496552833854,2.4106777572146543,0.3888888888888889,1.3293231921922504,2.7832518,0.8465921306729886,0.6539881526553727,2.748822721396567,2.0181299407343105,2.7477108747403687,2.033757294207247,3.087875571221137,2.3637267769552963,3.0142449231982313,2.744060521997454,2.963001006186417,150.47124092990614,150.45277564423031,0.637633893780046,0.9309090909090908,0.8472727272727275,0.8654545454545456,0.8690909090909091,0.890909090909091
ATRF_ASPFU|Milbemycin|pocket11|replica_1,ATRF_ASPFU,Milbemycin,pocket11,replica_1,/media/zhenli/datadrive/valleyfevermutation/simulation_20ns_md/ATRF_ASPFU/simulation_explicit/pocket11/replica_1/ATRF_ASPFU_prepared_Milbemycin_pocket11_complex_recombined_complex_explicit_initial_frame.pdb,/media/zhenli/datadrive/valleyfevermutation/simulation_20ns_md/ATRF_ASPFU/simulation_explicit/pocket11/replica_1/ATRF_ASPFU_prepared_Milbemycin_pocket11_complex_recombined_complex_explicit_trajectory.dcd,0.7628973423658154,19,5.582644937189329,4.673605594865786,1.0,pocket_retained_perturbation,True,,passed,101.0,0.0,True,1,True,5.069875437587399,2.1900516007967368,0.8461538461538461,1.3551342351279947,4.820549,2.523473942968111,1.8297407691986307,3.02558682073948,2.3990099507434497,3.2337924513913094,2.43581059043679,5.903697590630233,4.363098357935531,5.519773681393555,3.95745017442902,5.59069359528059,238.90489557935825,238.87206375029126,0.8948828593083977,0.7556818181818182,0.7784090909090909,0.7897727272727273,0.5056818181818182,0.5511363636363636
ATRF_ASPFU|Milbemycin|pocket7|replica_1,ATRF_ASPFU,Milbemycin,pocket7,replica_1,/media/zhenli/datadrive/valleyfevermutation/simulation_20ns_md/ATRF_ASPFU/simulation_explicit/pocket7/replica_1/ATRF_ASPFU_prepared_Milbemycin_pocket7_complex_recombined_complex_explicit_initial_frame.pdb,/media/zhenli/datadrive/valleyfevermutation/simulation_20ns_md/ATRF_ASPFU/simulation_explicit/pocket7/replica_1/ATRF_ASPFU_prepared_Milbemycin_pocket7_complex_recombined_complex_explicit_trajectory.dcd,0.7120462046204622,12,3.973537223312336,2.9443938969175094,1.0,pocket_retained_perturbation,True,,passed,101.0,0.0,True,1,True,10.116113375935443,8.660203564538202,0.5,1.985422103748078,1.502294,3.3882033585135063,1.0074372716453333,5.784323990526598,1.6001667108906352,7.168312369257841,1.8615878494968086,7.389993005380443,1.9678009988375693,9.520034439380373,7.904769126839839,8.288903791510688,40.87925642326207,40.259033269645336,1.0549467950032339,0.8246753246753248,0.7792207792207791,0.7142857142857143,0.6948051948051949,0.4220779220779221
CDR1_CANAR|Milbemycin|pocket1|replica_1,CDR1_CANAR,Milbemycin,pocket1,replica_1,/media/zhenli/datadrive/valleyfevermutation/simulation_20ns_md/CDR1_CANAR/simulation_explicit/pocket1/replica_1/CDR1_CANAR_prepared_Milbemycin_pocket1_complex_recombined_complex_explicit_initial_frame.pdb,/media/zhenli/datadrive/valleyfevermutation/simulation_20ns_md/CDR1_CANAR/simulation_explicit/pocket1/replica_1/CDR1_CANAR_prepared_Milbemycin_pocket1_complex_recombined_complex_explicit_trajectory.dcd,0.6767805812839346,31,3.853994305103314,2.423298495818264,1.0,pocket_lost_instability,True,,passed,101.0,1.0,True,1,True,1.4280238095697062,0.6600635284395672,0.5333333333333333,1.8514195543944527,2.805574,2.218944343824889,1.905531034902986,2.9646274741282848,2.76269660917415,2.8524035303312165,2.623900320335611,3.307294517985378,3.126426130852743,2.7964395299526874,2.5370719581628984,3.0118502453013183,163.5140426944648,163.51047578656815,1.0083796172333612,0.7393939393939394,0.6909090909090909,0.7090909090909091,0.709090909090909,0.7393939393939394
CDR1_CANAR|Milbemycin|pocket11|replica_1,CDR1_CANAR,Milbemycin,pocket11,replica_1,/media/zhenli/datadrive/valleyfevermutation/simulation_20ns_md/CDR1_CANAR/simulation_explicit/pocket11/replica_1/CDR1_CANAR_prepared_Milbemycin_pocket11_complex_recombined_complex_explicit_initial_frame.pdb,/media/zhenli/datadrive/valleyfevermutation/simulation_20ns_md/CDR1_CANAR/simulation_explicit/pocket11/replica_1/CDR1_CANAR_prepared_Milbemycin_pocket11_complex_recombined_complex_explicit_trajectory.dcd,0.7440594059405939,20,2.64848388339142,1.4995018638689208,0.0,retained_stable,True,,passed,101.0,0.0,True,1,True,5.003317415850967,4.27112197000934,0.25,0.7151927406602303,5.6361923,3.093230788757459,2.706226546436246,3.3418919063433106,1.5620171695040435,3.826969577452125,2.0835905299160977,4.058915311048265,2.4200382654112254,4.263284479447028,3.3144068065833623,4.336785874586978,242.0654459951509,242.0430989392672,0.5500931569642002,0.5781818181818182,0.5818181818181819,0.56,0.4618181818181819,0.44
CDR1_CANAR|Milbemycin|pocket2|replica_1,CDR1_CANAR,Milbemycin,pocket2,replica_1,/media/zhenli/datadrive/valleyfevermutation/simulation_20ns_md/CDR1_CANAR/simulation_explicit/pocket2/replica_1/CDR1_CANAR_prepared_Milbemycin_pocket2_complex_recombined_complex_explicit_initial_frame.pdb,/media/zhenli/datadrive/valleyfevermutation/simulation_20ns_md/CDR1_CANAR/simulation_explicit/pocket2/replica_1/CDR1_CANAR_prepared_Milbemycin_pocket2_complex_recombined_complex_explicit_trajectory.dcd,0.7114044737807118,27,4.291318159663391,2.716483790551637,1.0,pocket_retained_perturbation,True,,passed,101.0,0.0,True,1,True,3.3031472545070586,2.2318237766622566,1.0,1.563159663499205,4.8381763,2.1037191164710967,1.5417186288883251,2.1385469016800505,1.4747906680652085,2.2106699521285362,1.7714340909586823,2.058618460814053,1.5641567132987781,2.309713354530334,1.8982624953610072,1.772819995654634,89.17524674910908,89.16514723353376,0.691926041402935,0.7587412587412588,0.7587412587412586,0.7237762237762239,0.6993006993006993,0.6573426573426575
CDR1_CANAR|Milbemycin|pocket3|replica_1,CDR1_CANAR,Milbemycin,pocket3,replica_1,/media/zhenli/datadrive/valleyfevermutation/simulation_20ns_md/CDR1_CANAR/simulation_explicit/pocket3/replica_1/CDR1_CANAR_prepared_Milbemycin_pocket3_complex_recombined_complex_explicit_initial_frame.pdb,/media/zhenli/datadrive/valleyfevermutation/simulation_20ns_md/CDR1_CANAR/simulation_explicit/pocket3/replica_1/CDR1_CANAR_prepared_Milbemycin_pocket3_complex_recombined_complex_explicit_trajectory.dcd,0.6989198919891991,22,3.3482391021937024,2.7675253100195154,1.0,pocket_retained_perturbation,True,,passed,101.0,0.0,True,1,True,5.739586189907401,5.552465030620292,0.7272727272727273,1.3919785433871883,3.95006,4.641289784686287,4.491372446318315,5.44540022213003,5.269901549869959,5.21369841127071,5.014461173039832,5.14627277198742,4.949682385780492,5.293732668085078,5.105004556574761,5.254554177758465,231.43376231035737,231.42947736121613,0.6153692017791211,0.5991735537190084,0.5661157024793387,0.5743801652892562,0.6198347107438017,0.640495867768595
CDR1_CANAR_auris|Milbemycin|pocket10|replica_1,CDR1_CANAR_auris,Milbemycin,pocket10,replica_1,/media/zhenli/datadrive/valleyfevermutation/simulation_20ns_md/CDR1_CANAR_auris/simulation_explicit/pocket10/replica_1/CDR1_CANAR_auris_prepared_Milbemycin_pocket10_complex_recombined_complex_explicit_initial_frame.pdb,/media/zhenli/datadrive/valleyfevermutation/simulation_20ns_md/CDR1_CANAR_auris/simulation_explicit/pocket10/replica_1/CDR1_CANAR_auris_prepared_Milbemycin_pocket10_complex_recombined_complex_explicit_trajectory.dcd,0.4752475247524752,6,10.733000853381878,8.917023482004979,1.0,pocket_lost_instability,True,,passed,101.0,0.0,True,1,True,26.641362081684072,26.141375417183013,0.2,1.901976118767136,10.32556,6.021614369127628,3.5638940009140074,13.130575866633928,11.395121061803168,10.994037706841963,8.586844530491744,11.413086749612459,9.01939308603142,17.337796895662407,15.539992861809862,11.035602651526048,106.84924106244179,106.62181844445499,0.3562205269387984,0.27922077922077926,0.22077922077922077,0.2987012987012987,0.3246753246753247,
CDR1_CANAR_auris|Milbemycin|pocket14|replica_1,CDR1_CANAR_auris,Milbemycin,pocket14,replica_1,/media/zhenli/datadrive/valleyfevermutation/simulation_20ns_md/CDR1_CANAR_auris/simulation_explicit/pocket14/replica_1/CDR1_CANAR_auris_prepared_Milbemycin_pocket14_complex_recombined_complex_explicit_initial_frame.pdb,/media/zhenli/datadrive/valleyfevermutation/simulation_20ns_md/CDR1_CANAR_auris/simulation_explicit/pocket14/replica_1/CDR1_CANAR_auris_prepared_Milbemycin_pocket14_complex_recombined_complex_explicit_trajectory.dcd,0.595002357378595,21,3.668054425815098,2.028862540751485,1.0,pocket_lost_instability,True,,passed,101.0,0.0,True,0,True,4.337324157012136,2.173651221297632,1.0,0.481663180288547,3.0876322,3.3942064807754417,2.404661991645707,3.65896846475213,1.9919254397657264,4.7644044364295315,1.461752451556899,5.12373641967855,2.0754644463778176,5.0609309680604335,1.6275229195173389,5.430189069930935,120.35370871938517,119.88347235425786,1.0906186696629963,0.5909090909090909,0.5,0.44755244755244755,0.45454545454545464,0.43706293706293703
CDR1_CANAR_auris|Milbemycin|pocket2|replica_1,CDR1_CANAR_auris,Milbemycin,pocket2,replica_1,/media/zhenli/datadrive/valleyfevermutation/simulation_20ns_md/CDR1_CANAR_auris/simulation_explicit/pocket2/replica_1/CDR1_CANAR_auris_prepared_Milbemycin_pocket2_complex_recombined_complex_explicit_initial_frame.pdb,/media/zhenli/datadrive/valleyfevermutation/simulation_20ns_md/CDR1_CANAR_auris/simulation_explicit/pocket2/replica_1/CDR1_CANAR_auris_prepared_Milbemycin_pocket2_complex_recombined_complex_explicit_trajectory.dcd,0.5222772277227722,20,5.8133666395429815,5.020640353774321,1.0,pocket_lost_instability,True,,passed,101.0,0.0,True,1,True,4.748695863144565,3.987446669598029,0.3846153846153846,1.1170708413849235,2.196453,2.3858383204321445,2.258043467957834,2.633860280038163,2.389590333171473,3.2315880498565765,2.8594392748298145,2.831405143954906,2.512877807848699,3.438740919776943,3.084981148575321,2.4909993705417905,217.3204116913321,217.3163270828354,0.5453317877667615,0.6818181818181819,0.6694214876033058,0.6363636363636364,0.5867768595041322,0.628099173553719
CDR1_CANAR_auris|Milbemycin|pocket5|replica_1,CDR1_CANAR_auris,Milbemycin,pocket5,replica_1,/media/zhenli/datadrive/valleyfevermutation/simulation_20ns_md/CDR1_CANAR_auris/simulation_explicit/pocket5/replica_1/CDR1_CANAR_auris_prepared_Milbemycin_pocket5_complex_recombined_complex_explicit_initial_frame.pdb,/media/zhenli/datadrive/valleyfevermutation/simulation_20ns_md/CDR1_CANAR_auris/simulation_explicit/pocket5/replica_1/CDR1_CANAR_auris_prepared_Milbemycin_pocket5_complex_recombined_complex_explicit_trajectory.dcd,0.6501650165016503,21,5.692156888581162,4.816677513729927,1.0,pocket_lost_instability,True,,passed,101.0,1.0,True,1,True,2.500783381921968,1.3974276085460189,0.7142857142857143,2.222871922953114,5.3249745,2.458340233013302,1.1571726854608622,3.2649887480024167,1.118245657797884,3.486273081419635,2.9975710563244378,3.523240642605622,3.0355301120091323,3.772770123557423,3.352774977792694,3.320155072789306,18.507239035002378,18.41777885941107,1.136397034665035,0.793388429752066,0.7396694214876033,0.640495867768595,0.6446280991735537,0.6652892561983471
CDR2_CANAL|Milbemycin|pocket1|replica_1,CDR2_CANAL,Milbemycin,pocket1,replica_1,/media/zhenli/datadrive/valleyfevermutation/simulation_20ns_md/CDR2_CANAL/simulation_explicit/pocket1/replica_1/CDR2_CANAL_prepared_Milbemycin_pocket1_complex_recombined_complex_explicit_initial_frame.pdb,/media/zhenli/datadrive/valleyfevermutation/simulation_20ns_md/CDR2_CANAL/simulation_explicit/pocket1/replica_1/CDR2_CANAL_prepared_Milbemycin_pocket1_complex_recombined_complex_explicit_trajectory.dcd,0.0611111111111111,9,18.80431592263984,17.908289776586965,1.0,pocket_lost_instability,True,,passed,101.0,0.0,True,1,True,18.998412898534347,17.432837355477872,0.2222222222222222,1.9152169847834413,14.560327,10.494901293595287,7.860531906022064,9.602765623188487,6.924715434739276,12.932411303036696,10.947676986119026,13.16411632457988,11.12184548468708,17.151627146235175,16.108359297618247,13.573933394072204,69.40570864900972,68.83111884300246,0.7983559135101251,0.356060606060606,0.32575757575757575,0.17424242424242425,0.1212121212121212,0.08333333333333334
CDR2_CANAL|Milbemycin|pocket13|replica_1,CDR2_CANAL,Milbemycin,pocket13,replica_1,/media/zhenli/datadrive/valleyfevermutation/simulation_20ns_md/CDR2_CANAL/simulation_explicit/pocket13/replica_1/CDR2_CANAL_prepared_Milbemycin_pocket13_complex_recombined_complex_explicit_initial_frame.pdb,/media/zhenli/datadrive/valleyfevermutation/simulation_20ns_md/CDR2_CANAL/simulation_explicit/pocket13/replica_1/CDR2_CANAL_prepared_Milbemycin_pocket13_complex_recombined_complex_explicit_trajectory.dcd,0.4026402640264027,9,10.738292465398192,8.595645691039325,1.0,pocket_lost_instability,True,,passed,101.0,0.0,True,1,True,10.0876184929999,9.336200691990127,0.5,1.3038166082580207,9.85565,9.674301276495116,9.089892126997217,14.081243274773652,13.412216745025647,15.069767480709693,14.434080501168125,12.00553244728797,11.121057456075555,10.939500712045218,9.903878589224346,10.411657752128141,240.36513570541936,240.32194527684825,1.9555262305691044,0.4132231404958677,0.28099173553719,0.25619834710743794,0.29752066115702475,0.3305785123966942
CDR2_CANAL|Milbemycin|pocket14|replica_1,CDR2_CANAL,Milbemycin,pocket14,replica_1,/media/zhenli/datadrive/valleyfevermutation/simulation_20ns_md/CDR2_CANAL/simulation_explicit/pocket14/replica_1/CDR2_CANAL_prepared_Milbemycin_pocket14_complex_recombined_complex_explicit_initial_frame.pdb,/media/zhenli/datadrive/valleyfevermutation/simulation_20ns_md/CDR2_CANAL/simulation_explicit/pocket14/replica_1/CDR2_CANAL_prepared_Milbemycin_pocket14_complex_recombined_complex_explicit_trajectory.dcd,0.9207920792079208,14,4.357754895623171,3.913040870283033,1.0,pocket_retained_perturbation,True,,passed,101.0,1.0,True,0,True,1.074879962365528,0.8188605434657893,0.8,0.8836003831471272,3.7630491,1.0406395590694795,0.8265157074113386,1.1348583906425544,0.9868802339188729,,,,,,,1.275232293745315,,,,0.8242424242424242,0.925925925925926,,,
CDR2_CANAL|Milbemycin|pocket4|replica_1,CDR2_CANAL,Milbemycin,pocket4,replica_1,/media/zhenli/datadrive/valleyfevermutation/simulation_20ns_md/CDR2_CANAL/simulation_explicit/pocket4/replica_1/CDR2_CANAL_prepared_Milbemycin_pocket4_complex_recombined_complex_explicit_initial_frame.pdb,/media/zhenli/datadrive/valleyfevermutation/simulation_20ns_md/CDR2_CANAL/simulation_explicit/pocket4/replica_1/CDR2_CANAL_prepared_Milbemycin_pocket4_complex_recombined_complex_explicit_trajectory.dcd,0.2706270627062706,18,6.108074250583704,5.460517226957931,1.0,pocket_lost_instability,True,,passed,101.0,0.0,True,1,True,4.074788070956542,3.4071026427957447,0.4285714285714285,1.877494545329228,7.176712,3.145495284108549,2.110597827856648,3.349634984330524,2.530082266145654,3.295491509984195,2.4341863289216086,3.179157706787228,2.3177909818240376,3.1400831172407067,2.20614880007024,3.523454051315632,218.72030562422913,218.70956839674292,1.4017043920553862,0.5928853754940712,0.466403162055336,0.4703557312252965,0.4782608695652175,0.4822134387351779
CDR2_CANAL|Milbemycin|pocket8|replica_1,CDR2_CANAL,Milbemycin,pocket8,replica_1,/media/zhenli/datadrive/valleyfevermutation/simulation_20ns_md/CDR2_CANAL/simulation_explicit/pocket8/replica_1/CDR2_CANAL_prepared_Milbemycin_pocket8_complex_recombined_complex_explicit_initial_frame.pdb,/media/zhenli/datadrive/valleyfevermutation/simulation_20ns_md/CDR2_CANAL/simulation_explicit/pocket8/replica_1/CDR2_CANAL_prepared_Milbemycin_pocket8_complex_recombined_complex_explicit_trajectory.dcd,0.6650165016501652,18,7.82096031671085,2.997179789652177,1.0,pocket_lost_instability,True,,passed,101.0,0.0,True,1,True,3.34704896579954,2.58812259761551,0.75,2.196997950624606,5.4500446,2.37941945642501,1.4755549560813828,2.8072490935558037,1.7353421071223265,3.142165949970787,2.0073877091604597,3.040178201227599,1.879629209666913,3.8120482908512527,2.545169585620175,3.4991335829775494,165.64522892635478,165.6281160888248,0.7163018720046538,0.7075098814229249,0.6640316205533597,0.7035573122529644,0.6403162055335968,0.7114624505928853
CIMG_00533|Milbemycin|pocket1|replica_1,CIMG_00533,Milbemycin,pocket1,replica_1,/media/zhenli/datadrive/valleyfevermutation/simulation_20ns_md/CIMG_00533/simulation_explicit/pocket1/replica_1/CIMG_00533_prepared_Milbemycin_pocket1_complex_recombined_complex_explicit_initial_frame.pdb,/media/zhenli/datadrive/valleyfevermutation/simulation_20ns_md/CIMG_00533/simulation_explicit/pocket1/replica_1/CIMG_00533_prepared_Milbemycin_pocket1_complex_recombined_complex_explicit_trajectory.dcd,0.4689468946894688,11,7.203380108213141,6.524013849240894,1.0,pocket_lost_instability,True,,passed,101.0,0.0,True,1,True,5.733995606216928,3.3852070401284564,0.625,1.1231878186924564,8.4917755,6.838337118419371,4.816390492753488,6.483031830483557,4.603137264951539,6.612972440155875,4.943041308019689,6.254698085299723,4.181109334697829,6.176284899084479,4.599106457361004,5.882449860140287,135.51370432872142,135.43388485562787,1.187178026371363,0.6844919786096257,0.6898395721925135,0.7219251336898397,0.625668449197861,0.6684491978609627
CIMG_00533|Milbemycin|pocket12|replica_1,CIMG_00533,Milbemycin,pocket12,replica_1,/media/zhenli/datadrive/valleyfevermutation/simulation_20ns_md/CIMG_00533/simulation_explicit/pocket12/replica_1/CIMG_00533_prepared_Milbemycin_pocket12_complex_recombined_complex_explicit_initial_frame.pdb,/media/zhenli/datadrive/valleyfevermutation/simulation_20ns_md/CIMG_00533/simulation_explicit/pocket12/replica_1/CIMG_00533_prepared_Milbemycin_pocket12_complex_recombined_complex_explicit_trajectory.dcd,0.634059405940594,25,3.780655334427066,3.2361015512476974,1.0,pocket_lost_instability,True,,passed,101.0,0.0,True,1,True,4.529932120401172,2.35144758962152,1.0,1.017637935357892,3.8744605,4.0572272291150195,1.3249552319914821,5.785357487850543,2.0319453431182897,5.040013162800722,0.9432739438264307,5.232890266517902,1.3790953498753653,5.103354544657744,2.740112636381564,5.315958214335087,156.05391363662727,155.97304557007175,1.994816388401526,0.5731225296442687,0.4743083003952569,0.48221343873517797,0.4782608695652174,0.4426877470355732
CIMG_00533|Milbemycin|pocket2|replica_1,CIMG_00533,Milbemycin,pocket2,replica_1,/media/zhenli/datadrive/valleyfevermutation/simulation_20ns_md/CIMG_00533/simulation_explicit/pocket2/replica_1/CIMG_00533_prepared_Milbemycin_pocket2_complex_recombined_complex_explicit_initial_frame.pdb,/media/zhenli/datadrive/valleyfevermutation/simulation_20ns_md/CIMG_00533/simulation_explicit/pocket2/replica_1/CIMG_00533_prepared_Milbemycin_pocket2_complex_recombined_complex_explicit_trajectory.dcd,0.7877744296168746,23,2.374118387115512,1.814114328480515,0.0,retained_stable,True,,passed,101.0,0.0,True,1,True,3.3258302980776024,3.0213648142763,0.7272727272727273,1.007775050832684,2.4749393,2.2514317017490404,1.731269773805208,1.6742786536256502,1.2105728973510796,1.7142623223434403,1.1738614547715445,1.8875341701477273,1.343365891659609,2.0274264983643615,1.4958542308387548,2.4950297003614894,236.1185506451683,236.11480658770276,1.0530455186555925,0.8468899521531099,0.8229665071770337,0.861244019138756,0.8421052631578948,0.7751196172248803
CIMG_00533|Milbemycin|pocket3|replica_1,CIMG_00533,Milbemycin,pocket3,replica_1,/media/zhenli/datadrive/valleyfevermutation/simulation_20ns_md/CIMG_00533/simulation_explicit/pocket3/replica_1/CIMG_00533_prepared_Milbemycin_pocket3_complex_recombined_complex_explicit_initial_frame.pdb,/media/zhenli/datadrive/valleyfevermutation/simulation_20ns_md/CIMG_00533/simulation_explicit/pocket3/replica_1/CIMG_00533_prepared_Milbemycin_pocket3_complex_recombined_complex_explicit_trajectory.dcd,0.8202188639916623,19,3.166200570415823,2.130539268993992,1.0,pocket_retained_perturbation,True,,passed,101.0,0.0,True,0,True,5.994650574689132,4.682986648049795,1.0,0.7859552781273728,4.8296747,3.5078267975262203,1.5325130723603275,3.658463101105239,1.9803148846430048,3.718973918526544,1.7880044495092782,3.9644494394168746,2.327286027630185,4.111851990122909,2.611089593175792,3.6593933760243185,32.43968749166168,32.28158648334508,0.5598147131189984,0.8288770053475936,0.8395721925133689,0.8235294117647057,0.8128342245989305,0.7700534759358288
CIMG_00533|Milbemycin|pocket7|replica_1,CIMG_00533,Milbemycin,pocket7,replica_1,/media/zhenli/datadrive/valleyfevermutation/simulation_20ns_md/CIMG_00533/simulation_explicit/pocket7/replica_1/CIMG_00533_prepared_Milbemycin_pocket7_complex_recombined_complex_explicit_initial_frame.pdb,/media/zhenli/datadrive/valleyfevermutation/simulation_20ns_md/CIMG_00533/simulation_explicit/pocket7/replica_1/CIMG_00533_prepared_Milbemycin_pocket7_complex_recombined_complex_explicit_trajectory.dcd,0.8657178217821783,16,1.8358662800052723,1.4017447958710505,0.0,retained_stable,True,,passed,101.0,0.0,True,0,True,5.2555154173964365,4.134813302243034,0.8888888888888888,0.945396221818982,2.0385053,1.478890351933439,1.1427704004469492,1.4602341588309609,1.115878581678158,1.28651703333273,0.8930923748912217,1.3480851002941774,0.9973080326200031,2.2046042817162506,1.9092762313945557,1.6470577431442426,1.3480850905495354,0.997307967484076,0.7277980016220158,0.8038277511961721,0.7703349282296652,0.8373205741626794,0.8277511961722488,0.8373205741626795
CIMG_00533|Milbemycin|pocket9|replica_1,CIMG_00533,Milbemycin,pocket9,replica_1,/media/zhenli/datadrive/valleyfevermutation/simulation_20ns_md/CIMG_00533/simulation_explicit/pocket9/replica_1/CIMG_00533_prepared_Milbemycin_pocket9_complex_recombined_complex_explicit_initial_frame.pdb,/media/zhenli/datadrive/valleyfevermutation/simulation_20ns_md/CIMG_00533/simulation_explicit/pocket9/replica_1/CIMG_00533_prepared_Milbemycin_pocket9_complex_recombined_complex_explicit_trajectory.dcd,0.5528052805280527,24,6.941779597775837,2.920410705776752,1.0,pocket_lost_instability,True,,passed,101.0,0.0,True,1,True,3.216598243491301,1.3291727650253446,0.7272727272727273,1.0228847431710082,4.3953424,2.761694639748739,1.5186146233035887,3.313437649246875,1.7447338001202768,4.060219610422395,2.276496839921156,3.8875378353233203,1.8693967155514608,3.99693851734991,1.8524669653920343,3.842751420627462,231.98760694358077,231.96256390901152,1.0612859906463674,0.7479338842975206,0.731404958677686,0.5991735537190083,0.5991735537190082,0.6322314049586777
CIMG_00780|Milbemycin|pocket1|replica_1,CIMG_00780,Milbemycin,pocket1,replica_1,/media/zhenli/datadrive/valleyfevermutation/simulation_20ns_md/CIMG_00780/simulation_explicit/pocket1/replica_1/CIMG_00780_prepared_Milbemycin_pocket1_complex_recombined_complex_explicit_initial_frame.pdb,/media/zhenli/datadrive/valleyfevermutation/simulation_20ns_md/CIMG_00780/simulation_explicit/pocket1/replica_1/CIMG_00780_prepared_Milbemycin_pocket1_complex_recombined_complex_explicit_trajectory.dcd,0.761188118811881,25,2.689106986421314,1.1878001593937006,0.0,retained_stable,True,,passed,101.0,1.0,True,1,True,2.354950019778048,1.941565289296331,0.4444444444444444,1.0454245849385086,3.2367716,1.4421363913148,1.009891363400142,1.5796442337811205,1.1264168621176196,1.8487805507858184,1.5110855392885505,1.8524891637668681,1.5157822656983024,2.0833169800928157,1.6098057084991546,1.8448074317838334,163.40817440706536,163.40477205480425,0.44598109648484274,0.8257575757575758,0.7803030303030304,0.7651515151515151,0.7272727272727273,0.6704545454545454
CIMG_00780|Milbemycin|pocket2|replica_1,CIMG_00780,Milbemycin,pocket2,replica_1,/media/zhenli/datadrive/valleyfevermutation/simulation_20ns_md/CIMG_00780/simulation_explicit/pocket2/replica_1/CIMG_00780_prepared_Milbemycin_pocket2_complex_recombined_complex_explicit_initial_frame.pdb,/media/zhenli/datadrive/valleyfevermutation/simulation_20ns_md/CIMG_00780/simulation_explicit/pocket2/replica_1/CIMG_00780_prepared_Milbemycin_pocket2_complex_recombined_complex_explicit_trajectory.dcd,0.7766336633663368,25,1.6175025128832332,1.059868503145817,0.0,retained_stable,True,,passed,101.0,1.0,True,1,True,1.745424430289376,0.5855714864099522,1.0,1.1729998228629852,3.1189177,1.516952107792356,0.7612956514552429,1.5253751566151863,0.767046682558033,1.661903748195108,1.0267148589793065,1.8215176796462402,1.0741345870822017,2.0830857789435995,1.006729081387132,1.6158687636527194,167.48125849165814,167.4748652578631,1.0268106884586428,0.6783216783216784,0.7342657342657343,0.7237762237762237,0.6713286713286714,0.6853146853146853
CIMG_00780|Milbemycin|pocket3|replica_1,CIMG_00780,Milbemycin,pocket3,replica_1,/media/zhenli/datadrive/valleyfevermutation/simulation_20ns_md/CIMG_00780/simulation_explicit/pocket3/replica_1/CIMG_00780_prepared_Milbemycin_pocket3_complex_recombined_complex_explicit_initial_frame.pdb,/media/zhenli/datadrive/valleyfevermutation/simulation_20ns_md/CIMG_00780/simulation_explicit/pocket3/replica_1/CIMG_00780_prepared_Milbemycin_pocket3_complex_recombined_complex_explicit_trajectory.dcd,0.3941831683168317,32,7.571910273399787,5.769311983181834,1.0,pocket_lost_instability,True,,passed,101.0,1.0,True,1,True,2.756223732518889,2.0276590762901607,0.0,0.9884156366309524,7.14788,1.9257445661127848,1.2415134027168295,1.7312966895648698,0.929329822417315,1.6168083914629476,1.028398184498725,2.3467654010736463,1.4585607708418216,2.6141766655486873,1.6600351656358656,3.1689953922085192,170.43050877701404,170.42061078354234,1.6631538174544425,0.5923753665689149,0.6070381231671554,0.6480938416422289,0.5307917888563048,0.4428152492668621
CIMG_00780|Milbemycin|pocket4|replica_1,CIMG_00780,Milbemycin,pocket4,replica_1,/media/zhenli/datadrive/valleyfevermutation/simulation_20ns_md/CIMG_00780/simulation_explicit/pocket4/replica_1/CIMG_00780_prepared_Milbemycin_pocket4_complex_recombined_complex_explicit_initial_frame.pdb,/media/zhenli/datadrive/valleyfevermutation/simulation_20ns_md/CIMG_00780/simulation_explicit/pocket4/replica_1/CIMG_00780_prepared_Milbemycin_pocket4_complex_recombined_complex_explicit_trajectory.dcd,0.6527037319116528,26,2.7295129318899685,2.074442080732382,0.0,metric_discordant_uncertain,True,,passed,101.0,1.0,True,0,True,2.797933236779535,2.6845007299331485,0.9,0.6111749230338136,1.0109807,1.9824943233229382,1.86186045185668,2.3066643772285285,2.1596126326405964,2.319222909306747,2.1859088546873497,2.7348857029595752,2.6007940975439063,2.692042151418437,2.462312952817671,2.5470345181357423,231.99019204847525,231.98865758034256,0.5885482113235976,0.7272727272727272,0.7552447552447551,0.6853146853146854,0.7202797202797202,0.6573426573426573
CIMG_00780|Milbemycin|pocket7|replica_1,CIMG_00780,Milbemycin,pocket7,replica_1,/media/zhenli/datadrive/valleyfevermutation/simulation_20ns_md/CIMG_00780/simulation_explicit/pocket7/replica_1/CIMG_00780_prepared_Milbemycin_pocket7_complex_recombined_complex_explicit_initial_frame.pdb,/media/zhenli/datadrive/valleyfevermutation/simulation_20ns_md/CIMG_00780/simulation_explicit/pocket7/replica_1/CIMG_00780_prepared_Milbemycin_pocket7_complex_recombined_complex_explicit_trajectory.dcd,0.7356866121394748,23,6.727491458590114,4.669478768087168,1.0,pocket_retained_perturbation,True,,passed,101.0,1.0,True,1,True,2.740117382796719,2.020006035418318,0.8888888888888888,1.1758598939814502,1.8893182,1.790200673318509,1.1289916741572232,1.857234960532577,1.2086603412188448,2.138027154844298,1.6738584928286608,2.462343566883105,2.0504689044698363,2.1733182422363204,1.6835454799386995,2.3591095215951436,178.2331384130849,178.22798873955514,1.3109706675795016,0.8047138047138046,0.7037037037037037,0.7306397306397305,0.7037037037037037,0.7171717171717172
CIMG_00780|Milbemycin|pocket8|replica_1,CIMG_00780,Milbemycin,pocket8,replica_1,/media/zhenli/datadrive/valleyfevermutation/simulation_20ns_md/CIMG_00780/simulation_explicit/pocket8/replica_1/CIMG_00780_prepared_Milbemycin_pocket8_complex_recombined_complex_explicit_initial_frame.pdb,/media/zhenli/datadrive/valleyfevermutation/simulation_20ns_md/CIMG_00780/simulation_explicit/pocket8/replica_1/CIMG_00780_prepared_Milbemycin_pocket8_complex_recombined_complex_explicit_trajectory.dcd,0.4583791712504584,27,4.228196596647989,2.4265819886479645,1.0,pocket_lost_instability,True,,passed,101.0,0.0,True,0,True,3.658930069785667,2.8233638092262114,0.7142857142857143,0.7561589270115247,2.859324,1.878726167157122,1.318227930301699,3.422335486537317,2.6710963123972546,3.5983211261061707,2.8580955122289877,3.2634114825499894,2.6094660383855026,3.050135731354526,2.382537478722776,3.2468143563281804,199.68555833866841,199.67573711846288,0.7302860925924535,0.7309090909090908,0.6945454545454545,0.6799999999999998,0.6945454545454545,0.7018181818181817
CIMG_00780|Milbemycin|pocket9|replica_1,CIMG_00780,Milbemycin,pocket9,replica_1,/media/zhenli/datadrive/valleyfevermutation/simulation_20ns_md/CIMG_00780/simulation_explicit/pocket9/replica_1/CIMG_00780_prepared_Milbemycin_pocket9_complex_recombined_complex_explicit_initial_frame.pdb,/media/zhenli/datadrive/valleyfevermutation/simulation_20ns_md/CIMG_00780/simulation_explicit/pocket9/replica_1/CIMG_00780_prepared_Milbemycin_pocket9_complex_recombined_complex_explicit_trajectory.dcd,0.645964596459646,33,2.2620125218390097,1.0898041959407592,0.0,metric_discordant_uncertain,True,,passed,101.0,1.0,True,1,True,2.192490895566384,1.5755910028077205,1.0,1.4159632793806036,4.0554514,2.2110938049347535,1.5184596754411286,1.9091998516673774,1.1551508152539487,1.92448134142491,1.14454602179146,2.004979521025291,1.282335287732216,1.7637579832351202,0.9033927660757312,1.7355126053516616,34.72784174036527,34.694275468777306,1.2504274806855329,0.7845117845117845,0.7878787878787878,0.7946127946127945,0.7912457912457913,0.8249158249158248
CIMG_01418|Milbemycin|pocket15|replica_1,CIMG_01418,Milbemycin,pocket15,replica_1,/media/zhenli/datadrive/valleyfevermutation/simulation_20ns_md/CIMG_01418/simulation_explicit/pocket15/replica_1/CIMG_01418_prepared_Milbemycin_pocket15_complex_recombined_complex_explicit_initial_frame.pdb,/media/zhenli/datadrive/valleyfevermutation/simulation_20ns_md/CIMG_01418/simulation_explicit/pocket15/replica_1/CIMG_01418_prepared_Milbemycin_pocket15_complex_recombined_complex_explicit_trajectory.dcd,0.5773840541948932,19,4.814017688409783,3.119179538979421,1.0,pocket_lost_instability,True,,passed,101.0,0.0,True,1,True,4.501538783255471,3.962447316390621,0.8333333333333334,1.819056129728196,2.7272213,3.5494038399274697,2.606899012119855,5.2959517941392775,5.031912215863519,5.951913836492292,5.621126267375088,5.620454315207889,5.45140781480683,3.762704979755306,3.4358595437667976,5.849276636070457,189.0792305778349,189.07419397484549,0.8009065662731547,0.670995670995671,0.41558441558441556,0.3722943722943723,0.3982683982683982,0.4329004329004329
CIMG_01418|Milbemycin|pocket3|replica_1,CIMG_01418,Milbemycin,pocket3,replica_1,/media/zhenli/datadrive/valleyfevermutation/simulation_20ns_md/CIMG_01418/simulation_explicit/pocket3/replica_1/CIMG_01418_prepared_Milbemycin_pocket3_complex_recombined_complex_explicit_initial_frame.pdb,/media/zhenli/datadrive/valleyfevermutation/simulation_20ns_md/CIMG_01418/simulation_explicit/pocket3/replica_1/CIMG_01418_prepared_Milbemycin_pocket3_complex_recombined_complex_explicit_trajectory.dcd,0.7362093352192361,14,6.869205684945031,3.161163219506652,1.0,pocket_retained_perturbation,True,,passed,101.0,0.0,True,1,True,9.89571044268063,6.490954462446503,0.6666666666666666,2.0749780452993667,2.8831718,11.082346398323814,9.024270833974754,10.996116947104783,8.891458251793752,11.798621455680387,9.69367646869375,11.58614393572157,9.595442265676812,11.255749223557252,8.480992767441528,12.19974679639479,234.66840236753535,234.5768094148052,1.3475950805055092,0.4034090909090909,0.4318181818181818,0.39204545454545453,0.4318181818181818,0.4318181818181818
CIMG_09093|Milbemycin|pocket1|replica_1,CIMG_09093,Milbemycin,pocket1,replica_1,/media/zhenli/datadrive/valleyfevermutation/simulation_20ns_md/CIMG_09093/simulation_explicit/pocket1/replica_1/CIMG_09093_prepared_Milbemycin_pocket1_complex_recombined_complex_explicit_initial_frame.pdb,/media/zhenli/datadrive/valleyfevermutation/simulation_20ns_md/CIMG_09093/simulation_explicit/pocket1/replica_1/CIMG_09093_prepared_Milbemycin_pocket1_complex_recombined_complex_explicit_trajectory.dcd,0.6287128712871288,18,3.329422983821595,2.341233592926529,1.0,pocket_lost_instability,True,,passed,101.0,0.0,True,1,True,6.189469320844412,5.044870313881262,0.8,1.6322819051317272,2.3818624,3.5028374176745087,1.1670847712513,4.926618218183179,3.284910103164067,5.4264303600964805,2.9594629147080003,3.7510384086001456,1.8578358451862818,6.229521952139465,3.2922446051854055,3.77160410542543,282.0557445173144,282.03662603066664,0.7023381459118817,0.5303030303030304,0.6161616161616161,0.5252525252525252,0.5303030303030304,0.5606060606060606
CIMG_09093|Milbemycin|pocket12|replica_1,CIMG_09093,Milbemycin,pocket12,replica_1,/media/zhenli/datadrive/valleyfevermutation/simulation_20ns_md/CIMG_09093/simulation_explicit/pocket12/replica_1/CIMG_09093_prepared_Milbemycin_pocket12_complex_recombined_complex_explicit_initial_frame.pdb,/media/zhenli/datadrive/valleyfevermutation/simulation_20ns_md/CIMG_09093/simulation_explicit/pocket12/replica_1/CIMG_09093_prepared_Milbemycin_pocket12_complex_recombined_complex_explicit_trajectory.dcd,0.8963308095515435,17,2.822923588184815,2.331803063728894,0.0,retained_stable,True,,passed,101.0,0.0,True,0,True,4.0313186146686135,1.2259558889009976,1.0,0.8548727781227285,1.0495899,4.150887934352874,2.976480917494041,4.2792277072164895,2.0559254401203373,4.185784963274931,1.5060403780795042,3.948576110272795,1.3777416377160252,4.148014364771258,1.717997488906427,4.438640163290852,278.33741218658514,278.3128411588813,0.3939846290749301,0.6767676767676768,0.6717171717171717,0.7222222222222222,0.5909090909090909,0.6868686868686869
CIMG_09093|Milbemycin|pocket3|replica_1,CIMG_09093,Milbemycin,pocket3,replica_1,/media/zhenli/datadrive/valleyfevermutation/simulation_20ns_md/CIMG_09093/simulation_explicit/pocket3/replica_1/CIMG_09093_prepared_Milbemycin_pocket3_complex_recombined_complex_explicit_initial_frame.pdb,/media/zhenli/datadrive/valleyfevermutation/simulation_20ns_md/CIMG_09093/simulation_explicit/pocket3/replica_1/CIMG_09093_prepared_Milbemycin_pocket3_complex_recombined_complex_explicit_trajectory.dcd,0.7326732673267328,25,2.9528241784286333,1.9609525016156155,0.0,retained_stable,True,,passed,101.0,0.0,True,0,True,3.4228681494920856,2.624892820533003,1.0,0.7647401124236343,2.8659048,2.7747225938476756,1.7931415065252432,3.331179770901802,1.9692794965862723,3.2173324373800996,1.7288501847233724,3.1395466820001734,1.7729556743206345,2.868499385608534,1.8211025585090204,3.4081264223395538,41.626674990797376,41.54531327241052,0.38278157430446735,0.731404958677686,0.7148760330578513,0.7396694214876032,0.7024793388429752,0.731404958677686
MDR1_CRYNH|Milbemycin|pocket12|replica_1,MDR1_CRYNH,Milbemycin,pocket12,replica_1,/media/zhenli/datadrive/valleyfevermutation/simulation_20ns_md/MDR1_CRYNH/simulation_explicit/pocket12/replica_1/MDR1_CRYNH_prepared_Milbemycin_pocket12_complex_recombined_complex_explicit_initial_frame.pdb,/media/zhenli/datadrive/valleyfevermutation/simulation_20ns_md/MDR1_CRYNH/simulation_explicit/pocket12/replica_1/MDR1_CRYNH_prepared_Milbemycin_pocket12_complex_recombined_complex_explicit_trajectory.dcd,0.5381188118811882,20,5.406591935797003,3.966463421467824,1.0,pocket_lost_instability,True,,passed,101.0,0.0,True,1,True,3.3334946562163865,1.656911458015944,0.4285714285714285,1.4518452632458478,2.875967,1.8158758972173887,1.4989467895321433,4.301741009626557,3.15374380651191,3.4451152925925403,1.8927550572181324,3.0243874475539454,1.5636387341153373,,,2.918157630908284,161.8161502317557,161.79598174643533,0.4573458761181062,0.6303030303030304,0.6545454545454544,0.5636363636363636,0.6909090909090908,
MDR1_CRYNH|Milbemycin|pocket13|replica_1,MDR1_CRYNH,Milbemycin,pocket13,replica_1,/media/zhenli/datadrive/valleyfevermutation/simulation_20ns_md/MDR1_CRYNH/simulation_explicit/pocket13/replica_1/MDR1_CRYNH_prepared_Milbemycin_pocket13_complex_recombined_complex_explicit_initial_frame.pdb,/media/zhenli/datadrive/valleyfevermutation/simulation_20ns_md/MDR1_CRYNH/simulation_explicit/pocket13/replica_1/MDR1_CRYNH_prepared_Milbemycin_pocket13_complex_recombined_complex_explicit_trajectory.dcd,0.5093069306930693,25,2.314082116223432,1.8189480499886224,0.0,metric_discordant_uncertain,True,,passed,101.0,0.0,True,0,True,3.200995421135471,2.2779616581465163,0.6363636363636364,0.8578826248937254,2.865856,2.5126648814757244,2.053336877488096,3.1506891331710962,2.706532594909778,3.1564066801036805,2.2769200329851387,3.107540161865927,2.2557246207845743,3.3888683145902876,2.6578404279450223,2.7688471337984644,183.6725827939513,183.65442814190422,0.8501333371187925,0.7373737373737373,0.7306397306397305,0.6700336700336701,0.6632996632996633,0.6464646464646465
MDR1_TRIRC|Milbemycin|pocket11|replica_1,MDR1_TRIRC,Milbemycin,pocket11,replica_1,/media/zhenli/datadrive/valleyfevermutation/simulation_20ns_md/MDR1_TRIRC/simulation_explicit/pocket11/replica_1/MDR1_TRIRC_prepared_Milbemycin_pocket11_complex_recombined_complex_explicit_initial_frame.pdb,/media/zhenli/datadrive/valleyfevermutation/simulation_20ns_md/MDR1_TRIRC/simulation_explicit/pocket11/replica_1/MDR1_TRIRC_prepared_Milbemycin_pocket11_complex_recombined_complex_explicit_trajectory.dcd,0.5990099009900991,12,5.7581650505867685,4.442161443206472,1.0,pocket_lost_instability,True,,passed,101.0,0.0,True,1,True,16.61883883690837,14.856914060593324,0.2222222222222222,1.5253012954084462,4.065847,2.3719853729705767,0.9985556574086616,3.532398164357748,2.533741773353876,2.9740042578583465,2.2375980293638027,10.911258606322864,10.046791182413894,15.468744455474983,14.43234815942145,11.120589423679164,142.8932362991194,142.82821101282823,1.878930574948182,0.6818181818181819,0.5714285714285713,0.5714285714285714,0.1558441558441558,0.12987012987012986
MDR1_TRIRC|Milbemycin|pocket3|replica_1,MDR1_TRIRC,Milbemycin,pocket3,replica_1,/media/zhenli/datadrive/valleyfevermutation/simulation_20ns_md/MDR1_TRIRC/simulation_explicit/pocket3/replica_1/MDR1_TRIRC_prepared_Milbemycin_pocket3_complex_recombined_complex_explicit_initial_frame.pdb,/media/zhenli/datadrive/valleyfevermutation/simulation_20ns_md/MDR1_TRIRC/simulation_explicit/pocket3/replica_1/MDR1_TRIRC_prepared_Milbemycin_pocket3_complex_recombined_complex_explicit_trajectory.dcd,0.7538896746817534,14,6.712942383865666,5.677430653104907,1.0,pocket_retained_perturbation,True,,passed,101.0,0.0,True,0,True,3.507196269069186,3.1533273419627834,1.0,0.7664960733487713,5.342848,5.213447162807214,3.6780042187312803,3.281967600133484,2.6965895505485857,3.8596225710459593,2.788291848102077,3.172357441725916,2.5920115179127134,3.6090716107640968,3.1664623335301454,3.4334232093351185,3.1723568762434904,2.592011490243607,0.9833384390596123,0.7757575757575758,0.7212121212121212,0.7999999999999999,0.6787878787878788,0.7212121212121212
MDR1_TRIRC|Milbemycin|pocket4|replica_1,MDR1_TRIRC,Milbemycin,pocket4,replica_1,/media/zhenli/datadrive/valleyfevermutation/simulation_20ns_md/MDR1_TRIRC/simulation_explicit/pocket4/replica_1/MDR1_TRIRC_prepared_Milbemycin_pocket4_complex_recombined_complex_explicit_initial_frame.pdb,/media/zhenli/datadrive/valleyfevermutation/simulation_20ns_md/MDR1_TRIRC/simulation_explicit/pocket4/replica_1/MDR1_TRIRC_prepared_Milbemycin_pocket4_complex_recombined_complex_explicit_trajectory.dcd,0.6998199819981998,22,3.0805256328173654,1.6009396865433465,1.0,pocket_retained_perturbation,True,,passed,101.0,1.0,True,1,True,2.663221358311114,2.087459903973065,0.7777777777777778,1.3305839209124208,3.657427,1.1663638467263073,0.8180041776392457,1.920830619339348,1.1507656436889304,2.0127036850067888,1.0839202278622162,2.142733954623982,1.2867395672605113,2.046173091282428,1.1782711980473417,2.286637055053179,200.3770307629602,200.3698062108015,1.3146060231619126,0.8363636363636363,0.7636363636363637,0.740909090909091,0.740909090909091,0.7909090909090909
MDR1_TRIRC|Milbemycin|pocket7|replica_1,MDR1_TRIRC,Milbemycin,pocket7,replica_1,/media/zhenli/datadrive/valleyfevermutation/simulation_20ns_md/MDR1_TRIRC/simulation_explicit/pocket7/replica_1/MDR1_TRIRC_prepared_Milbemycin_pocket7_complex_recombined_complex_explicit_initial_frame.pdb,/media/zhenli/datadrive/valleyfevermutation/simulation_20ns_md/MDR1_TRIRC/simulation_explicit/pocket7/replica_1/MDR1_TRIRC_prepared_Milbemycin_pocket7_complex_recombined_complex_explicit_trajectory.dcd,0.7013201320132014,18,3.261171898206798,1.9378722922706475,1.0,pocket_retained_perturbation,True,,passed,101.0,0.0,True,1,True,5.583368624562542,2.485228466422246,0.4444444444444444,1.7631375322223837,4.438712,3.3994910677949446,2.6971500608389056,3.406662923291906,2.9040128029657506,3.787715547999272,2.250944159985766,3.6897890507857287,2.760884446080217,3.7022088593529947,1.931814526136851,3.578109216968297,164.8511331982593,164.83302265479907,1.3517183508487138,0.6650717703349281,0.5980861244019139,0.6220095693779905,0.7177033492822965,0.6985645933014354
MDR1_TRIRC|Milbemycin|pocket8|replica_1,MDR1_TRIRC,Milbemycin,pocket8,replica_1,/media/zhenli/datadrive/valleyfevermutation/simulation_20ns_md/MDR1_TRIRC/simulation_explicit/pocket8/replica_1/MDR1_TRIRC_prepared_Milbemycin_pocket8_complex_recombined_complex_explicit_initial_frame.pdb,/media/zhenli/datadrive/valleyfevermutation/simulation_20ns_md/MDR1_TRIRC/simulation_explicit/pocket8/replica_1/MDR1_TRIRC_prepared_Milbemycin_pocket8_complex_recombined_complex_explicit_trajectory.dcd,0.7821782178217822,22,3.697020741255032,3.10705915659682,1.0,pocket_retained_perturbation,True,,passed,101.0,0.0,True,1,True,5.005711772650166,3.930191104739426,1.0,1.3768380115629,3.2419982,1.9163067061387806,1.5030657298883663,3.9075493585294683,2.311566896316693,4.954894400987572,2.954236522437343,4.433181279944254,2.6301798068324493,4.362185131047755,2.0052695663391034,4.244785804892282,165.49403090005612,165.4096052457705,1.710255432477743,0.7121212121212122,0.5833333333333334,0.48863636363636354,0.5189393939393938,0.4621212121212121
MDR2_TRIRC|Milbemycin|pocket10|replica_1,MDR2_TRIRC,Milbemycin,pocket10,replica_1,/media/zhenli/datadrive/valleyfevermutation/simulation_20ns_md/MDR2_TRIRC/simulation_explicit/pocket10/replica_1/MDR2_TRIRC_prepared_Milbemycin_pocket10_complex_recombined_complex_explicit_initial_frame.pdb,/media/zhenli/datadrive/valleyfevermutation/simulation_20ns_md/MDR2_TRIRC/simulation_explicit/pocket10/replica_1/MDR2_TRIRC_prepared_Milbemycin_pocket10_complex_recombined_complex_explicit_trajectory.dcd,0.4933993399339934,12,5.511031052618776,5.121780155335278,1.0,pocket_lost_instability,True,,passed,101.0,0.0,True,1,True,10.252645239218506,8.111276179846367,0.4444444444444444,1.2159496688650104,2.52627,2.88774198959192,1.3830851907289774,8.192513316445137,5.993774132467461,8.087929857293448,5.686363247313856,7.609931356366726,5.192552650049259,8.38863085350596,6.282524545653081,7.886250956046497,135.90867460231658,135.67700905189596,1.271471885406453,0.6969696969696969,0.7575757575757577,0.5303030303030302,0.6666666666666667,0.7045454545454546
MDR2_TRIRC|Milbemycin|pocket14|replica_1,MDR2_TRIRC,Milbemycin,pocket14,replica_1,/media/zhenli/datadrive/valleyfevermutation/simulation_20ns_md/MDR2_TRIRC/simulation_explicit/pocket14/replica_1/MDR2_TRIRC_prepared_Milbemycin_pocket14_complex_recombined_complex_explicit_initial_frame.pdb,/media/zhenli/datadrive/valleyfevermutation/simulation_20ns_md/MDR2_TRIRC/simulation_explicit/pocket14/replica_1/MDR2_TRIRC_prepared_Milbemycin_pocket14_complex_recombined_complex_explicit_trajectory.dcd,0.3564356435643565,12,6.640964124345574,3.6161160611921375,1.0,pocket_lost_instability,True,,passed,101.0,0.0,True,1,True,9.206684659904331,7.54431993162195,0.5,1.9561616852433383,5.2258635,5.002582543195939,3.7934041375627428,4.947250247086027,2.6864198891708857,5.627778578033248,2.953573825236315,8.150501080497676,4.623837920334991,4.705447339626992,2.4369739296562645,7.138461466942162,139.9206787492655,139.76327478516163,1.577940338094624,0.7355371900826447,0.6198347107438017,0.5702479338842974,0.5454545454545453,0.5289256198347106
MDR2_TRIRC|Milbemycin|pocket15|replica_1,MDR2_TRIRC,Milbemycin,pocket15,replica_1,/media/zhenli/datadrive/valleyfevermutation/simulation_20ns_md/MDR2_TRIRC/simulation_explicit/pocket15/replica_1/MDR2_TRIRC_prepared_Milbemycin_pocket15_complex_recombined_complex_explicit_initial_frame.pdb,/media/zhenli/datadrive/valleyfevermutation/simulation_20ns_md/MDR2_TRIRC/simulation_explicit/pocket15/replica_1/MDR2_TRIRC_prepared_Milbemycin_pocket15_complex_recombined_complex_explicit_trajectory.dcd,0.7209720972097208,11,4.797637486211209,3.1176174620617982,1.0,pocket_retained_perturbation,True,,passed,101.0,0.0,True,1,True,5.006269299484407,4.699864609729952,1.0,1.2988448456876276,3.5203328,4.678762627723042,4.184934523542361,6.547841795226703,5.0838758528021595,4.782337910348192,4.505302098691515,6.016523787380851,5.785570103555025,6.679675415412296,6.472202878767538,6.62179954572757,44.49511477089668,44.463797218412566,1.0470725250348005,0.6083916083916084,0.6153846153846154,0.6713286713286714,0.6083916083916084,0.6783216783216783
MDR2_TRIRC|Milbemycin|pocket3|replica_1,MDR2_TRIRC,Milbemycin,pocket3,replica_1,/media/zhenli/datadrive/valleyfevermutation/simulation_20ns_md/MDR2_TRIRC/simulation_explicit/pocket3/replica_1/MDR2_TRIRC_prepared_Milbemycin_pocket3_complex_recombined_complex_explicit_initial_frame.pdb,/media/zhenli/datadrive/valleyfevermutation/simulation_20ns_md/MDR2_TRIRC/simulation_explicit/pocket3/replica_1/MDR2_TRIRC_prepared_Milbemycin_pocket3_complex_recombined_complex_explicit_trajectory.dcd,0.552434456928839,18,4.286936164676339,2.6704224524466493,1.0,pocket_lost_instability,True,,passed,89.0,0.0,True,0,True,4.042733880927013,2.106081507088505,0.6428571428571429,0.3372608323819935,6.1020656,4.594043673663492,3.1828971828786123,3.692794270941928,1.6398831430849905,3.9855958411933234,2.014306241059254,3.4840362124695257,1.5452098940211036,3.5415927863182146,1.7586769385721046,3.4986771891072777,223.16333029263504,223.14167298380428,0.6420063120045925,0.748663101604278,0.7540106951871657,0.7647058823529412,0.7914438502673796,0.7914438502673797
MDR2_TRIRC|Milbemycin|pocket9|replica_1,MDR2_TRIRC,Milbemycin,pocket9,replica_1,/media/zhenli/datadrive/valleyfevermutation/simulation_20ns_md/MDR2_TRIRC/simulation_explicit/pocket9/replica_1/MDR2_TRIRC_prepared_Milbemycin_pocket9_complex_recombined_complex_explicit_initial_frame.pdb,/media/zhenli/datadrive/valleyfevermutation/simulation_20ns_md/MDR2_TRIRC/simulation_explicit/pocket9/replica_1/MDR2_TRIRC_prepared_Milbemycin_pocket9_complex_recombined_complex_explicit_trajectory.dcd,0.5981362842166569,17,4.998909600492141,3.1489018020844752,1.0,pocket_lost_instability,True,,passed,101.0,0.0,True,1,True,4.623659654441539,3.1386019213383385,0.5,1.6931329368044112,2.2715209,3.176077596523346,1.5554949283011623,3.368004244759278,1.4208061336415325,3.90813896108863,2.025522807055555,4.324496179065093,2.554787742433391,3.7874773323207775,1.890835464702459,4.037360756856087,4.3244963299821,2.554787759068638,1.0029208005080006,0.5454545454545454,0.5263157894736842,0.5502392344497608,0.5454545454545455,0.6028708133971292
PDH1_CANGA|Milbemycin|pocket12|replica_1,PDH1_CANGA,Milbemycin,pocket12,replica_1,/media/zhenli/datadrive/valleyfevermutation/simulation_20ns_md/PDH1_CANGA/simulation_explicit/pocket12/replica_1/PDH1_CANGA_prepared_Milbemycin_pocket12_complex_recombined_complex_explicit_initial_frame.pdb,/media/zhenli/datadrive/valleyfevermutation/simulation_20ns_md/PDH1_CANGA/simulation_explicit/pocket12/replica_1/PDH1_CANGA_prepared_Milbemycin_pocket12_complex_recombined_complex_explicit_trajectory.dcd,0.6274294096076275,27,4.15930185623624,2.89971421886618,1.0,pocket_lost_instability,True,,passed,101.0,0.0,True,1,True,5.088711131406109,1.948931666820504,1.0,1.0342224624478624,2.75301,2.4872374733231997,1.7950455316273832,2.7184367962090423,1.906700303691715,2.5322312062847327,1.7006967874100574,2.684734047688632,1.815796186581307,2.014929587917751,1.30753712569067,2.5532889115619017,127.98647824550568,127.74860739030741,0.6135926858249726,0.8484848484848484,0.7613636363636364,0.7386363636363636,0.7727272727272727,0.6856060606060607
PDH1_CANGA|Milbemycin|pocket13|replica_1,PDH1_CANGA,Milbemycin,pocket13,replica_1,/media/zhenli/datadrive/valleyfevermutation/simulation_20ns_md/PDH1_CANGA/simulation_explicit/pocket13/replica_1/PDH1_CANGA_prepared_Milbemycin_pocket13_complex_recombined_complex_explicit_initial_frame.pdb,/media/zhenli/datadrive/valleyfevermutation/simulation_20ns_md/PDH1_CANGA/simulation_explicit/pocket13/replica_1/PDH1_CANGA_prepared_Milbemycin_pocket13_complex_recombined_complex_explicit_trajectory.dcd,0.6706844597503229,23,4.285294630588501,3.6486132118933927,1.0,pocket_lost_instability,True,,passed,101.0,1.0,True,0,True,2.8354099713704866,2.396582014623337,1.0,0.3745289315876915,3.2406073,0.9834432326018149,0.7294443780772759,1.1779866982984695,0.8216895853068007,1.9156562098504368,1.4567977386306061,2.005727388881376,1.4207568222909188,2.5422795974958943,2.074877646292341,2.4693833492004345,64.52447697161556,64.17760534603532,0.5479724817815176,0.9242424242424242,0.8333333333333333,0.787878787878788,0.7474747474747474,0.696969696969697
PDH1_CANGA|Milbemycin|pocket2|replica_1,PDH1_CANGA,Milbemycin,pocket2,replica_1,/media/zhenli/datadrive/valleyfevermutation/simulation_20ns_md/PDH1_CANGA/simulation_explicit/pocket2/replica_1/PDH1_CANGA_prepared_Milbemycin_pocket2_complex_recombined_complex_explicit_initial_frame.pdb,/media/zhenli/datadrive/valleyfevermutation/simulation_20ns_md/PDH1_CANGA/simulation_explicit/pocket2/replica_1/PDH1_CANGA_prepared_Milbemycin_pocket2_complex_recombined_complex_explicit_trajectory.dcd,0.3974540311173974,28,6.133987874638008,4.966026913485672,1.0,pocket_lost_instability,True,,passed,101.0,1.0,True,1,True,2.262315279108044,1.9499184540945744,0.3,2.092399262972726,4.747712,2.074984139854305,1.5489873991100196,2.449779021702313,1.9834709092270237,2.399125033834606,2.0427093126068483,2.2485570361570706,1.9375255552833772,3.0653230013016146,2.8657610254281867,1.9185532865928512,185.3742117643197,185.3707875436766,0.41976594143456103,0.6700336700336701,0.6936026936026937,0.68013468013468,0.7306397306397305,0.7171717171717172
PDH1_CANGA|Milbemycin|pocket3|replica_1,PDH1_CANGA,Milbemycin,pocket3,replica_1,/media/zhenli/datadrive/valleyfevermutation/simulation_20ns_md/PDH1_CANGA/simulation_explicit/pocket3/replica_1/PDH1_CANGA_prepared_Milbemycin_pocket3_complex_recombined_complex_explicit_initial_frame.pdb,/media/zhenli/datadrive/valleyfevermutation/simulation_20ns_md/PDH1_CANGA/simulation_explicit/pocket3/replica_1/PDH1_CANGA_prepared_Milbemycin_pocket3_complex_recombined_complex_explicit_trajectory.dcd,0.7751060820367749,21,2.306328713707667,1.429708843853056,0.0,retained_stable,True,,passed,101.0,0.0,True,0,True,4.1071741911717226,2.242407713988261,1.0,0.6005762422098746,3.9498892,1.3004105861021196,0.656904910444108,3.826781339471883,2.6507246511089986,3.7632266806505483,2.3593759060686925,3.8989641159008332,2.6627686700471482,3.497319554164393,1.8000566660236685,3.9753683573425485,158.7803600097085,158.75506079253847,1.3462330492686403,0.7430830039525692,0.6956521739130435,0.7351778656126481,0.6679841897233202,0.7312252964426876
PDR5_YEAST|Milbemycin|pocket14|replica_1,PDR5_YEAST,Milbemycin,pocket14,replica_1,/media/zhenli/datadrive/valleyfevermutation/simulation_20ns_md/PDR5_YEAST/simulation_explicit/pocket14/replica_1/PDR5_YEAST_prepared_Milbemycin_pocket14_complex_recombined_complex_explicit_initial_frame.pdb,/media/zhenli/datadrive/valleyfevermutation/simulation_20ns_md/PDR5_YEAST/simulation_explicit/pocket14/replica_1/PDR5_YEAST_prepared_Milbemycin_pocket14_complex_recombined_complex_explicit_trajectory.dcd,0.7054455445544554,24,2.4920388345736093,0.826960842768101,0.0,retained_stable,True,,passed,101.0,1.0,True,1,True,1.884124720328264,1.7100389803368157,1.0,1.2080473864520325,1.442508,1.619967655528775,1.4278846794568638,1.9349411236302243,1.742130175329191,1.8832479022135373,1.6879299295203196,1.8043810071774637,1.664262043136808,1.9352595215614017,1.6634068880106048,1.4990139700520166,1.8043810932728603,1.66426075650922,0.30487891916031035,0.7454545454545454,0.7136363636363637,0.7227272727272728,0.7863636363636364,0.7772727272727273
PDR5_YEAST|Milbemycin|pocket15|replica_1,PDR5_YEAST,Milbemycin,pocket15,replica_1,/media/zhenli/datadrive/valleyfevermutation/simulation_20ns_md/PDR5_YEAST/simulation_explicit/pocket15/replica_1/PDR5_YEAST_prepared_Milbemycin_pocket15_complex_recombined_complex_explicit_initial_frame.pdb,/media/zhenli/datadrive/valleyfevermutation/simulation_20ns_md/PDR5_YEAST/simulation_explicit/pocket15/replica_1/PDR5_YEAST_prepared_Milbemycin_pocket15_complex_recombined_complex_explicit_trajectory.dcd,0.6889924286546301,17,3.07311550449502,2.081629187641396,1.0,pocket_retained_perturbation,True,,passed,101.0,1.0,True,1,True,2.683320852704954,2.3288248059212777,1.0,1.4888628783714248,3.3460257,1.6193112316293743,1.2152348896818719,1.8259817727848024,1.4758205149832049,1.724796226591016,1.3957115562184552,1.9797538889423059,1.6345745505851141,1.6574083826899568,1.2311093481610262,2.803673422990256,79.5440856971965,79.53237224282056,0.6673064136655062,0.6737967914438503,0.5614973262032085,0.5721925133689839,0.5668449197860963,0.5721925133689839
PDR5_YEAST|Milbemycin|pocket9|replica_1,PDR5_YEAST,Milbemycin,pocket9,replica_1,/media/zhenli/datadrive/valleyfevermutation/simulation_20ns_md/PDR5_YEAST/simulation_explicit/pocket9/replica_1/PDR5_YEAST_prepared_Milbemycin_pocket9_complex_recombined_complex_explicit_initial_frame.pdb,/media/zhenli/datadrive/valleyfevermutation/simulation_20ns_md/PDR5_YEAST/simulation_explicit/pocket9/replica_1/PDR5_YEAST_prepared_Milbemycin_pocket9_complex_recombined_complex_explicit_trajectory.dcd,0.6683168316831686,26,2.057110954059085,1.2225107660312478,0.0,metric_discordant_uncertain,True,,passed,101.0,0.0,True,1,True,7.100695547396951,5.679674713515054,0.9,1.0907279301636428,5.4394393,1.1177899304507706,0.7794947452032471,1.5116088736983848,0.7876165471923771,1.6915366467773134,0.9346281854009291,1.382596290528573,0.6557130817283946,1.4750620933246188,0.8796711101538297,1.444990057454345,248.41694034292775,248.41397687387723,0.8285913941730086,0.7797202797202797,0.7517482517482518,0.6468531468531469,0.7167832167832169,0.7097902097902099
SNQ2_CANGA|Milbemycin|pocket2|replica_1,SNQ2_CANGA,Milbemycin,pocket2,replica_1,/media/zhenli/datadrive/valleyfevermutation/simulation_20ns_md/SNQ2_CANGA/simulation_explicit/pocket2/replica_1/SNQ2_CANGA_prepared_Milbemycin_pocket2_complex_recombined_complex_explicit_initial_frame.pdb,/media/zhenli/datadrive/valleyfevermutation/simulation_20ns_md/SNQ2_CANGA/simulation_explicit/pocket2/replica_1/SNQ2_CANGA_prepared_Milbemycin_pocket2_complex_recombined_complex_explicit_trajectory.dcd,0.8592337494619028,23,2.67263231742546,1.897166972774653,0.0,retained_stable,True,,passed,101.0,0.0,True,0,True,3.070605560580624,2.7276453203269693,1.0,0.6642997929603901,1.2429819,1.716492649303344,1.298369293527349,2.4676355667270715,2.1695354171323986,2.353855423785086,1.838623287626798,2.444166011954077,2.2076937465653383,2.2961972924105876,1.9830011933796619,2.278440331614523,167.52434558250087,167.52104736383933,0.62826045996963,0.8636363636363636,0.8636363636363636,0.8030303030303029,0.8068181818181818,0.8030303030303031
SNQ2_CANGA|Milbemycin|pocket4|replica_1,SNQ2_CANGA,Milbemycin,pocket4,replica_1,/media/zhenli/datadrive/valleyfevermutation/simulation_20ns_md/SNQ2_CANGA/simulation_explicit/pocket4/replica_1/SNQ2_CANGA_prepared_Milbemycin_pocket4_complex_recombined_complex_explicit_initial_frame.pdb,/media/zhenli/datadrive/valleyfevermutation/simulation_20ns_md/SNQ2_CANGA/simulation_explicit/pocket4/replica_1/SNQ2_CANGA_prepared_Milbemycin_pocket4_complex_recombined_complex_explicit_trajectory.dcd,0.8180693069306932,24,3.1802429035023536,2.376091653316436,1.0,pocket_retained_perturbation,True,,passed,101.0,0.0,True,0,True,7.464254845272633,5.112356187917707,1.0,0.5108609969899164,2.1864965,3.4080522062933607,1.996877596173045,3.937977074662622,2.6272932660831336,6.628402534034493,4.625582506278975,6.726754659799273,4.512810480881246,6.745494615656336,4.839720277424735,6.255787231436674,151.96741823975478,151.8405907159572,0.6007059764655013,0.7613636363636364,0.6401515151515151,0.6136363636363635,0.5984848484848485,0.5833333333333334
SNQ2_CANGA|Milbemycin|pocket5|replica_1,SNQ2_CANGA,Milbemycin,pocket5,replica_1,/media/zhenli/datadrive/valleyfevermutation/simulation_20ns_md/SNQ2_CANGA/simulation_explicit/pocket5/replica_1/SNQ2_CANGA_prepared_Milbemycin_pocket5_complex_recombined_complex_explicit_initial_frame.pdb,/media/zhenli/datadrive/valleyfevermutation/simulation_20ns_md/SNQ2_CANGA/simulation_explicit/pocket5/replica_1/SNQ2_CANGA_prepared_Milbemycin_pocket5_complex_recombined_complex_explicit_trajectory.dcd,0.7446958981612448,14,4.560013869738073,3.505588415791382,1.0,pocket_retained_perturbation,True,,passed,101.0,1.0,True,1,True,1.919825195146456,1.0816688346550816,0.5,1.2278225787727712,4.363201,1.3600811386114122,1.0609951180676054,2.0485302803002985,1.6687676515600869,2.3012799444022916,1.555566543647305,1.9059158965883476,1.2083471312750222,2.190697022632335,1.4244614552140926,2.2512779976284025,179.48672403334757,179.48065919543112,0.902893593439472,0.7757575757575758,0.7818181818181817,0.6606060606060605,0.7151515151515152,0.6787878787878788
SNQ2_CANGA|Milbemycin|pocket9|replica_1,SNQ2_CANGA,Milbemycin,pocket9,replica_1,/media/zhenli/datadrive/valleyfevermutation/simulation_20ns_md/SNQ2_CANGA/simulation_explicit/pocket9/replica_1/SNQ2_CANGA_prepared_Milbemycin_pocket9_complex_recombined_complex_explicit_initial_frame.pdb,/media/zhenli/datadrive/valleyfevermutation/simulation_20ns_md/SNQ2_CANGA/simulation_explicit/pocket9/replica_1/SNQ2_CANGA_prepared_Milbemycin_pocket9_complex_recombined_complex_explicit_trajectory.dcd,0.6047524752475248,25,2.9871206211320347,2.1962897410779605,0.0,metric_discordant_uncertain,True,,passed,101.0,0.0,True,1,True,5.654184196208517,4.634739819848718,1.0,1.1285334070081705,1.4438146,2.4315963699924863,1.7611586376412118,3.970979767997356,3.1799962130133608,2.828897345031511,2.2261936159206726,3.6440445204481864,3.331349874917983,2.693093865277614,2.1612635182783255,3.5294243906928684,72.6577704107412,72.63353252252794,0.913362763338831,0.6993006993006993,0.6818181818181818,0.7447552447552447,0.6713286713286715,0.6643356643356643
