metric_id,task,score_column,higher_score_means,n,n_proteins,n_retained,n_nonretained,auroc,ci_lo,ci_hi,ci_method,model,checkpoint,auroc_ci_lo,auroc_ci_hi,paired_diff_vs_rmsd,paired_diff_ci_lo,paired_diff_ci_hi,balanced_accuracy,balanced_accuracy_ci_lo,balanced_accuracy_ci_hi,compute_saved_at_fsr10,achieved_false_stop_rate,decision_threshold,subset
rmsd_only,5ns,_proba,late retained,81,16.0,17.0,64.0,0.8189338235294118,0.7472712418300654,0.8804276237858327,"protein-clustered bootstrap, 5000 draws; fixed score",rmsd_only,5ns,0.7472712418300654,0.8804276237858327,0.0,0.0,0.0,0.7555147058823529,0.6257514437406855,0.8378825224071702,0.4808641975308642,0.058823529411764705,0.47400000000000003,
T_whole_only,5ns,_proba,late retained,81,16.0,17.0,64.0,0.7104779411764706,0.6206852343059239,0.8053357466063348,"protein-clustered bootstrap, 5000 draws; fixed score",T_whole_only,5ns,0.6206852343059239,0.8053357466063348,-0.10845588235294124,-0.18592572529192244,-0.02614064856711922,0.6479779411764706,0.5390602326907131,0.7396588164251207,0.32839506172839505,0.058823529411764705,0.41600000000000004,
Theta_whole_only,5ns,_proba,late retained,81,16.0,17.0,64.0,0.7840073529411765,0.6473214285714286,0.8941585500908678,"protein-clustered bootstrap, 5000 draws; fixed score",Theta_whole_only,5ns,0.6473214285714286,0.8941585500908678,-0.03492647058823528,-0.13939697729171413,0.05113894628099171,0.7164522058823529,0.5696002363332857,0.8278688524590163,0.37530864197530867,0.058823529411764705,0.378,
T_pocket_only,5ns,_proba,late retained,81,16.0,17.0,64.0,0.7674632352941176,0.6868667810177244,0.8492078081232493,"protein-clustered bootstrap, 5000 draws; fixed score",T_pocket_only,5ns,0.6868667810177244,0.8492078081232493,-0.05147058823529416,-0.12220313538582397,0.0075954742669534225,0.6773897058823529,0.5825347222222221,0.7848539695598519,0.32839506172839505,0.058823529411764705,0.426,
Theta_pocket_only,5ns,_proba,late retained,81,16.0,17.0,64.0,0.78125,0.6591943595620066,0.8888888888888888,"protein-clustered bootstrap, 5000 draws; fixed score",Theta_pocket_only,5ns,0.6591943595620066,0.8888888888888888,-0.0376838235294118,-0.11764705882352933,0.03700277602080256,0.7164522058823529,0.5698370413739265,0.8257592407592407,0.3987654320987654,0.058823529411764705,0.41200000000000003,
T_whole_plus_Theta_whole,5ns,_proba,late retained,81,16.0,17.0,64.0,0.7867647058823529,0.6740274168399168,0.8817478354978354,"protein-clustered bootstrap, 5000 draws; fixed score",T_whole_plus_Theta_whole,5ns,0.6740274168399168,0.8817478354978354,-0.032169117647058876,-0.1036511988927543,0.02778110047846886,0.7614889705882353,0.6381345843422115,0.8560606060606061,0.3987654320987654,0.058823529411764705,0.36,
T_pocket_plus_Theta_pocket,5ns,_proba,late retained,81,16.0,17.0,64.0,0.7922794117647058,0.692560063952986,0.8818187471732248,"protein-clustered bootstrap, 5000 draws; fixed score",T_pocket_plus_Theta_pocket,5ns,0.692560063952986,0.8818187471732248,-0.026654411764705954,-0.08081779331779328,0.025255270092226514,0.7104779411764706,0.5479166666666666,0.8197962952304209,0.4339506172839506,0.058823529411764705,0.39,
near_boundary_rmsd_only_5ns,,,,55,,,,0.8021978021978022,,,,rmsd_only,5ns,,,,,,,,,,,,near_boundary
near_boundary_T_whole_only_5ns,,,,55,,,,0.6208791208791209,,,,T_whole_only,5ns,,,,,,,,,,,,near_boundary
near_boundary_Theta_whole_only_5ns,,,,55,,,,0.7435897435897436,,,,Theta_whole_only,5ns,,,,,,,,,,,,near_boundary
near_boundary_T_pocket_only_5ns,,,,55,,,,0.684981684981685,,,,T_pocket_only,5ns,,,,,,,,,,,,near_boundary
near_boundary_Theta_pocket_only_5ns,,,,55,,,,0.7435897435897436,,,,Theta_pocket_only,5ns,,,,,,,,,,,,near_boundary
near_boundary_T_whole_plus_Theta_whole_5ns,,,,55,,,,0.7472527472527473,,,,T_whole_plus_Theta_whole,5ns,,,,,,,,,,,,near_boundary
near_boundary_T_pocket_plus_Theta_pocket_5ns,,,,55,,,,0.7380952380952381,,,,T_pocket_plus_Theta_pocket,5ns,,,,,,,,,,,,near_boundary
theta_pocket_6A,5ns,Theta_pocket_6A_mean_3_5,late non-retained,81,16.0,17.0,64.0,0.7876838235294118,0.6737921494355318,0.8861120892018779,"protein-clustered bootstrap, 5000 draws; fixed score",Theta_pocket_6A,5ns,,,,,,,,,,,,radius_sensitivity
theta_pocket_8A,5ns,Theta_pocket_8A_mean_3_5,late non-retained,81,16.0,17.0,64.0,0.7840073529411765,0.6693121693121693,0.8837954968617676,"protein-clustered bootstrap, 5000 draws; fixed score",Theta_pocket_8A,5ns,,,,,,,,,,,,radius_sensitivity
theta_pocket_10A,5ns,Theta_pocket_10A_mean_3_5,late non-retained,81,16.0,17.0,64.0,0.7830882352941176,0.6662125374625375,0.8827757568474944,"protein-clustered bootstrap, 5000 draws; fixed score",Theta_pocket_10A,5ns,,,,,,,,,,,,radius_sensitivity
rmsd_only,10ns,_proba,late retained,81,16.0,17.0,64.0,0.7950367647058824,0.6803840385518858,0.8798564326298701,"protein-clustered bootstrap, 5000 draws; fixed score",rmsd_only,10ns,0.6803840385518858,0.8798564326298701,0.0,0.0,0.0,0.7555147058823529,0.6171063990979244,0.8502915616721587,0.4111111111111111,0.058823529411764705,0.426,
T_whole_only,10ns,_proba,late retained,81,16.0,17.0,64.0,0.6626838235294118,0.4747150195694716,0.7959577789449113,"protein-clustered bootstrap, 5000 draws; fixed score",T_whole_only,10ns,0.4747150195694716,0.7959577789449113,-0.13235294117647056,-0.24918205090336237,-0.03231402369560277,0.6107536764705883,0.4153632478632479,0.7486902235427277,0.17777777777777778,0.058823529411764705,0.382,
Theta_whole_only,10ns,_proba,late retained,81,16.0,17.0,64.0,0.75,0.5718461891643709,0.8901209677419353,"protein-clustered bootstrap, 5000 draws; fixed score",Theta_whole_only,10ns,0.5718461891643709,0.8901209677419353,-0.04503676470588236,-0.15392442632333597,0.05107814900153612,0.6636029411764706,0.4940068886337543,0.7884070353493509,0.23333333333333334,0.058823529411764705,0.302,
T_pocket_only,10ns,_proba,late retained,81,16.0,17.0,64.0,0.7169117647058824,0.5785642135642136,0.827123111724561,"protein-clustered bootstrap, 5000 draws; fixed score",T_pocket_only,10ns,0.5785642135642136,0.827123111724561,-0.078125,-0.15384615384615385,-0.016447209355594038,0.7224264705882353,0.6013691939719337,0.8189655172413793,0.3111111111111111,0.058823529411764705,0.41000000000000003,
Theta_pocket_only,10ns,_proba,late retained,81,16.0,17.0,64.0,0.7601102941176471,0.5926668013649425,0.8963490742666942,"protein-clustered bootstrap, 5000 draws; fixed score",Theta_pocket_only,10ns,0.5926668013649425,0.8963490742666942,-0.03492647058823528,-0.13591739060489066,0.06021646859083187,0.7008272058823529,0.5397060706967213,0.8115942028985508,0.26666666666666666,0.058823529411764705,0.312,
T_whole_plus_Theta_whole,10ns,_proba,late retained,81,16.0,17.0,64.0,0.7444852941176471,0.5757394245099163,0.8695662830349531,"protein-clustered bootstrap, 5000 draws; fixed score",T_whole_plus_Theta_whole,10ns,0.5757394245099163,0.8695662830349531,-0.05055147058823528,-0.13819931766602964,0.013131313131313108,0.7104779411764706,0.5476190476190476,0.8354985475051264,0.34444444444444444,0.058823529411764705,0.372,
T_pocket_plus_Theta_pocket,10ns,_proba,late retained,81,16.0,17.0,64.0,0.7628676470588235,0.6051102543290043,0.8847660495923912,"protein-clustered bootstrap, 5000 draws; fixed score",T_pocket_plus_Theta_pocket,10ns,0.6051102543290043,0.8847660495923912,-0.032169117647058876,-0.11249923796539532,0.0380172858617131,0.7164522058823529,0.5595238095238095,0.8302818594257855,0.34444444444444444,0.058823529411764705,0.366,
near_boundary_rmsd_only_10ns,,,,61,,,,0.7713903743315508,,,,rmsd_only,10ns,,,,,,,,,,,,near_boundary
near_boundary_T_whole_only_10ns,,,,61,,,,0.6323529411764706,,,,T_whole_only,10ns,,,,,,,,,,,,near_boundary
near_boundary_Theta_whole_only_10ns,,,,61,,,,0.7286096256684492,,,,Theta_whole_only,10ns,,,,,,,,,,,,near_boundary
near_boundary_T_pocket_only_10ns,,,,61,,,,0.6898395721925134,,,,T_pocket_only,10ns,,,,,,,,,,,,near_boundary
near_boundary_Theta_pocket_only_10ns,,,,61,,,,0.7406417112299465,,,,Theta_pocket_only,10ns,,,,,,,,,,,,near_boundary
near_boundary_T_whole_plus_Theta_whole_10ns,,,,61,,,,0.7259358288770054,,,,T_whole_plus_Theta_whole,10ns,,,,,,,,,,,,near_boundary
near_boundary_T_pocket_plus_Theta_pocket_10ns,,,,61,,,,0.7459893048128342,,,,T_pocket_plus_Theta_pocket,10ns,,,,,,,,,,,,near_boundary
theta_pocket_6A,10ns,Theta_pocket_6A_mean_8_10,late non-retained,81,16.0,17.0,64.0,0.7693014705882353,0.5959922014195169,0.9010907599781299,"protein-clustered bootstrap, 5000 draws; fixed score",Theta_pocket_6A,10ns,,,,,,,,,,,,radius_sensitivity
theta_pocket_8A,10ns,Theta_pocket_8A_mean_8_10,late non-retained,81,16.0,17.0,64.0,0.7803308823529411,0.608177261335156,0.9074074074074074,"protein-clustered bootstrap, 5000 draws; fixed score",Theta_pocket_8A,10ns,,,,,,,,,,,,radius_sensitivity
theta_pocket_10A,10ns,Theta_pocket_10A_mean_8_10,late non-retained,81,16.0,17.0,64.0,0.7757352941176471,0.6017914600135966,0.9067833296646856,"protein-clustered bootstrap, 5000 draws; fixed score",Theta_pocket_10A,10ns,,,,,,,,,,,,radius_sensitivity
rmsd_only,20ns,_proba,late retained,81,16.0,17.0,64.0,0.8143382352941176,0.7230608100752243,0.88666796875,"protein-clustered bootstrap, 5000 draws; fixed score",rmsd_only,20ns,0.7230608100752243,0.88666796875,0.0,0.0,0.0,0.7477022058823529,0.6099056548456703,0.8359407018442623,0.3950617283950617,0.058823529411764705,0.44,
T_whole_only,20ns,_proba,late retained,81,16.0,17.0,64.0,0.6378676470588235,0.4611800676554775,0.7602620967741934,"protein-clustered bootstrap, 5000 draws; fixed score",T_whole_only,20ns,0.4611800676554775,0.7602620967741934,-0.17647058823529416,-0.2849998640676399,-0.11057440476190485,0.6167279411764706,0.48349236022427966,0.7273394996637936,0.17777777777777778,0.058823529411764705,0.386,
Theta_whole_only,20ns,_proba,late retained,81,16.0,17.0,64.0,0.8272058823529411,0.699132696007696,0.9265563533730129,"protein-clustered bootstrap, 5000 draws; fixed score",Theta_whole_only,20ns,0.699132696007696,0.9265563533730129,0.012867647058823484,-0.08799603174603181,0.1004383116883116,0.7008272058823529,0.575123106060606,0.8070175438596492,0.3160493827160494,0.058823529411764705,0.374,
T_pocket_only,20ns,_proba,late retained,81,16.0,17.0,64.0,0.6488970588235294,0.503287194198182,0.7783336133612646,"protein-clustered bootstrap, 5000 draws; fixed score",T_pocket_only,20ns,0.503287194198182,0.7783336133612646,-0.1654411764705882,-0.2639252185648066,-0.07622468989302016,0.6401654411764706,0.5178571428571429,0.7545470255550901,0.17777777777777778,0.058823529411764705,0.354,
Theta_pocket_only,20ns,_proba,late retained,81,16.0,17.0,64.0,0.8336397058823529,0.707972012627748,0.9256126516081241,"protein-clustered bootstrap, 5000 draws; fixed score",Theta_pocket_only,20ns,0.707972012627748,0.9256126516081241,0.01930147058823528,-0.09495442708333339,0.10537071535022333,0.7086397058823529,0.5901930147058824,0.8093787202380951,0.345679012345679,0.058823529411764705,0.426,
T_whole_plus_Theta_whole,20ns,_proba,late retained,81,16.0,17.0,64.0,0.8051470588235294,0.6710163760339817,0.9042871195968211,"protein-clustered bootstrap, 5000 draws; fixed score",T_whole_plus_Theta_whole,20ns,0.6710163760339817,0.9042871195968211,-0.009191176470588203,-0.09938970183995972,0.06140794311145512,0.6870404411764706,0.5416666666666667,0.8008381564088084,0.32592592592592595,0.058823529411764705,0.38,
T_pocket_plus_Theta_pocket,20ns,_proba,late retained,81,16.0,17.0,64.0,0.8143382352941176,0.6916193181818182,0.910028791242713,"protein-clustered bootstrap, 5000 draws; fixed score",T_pocket_plus_Theta_pocket,20ns,0.6916193181818182,0.910028791242713,0.0,-0.09838531232515753,0.08281258087474126,0.6930147058823529,0.5666666666666667,0.8,0.3654320987654321,0.058823529411764705,0.454,
near_boundary_rmsd_only_20ns,,,,52,,,,0.7478991596638656,,,,rmsd_only,20ns,,,,,,,,,,,,near_boundary
near_boundary_T_whole_only_20ns,,,,52,,,,0.5798319327731093,,,,T_whole_only,20ns,,,,,,,,,,,,near_boundary
near_boundary_Theta_whole_only_20ns,,,,52,,,,0.8,,,,Theta_whole_only,20ns,,,,,,,,,,,,near_boundary
near_boundary_T_pocket_only_20ns,,,,52,,,,0.5495798319327732,,,,T_pocket_only,20ns,,,,,,,,,,,,near_boundary
near_boundary_Theta_pocket_only_20ns,,,,52,,,,0.8168067226890756,,,,Theta_pocket_only,20ns,,,,,,,,,,,,near_boundary
near_boundary_T_whole_plus_Theta_whole_20ns,,,,52,,,,0.7966386554621848,,,,T_whole_plus_Theta_whole,20ns,,,,,,,,,,,,near_boundary
near_boundary_T_pocket_plus_Theta_pocket_20ns,,,,52,,,,0.7899159663865546,,,,T_pocket_plus_Theta_pocket,20ns,,,,,,,,,,,,near_boundary
theta_pocket_6A,20ns,Theta_pocket_6A_mean_18_20,late non-retained,81,16.0,17.0,64.0,0.8318014705882353,0.7108279865295994,0.9209048602057076,"protein-clustered bootstrap, 5000 draws; fixed score",Theta_pocket_6A,20ns,,,,,,,,,,,,radius_sensitivity
theta_pocket_8A,20ns,Theta_pocket_8A_mean_18_20,late non-retained,81,16.0,17.0,64.0,0.8382352941176471,0.7123624411962366,0.9251179075460829,"protein-clustered bootstrap, 5000 draws; fixed score",Theta_pocket_8A,20ns,,,,,,,,,,,,radius_sensitivity
theta_pocket_10A,20ns,Theta_pocket_10A_mean_18_20,late non-retained,81,16.0,17.0,64.0,0.8345588235294118,0.7128813678088431,0.9230769230769231,"protein-clustered bootstrap, 5000 draws; fixed score",Theta_pocket_10A,20ns,,,,,,,,,,,,radius_sensitivity
