complex_id,protein,ligand,pocket,replica,status,error,n_frames,frame_interval_ns,trajectory_end_ns,complete_70_100_coverage,n_pocket_residues_6A,n_pocket_residues_8A,n_pocket_residues_10A,T_whole_mean_3_5,Theta_whole_mean_3_5,I_mean_3_5,T_pocket_6A_mean_3_5,Theta_pocket_6A_mean_3_5,T_pocket_8A_mean_3_5,Theta_pocket_8A_mean_3_5,T_pocket_10A_mean_3_5,Theta_pocket_10A_mean_3_5,T_whole_mean_8_10,Theta_whole_mean_8_10,I_mean_8_10,T_pocket_6A_mean_8_10,Theta_pocket_6A_mean_8_10,T_pocket_8A_mean_8_10,Theta_pocket_8A_mean_8_10,T_pocket_10A_mean_8_10,Theta_pocket_10A_mean_8_10,T_whole_mean_18_20,Theta_whole_mean_18_20,I_mean_18_20,T_pocket_6A_mean_18_20,Theta_pocket_6A_mean_18_20,T_pocket_8A_mean_18_20,Theta_pocket_8A_mean_18_20,T_pocket_10A_mean_18_20,Theta_pocket_10A_mean_18_20
AFR1|Milbemycin|pocket10|replica_1,AFR1,Milbemycin,pocket10,replica_1,ok,,500,0.20000000059628115,100.00000029814058,True,40,64,92,2.0849172051053,0.187969249139808,0.9775733106980514,0.9115874691521959,0.17772427677025382,1.0084218956543032,0.16324763285520175,1.1232473881807175,0.17198057691973073,2.7827202908172204,0.15012572748270722,0.8941806741650935,1.1561985898283107,0.16645412785131294,1.2051879106026964,0.17896689682016806,1.2804993212654674,0.17213742488813666,2.775648137020927,0.18728036020511854,0.8871520052883809,0.9928554396854543,0.1861644625184435,1.0498621540251936,0.1951564576457481,1.09274964380041,0.18565868189588663
AFR1|Milbemycin|pocket11|replica_1,AFR1,Milbemycin,pocket11,replica_1,ok,,500,0.20000000059628115,100.00000029814058,True,33,52,83,0.7414564356804242,0.17485554339949838,0.5697105529322717,0.556760693685439,0.1366012665003052,0.586441351057781,0.13594754772949377,0.5667490066279808,0.14512545750699515,1.5702741601458683,0.23277490421216063,0.9131603721959867,1.5113745956674363,0.24332895203948254,1.5277171311069666,0.2361262635560286,1.6713013815246243,0.2370395261593126,1.7130215222723708,0.18077798394310338,0.9360552329974233,1.334099307799423,0.21491161255171354,1.390919379263204,0.21485728768087634,1.555329100004473,0.20135488660623227
AFR1|Milbemycin|pocket2|replica_1,AFR1,Milbemycin,pocket2,replica_1,ok,,500,0.20000000059628115,100.00000029814058,True,32,65,93,0.741865043778568,0.18948441469784605,0.2997761260116375,0.716066270540701,0.15802114772205192,0.701495072437811,0.15602243809442748,0.6879774066986702,0.15776302051383453,0.8376826339246191,0.17160711931392797,0.4435939077408237,0.5654041984825944,0.1285210757459829,0.5274633080719365,0.13017243165385856,0.5268571283852529,0.1273390915086112,1.4909440068063236,0.3183270699546151,1.1380750369352588,0.8890379628053143,0.31047131963622665,0.8935544088814722,0.2952684831475126,0.8817684923073564,0.2847570193664748
AFR1|Milbemycin|pocket3|replica_1,AFR1,Milbemycin,pocket3,replica_1,ok,,500,0.20000000059628115,100.00000029814058,True,32,60,95,3.5092404654349916,0.7370037662034702,1.2349774805659346,3.5553703200846045,0.7559611669323784,3.618992692093865,0.7573195360719551,3.530969034418955,0.7593169052324253,3.0225328488260144,0.7023614174718319,1.2888038893096108,3.1239440543931156,0.7508537169763412,3.16968387825133,0.753971199317609,3.0822238831400752,0.7589606234890887,4.089642536850572,0.7282581979110538,1.2879681023031768,3.730378300520925,0.778606784809482,3.7930729494173803,0.7844342636919447,3.7129547912321836,0.7881336627664607
AFR1|Milbemycin|pocket8|replica_1,AFR1,Milbemycin,pocket8,replica_1,ok,,500,0.20000000059628115,100.00000029814058,True,34,63,100,2.0028023713683365,0.4418358323644695,1.2453578339289246,0.8484925904570588,0.445631998764447,0.8944855268180393,0.4368220229919336,0.9446318450323524,0.4402269902913341,2.066308576463788,0.48280134233726313,1.2442545379110153,0.5815505624101007,0.4123391199330987,0.614870995334515,0.4095297249031432,0.6522553437280132,0.41107678576542644,1.0188443215391274,0.6851490293013698,1.2018004071242343,1.4733097459081146,0.5527930705946034,1.5167542449144036,0.5517343148942825,1.4772896270603675,0.5482965986160948
AFR1|Milbemycin|pocket9|replica_1,AFR1,Milbemycin,pocket9,replica_1,ok,,244,0.20000000059628115,48.8000001454926,False,27,49,78,0.6244915750204347,0.18118912829794176,0.5084522405645912,0.48307220268371726,0.18657247526251927,0.429176949626978,0.17983777374207843,0.42786592788656413,0.17998498890789222,0.39947958047423265,0.1599236863047393,0.5401777489717884,0.3824124433281861,0.14355060945757936,0.35164716372343013,0.1408177210384383,0.3299317737914497,0.14774431976458366,0.3761618678798904,0.20919695551006667,0.610040725145825,0.3108262708597033,0.18064424529869386,0.31871793913954094,0.19580550073822636,0.3186493532498181,0.20149659998652944
ATRF_ASPFU|Milbemycin|pocket1|replica_1,ATRF_ASPFU,Milbemycin,pocket1,replica_1,ok,,500,0.20000000059628115,100.00000029814058,True,34,67,101,0.6539881526553727,0.13298236360033594,0.30254003507519617,0.39104662323120215,0.10391521591105278,0.3581366818931734,0.10588301599320413,0.3558077143514739,0.10954814689914626,2.0181299407343105,0.5905095936177909,0.6370078330455625,1.1079424587454727,0.5333697890493729,1.2209823056062534,0.5439659379054066,1.2389884508226923,0.551378654236729,2.3637267769552963,0.636962434584634,0.637633893780046,1.054541789871192,0.5567288357210708,1.151281785984037,0.569373365701015,1.1589467774540225,0.5760297634261444
ATRF_ASPFU|Milbemycin|pocket11|replica_1,ATRF_ASPFU,Milbemycin,pocket11,replica_1,ok,,500,0.20000000059628115,100.00000029814058,True,20,38,68,1.8297407691986307,0.37199515458946186,0.7655853715034223,1.585852120576225,0.43572014754006966,1.671564190866195,0.44065188930849336,1.655899098719306,0.43158948137381475,2.3990099507434497,0.4067013613643912,0.8106492796713826,2.2054103120375306,0.3808229782469342,2.2145255558690375,0.3963539209232683,2.2265933362216566,0.38975123163176517,4.363098357935531,1.2126590598728613,0.8948828593083977,4.492479400261022,1.0945873896611624,4.507085157816355,1.1234359743653022,4.457186097725643,1.1287425573206937
ATRF_ASPFU|Milbemycin|pocket13|replica_1,ATRF_ASPFU,Milbemycin,pocket13,replica_1,ok,,500,0.20000000059628115,100.00000029814058,True,16,28,41,2.661265067059557,0.3830766606680979,0.4351590782470451,1.2311627289501594,0.33767680207983464,1.2277879701086962,0.3321482906210946,1.2629599860043395,0.3386191853085341,1.8157652587968611,0.37349276915576524,0.3462847780161226,1.8130004887442348,0.3402940274340001,1.8119174194189307,0.33616355831025707,1.7772202459766084,0.33942973066452686,2.1319883994806283,0.7463429026550059,1.0550900062599693,2.1778105960154672,0.7001835456159605,2.145488190008094,0.6915132879879995,2.135960063871997,0.701482876031619
ATRF_ASPFU|Milbemycin|pocket4|replica_1,ATRF_ASPFU,Milbemycin,pocket4,replica_1,ok,,500,0.20000000059628115,100.00000029814058,True,33,55,83,1.7673490076152243,0.15076459316623067,0.3427997111399416,0.9301205251206636,0.14643521091883208,0.9693858376463402,0.1450422871713481,1.0915524114176889,0.1434785913368833,1.3892383124027816,0.3624169911155892,0.39518744927527777,0.5871261790947793,0.3150243949837894,0.624191958139318,0.3159644719114112,0.6915933575441269,0.32220073741578364,1.3633527612636667,0.40367748373114004,0.4577032115333489,0.6393247746269437,0.39305067760720913,0.6705205103041809,0.405884747285791,0.61784339400642,0.407117153704808
ATRF_ASPFU|Milbemycin|pocket7|replica_1,ATRF_ASPFU,Milbemycin,pocket7,replica_1,ok,,500,0.20000000059628115,100.00000029814058,True,15,32,45,1.0074372716453328,0.6935914617291268,1.2762544803361549,0.9408439944173664,0.7366485093258305,0.9859170984989895,0.736191493352075,0.9924613193750752,0.7404080451394548,1.6001667108906348,1.416976603892853,1.1286880306464595,1.6848759087636118,1.45504448057424,1.6559549159892841,1.4585619338578688,1.690912063300714,1.4581474848370464,1.9678009988375693,1.934514612881799,1.0549467950032339,1.7388723363979535,1.9412983539350839,1.725765077560771,1.9301785229908814,1.7484848068719345,1.9266242614524232
CDR1_CANAR|Milbemycin|pocket1|replica_1,CDR1_CANAR,Milbemycin,pocket1,replica_1,ok,,500,0.20000000059628115,100.00000029814058,True,37,67,105,1.905531034902986,0.13284991627266857,1.008573581616675,1.0580629356339488,0.1931350824244662,0.9850515559862852,0.18578506140887976,1.1132953563748529,0.19728350125631441,2.76269660917415,0.11957328548781142,0.9511784895568116,1.2961082384813487,0.2074415105031363,1.268928298916858,0.20465111683223813,1.4751254402520362,0.21246488888508483,3.126426130852743,0.09940726433317844,1.0083796172333612,1.6057943755508965,0.1685394949703024,1.6178561797975481,0.15810508350806873,1.8740465530530068,0.18094289492206828
CDR1_CANAR|Milbemycin|pocket11|replica_1,CDR1_CANAR,Milbemycin,pocket11,replica_1,ok,,500,0.20000000059628115,100.00000029814058,True,30,54,83,2.7062265464362465,0.29803911594448756,1.0332151440159492,2.0712851040131164,0.24325314957788147,2.1028274006996406,0.253656142351193,2.187877508589726,0.27175596928033796,1.5620171695040435,0.9350404912638628,0.5782090814073698,1.243060584763691,0.9085508905767911,1.219083300193043,0.9091667640252541,1.273849164503854,0.9267139926525861,2.4200382654112254,1.0372321826102404,0.5500931569642002,2.193178579611,0.980101744895086,2.1176912724835857,0.9931988273135961,2.1376272446075184,1.0161635266421785
CDR1_CANAR|Milbemycin|pocket2|replica_1,CDR1_CANAR,Milbemycin,pocket2,replica_1,ok,,500,0.20000000059628115,100.00000029814058,True,29,60,92,1.5417186288883256,0.29379329154905665,0.6774084869906482,1.6506841041364266,0.2275293014904076,1.6295550044307712,0.2402356706106055,1.7823115028692504,0.25559818050453886,1.4747906680652085,0.3220874586992791,0.6627644521959947,1.4852675805740723,0.26987447089542305,1.4630274232180673,0.2822212576512758,1.5558889586030125,0.2920157320388586,1.5641567132987781,0.28171822786604234,0.691926041402935,1.6732076740879818,0.20260797287112042,1.5944078842006737,0.20892255170524096,1.7388861908678477,0.22598264407439084
CDR1_CANAR|Milbemycin|pocket3|replica_1,CDR1_CANAR,Milbemycin,pocket3,replica_1,ok,,500,0.20000000059628115,100.00000029814058,True,26,46,77,4.491372446318315,0.31699178913729487,0.5393447546365173,1.97515611631184,0.37099717721787945,2.486512449510928,0.3761105019995677,2.7991995164321852,0.3521879950466785,5.269901549869959,0.4007609535438627,0.4968610176721638,2.841255536166441,0.39321841156705745,3.3347797446552523,0.42791728366343523,3.6124437454718885,0.4218156703520324,4.949682385780492,0.3904440711950654,0.6153692017791212,2.9374552559389446,0.35921628493449914,3.4600473307327233,0.40042438769891775,3.7422304978816467,0.39720968108457194
CDR1_CANAR|Milbemycin|pocket9|replica_1,CDR1_CANAR,Milbemycin,pocket9,replica_1,ok,,500,0.20000000059628115,100.00000029814058,True,12,24,39,6.168808393585651,2.0640572458270308,1.517898802539724,7.4147661000184195,2.048612575859659,7.142954410754293,2.0263709622146644,7.0584738342918545,2.017196333278259,2.313590672110721,2.7692966135897374,1.757005767131041,4.374066029338464,2.765384269970941,4.054159372513588,2.761670355564522,3.7708574373133392,2.7717848688847497,1.7109250162434564,2.4731714467710777,1.5191461170916503,2.839014571701574,2.5164115717696927,2.6898684236740604,2.4860020888037493,2.591618663656067,2.4878968597216637
CDR1_CANAR_auris|Milbemycin|pocket10|replica_1,CDR1_CANAR_auris,Milbemycin,pocket10,replica_1,ok,,500,0.20000000059628115,100.00000029814058,True,14,28,42,3.5638940009140083,1.6497305168439929,0.3656333458339304,4.91722789725471,1.6414123029430323,4.825611419804303,1.6288555378354568,4.935653952318845,1.6077769000512807,11.395121061803168,2.5397204981655466,0.3392219256444933,13.911187893226325,2.524798597828095,13.762949012144572,2.522937169506455,13.74543307892056,2.540850561966754,9.01939308603142,2.993860358025017,0.3562205269387984,10.148725480161815,2.9785423988719555,10.168455571828092,2.9778311835685556,10.298522534197094,2.9687495512810758
CDR1_CANAR_auris|Milbemycin|pocket14|replica_1,CDR1_CANAR_auris,Milbemycin,pocket14,replica_1,ok,,500,0.20000000059628115,100.00000029814058,True,28,56,91,2.4046619916457064,0.5918167588362381,0.7022430170973585,2.3483105273669005,0.5148703540002454,2.2999606358724787,0.5141254876667999,2.295870083649912,0.5241660267842385,1.9919254397657276,0.771527472391099,1.0847085073543565,2.1299132583623024,0.7062430958764455,2.0957802761721642,0.7133545241295148,2.105028001242801,0.7186506653580662,2.0754644463778167,1.2450463442907262,1.0906186696629963,1.9673157578492273,1.1985992204725404,1.925536903098852,1.1986626770457711,1.9207782215294926,1.2125207882444844
CDR1_CANAR_auris|Milbemycin|pocket2|replica_1,CDR1_CANAR_auris,Milbemycin,pocket2,replica_1,ok,,500,0.20000000059628115,100.00000029814058,True,28,57,86,2.2580434679578336,0.1340463711333893,0.6173501978563937,2.002644965361212,0.10463444147723515,2.1221979446919508,0.11499623694663602,2.095017670235411,0.11640267421910756,2.3895903331714736,0.3261641499533743,0.6029552321101185,2.2963343152439326,0.22022092692779968,2.294787266590319,0.26344546904327,2.1994417994877575,0.27134284165549727,2.512877807848699,0.3948373725300906,0.5453317877667615,2.209376121876922,0.2892545119365386,2.2917213371828606,0.32972535749550097,2.2749923863846186,0.3365494959919237
CDR1_CANAR_auris|Milbemycin|pocket5|replica_1,CDR1_CANAR_auris,Milbemycin,pocket5,replica_1,ok,,500,0.20000000059628115,100.00000029814058,True,32,60,85,1.157172685460862,0.5387454313759743,0.875103765901098,0.9332425437008685,0.508609580692049,0.9924010150245369,0.4880548489258148,0.983312690743433,0.4822022411018161,1.1182456577978845,0.705126029747889,0.9688770919401566,1.5136571627599802,0.6439821993227037,1.458895538578834,0.6396514716385954,1.4092453438544217,0.6416790441470298,3.0355301120091336,0.42998021799430963,1.136397034665035,3.1423509742440463,0.37480763861137817,3.0471165571575427,0.36899803020076954,3.0418831783023563,0.36607239141315906
CDR2_CANAL|Milbemycin|pocket1|replica_1,CDR2_CANAL,Milbemycin,pocket1,replica_1,ok,,500,0.20000000059628115,100.00000029814058,True,11,25,36,7.860531906022066,2.939987190185043,0.6955977610045386,8.644050534163911,2.9368843976124683,8.545184188166536,2.9449626624368177,8.283357175476697,2.9424776274051236,6.924715434739276,2.5216469219609774,0.6461642214564871,6.798805937901014,2.520032558538856,6.44454999152795,2.521386485641798,6.325661773430003,2.5178082196575686,11.121845484687082,2.4866037975990456,0.7983559135101251,10.500326692418087,2.554854672571917,10.443792948102846,2.549426515082113,10.390673970637776,2.5543651386940884
CDR2_CANAL|Milbemycin|pocket12|replica_1,CDR2_CANAL,Milbemycin,pocket12,replica_1,ok,,500,0.20000000059628115,100.00000029814058,True,24,44,71,1.4083083292839704,0.3778963619220809,0.9563322766590795,1.4279312117234981,0.3470174897706425,1.2828904201402516,0.3361373973058302,1.3027624252683097,0.3441854294715267,3.130038917094689,0.5867389433558418,0.65910131846636,2.709455484503954,0.6263284224348147,2.578234092602312,0.5972131878723036,2.614031362338295,0.5826738990189179,5.503914329616017,1.2823514052578198,1.2707277218607194,5.223434921459091,1.2710371738101776,5.011164526708876,1.2374155874068329,5.295359587268157,1.2396852775882945
CDR2_CANAL|Milbemycin|pocket13|replica_1,CDR2_CANAL,Milbemycin,pocket13,replica_1,ok,,500,0.20000000059628115,100.00000029814058,True,17,32,43,9.089892126997217,0.9282637478821368,1.6916227550135121,9.003216529767515,0.9968189429369652,8.781377685992195,1.0021558817767067,8.708149710539052,1.0036160639470053,13.412216745025647,1.0854744020549267,1.89952487710694,13.142431980323574,1.1183176719014447,12.954115039724162,1.124784791268495,12.907261089381656,1.1255175236293735,11.121057456075555,1.4159148531035866,1.9555262305691044,10.706027860180694,1.4569291776976245,10.49977269976709,1.4516489626280118,10.41071978851093,1.457677664039795
CDR2_CANAL|Milbemycin|pocket4|replica_1,CDR2_CANAL,Milbemycin,pocket4,replica_1,ok,,500,0.20000000059628115,100.00000029814058,True,28,51,84,2.110597827856648,0.5681677470496627,1.17602676131973,1.7630139607903415,0.5020740621882432,1.7582047325535575,0.5234719380743872,1.8475612043187184,0.5353608292010447,2.530082266145654,0.5198577563970813,1.4438812927292017,2.3677217928194527,0.5897575167891481,2.326973822348236,0.569976593918139,2.3815032441834267,0.5502393206288322,2.3177909818240376,0.5600957440744267,1.4017043920553862,2.4681104176983393,0.6171401681443197,2.472396927628384,0.5955481396786729,2.5034006626316767,0.5729170962722637
CDR2_CANAL|Milbemycin|pocket8|replica_1,CDR2_CANAL,Milbemycin,pocket8,replica_1,ok,,474,0.20000000059628115,94.80000028263726,False,24,47,72,1.4755549560813828,0.4907199431265054,1.0394162246576535,1.1004524570793934,0.4910848463162021,1.1351739039981459,0.4852658669176634,1.1164122126422364,0.4852751142550183,1.7353421071223265,0.6777074904884034,0.5779342434815784,2.28840674296832,0.6193430857885539,2.2322189064487827,0.6378460039151955,2.1479487624286824,0.6400156674265254,1.879629209666913,0.6823100168241832,0.7163018720046538,3.2603714795710697,0.5966802226061259,2.928318044051866,0.6429655524528614,2.7663416002841874,0.6458736239679005
CIMG_00533|Milbemycin|pocket1|replica_1,CIMG_00533,Milbemycin,pocket1,replica_1,ok,,500,0.20000000059628115,100.00000029814058,True,20,33,57,4.816390492753489,1.1560514759804048,1.2780383012313619,3.8519714261924025,1.148665920101898,3.5475806646158006,1.0820542565633666,3.484733108873961,1.0887257203229288,4.603137264951539,1.0815405003157679,1.1905921109221365,4.351378326767319,1.0981368567804302,4.142804721935127,1.0511848411400733,4.1597860886734725,1.0671673652231648,4.18110933469783,1.1069334323022222,1.187178026371363,4.471273962431522,1.1401784716198478,4.1096622217446654,1.0753761734503622,4.104458589450699,1.0890494991530248
CIMG_00533|Milbemycin|pocket12|replica_1,CIMG_00533,Milbemycin,pocket12,replica_1,ok,,500,0.20000000059628115,100.00000029814058,True,28,54,83,1.3249552319914821,1.1961593609900598,1.8510643673987905,0.6235062094454817,1.109981905374905,0.8502584567233685,1.1336299407871782,0.9487035822699724,1.1472629929697462,2.031945343118289,1.709578396332867,1.9699553130188994,1.3570096422486007,1.6415188220640409,1.6241228357174846,1.6588005507634493,1.8050245051945204,1.6648733529110091,1.3790953498753653,1.5385215234332825,1.994816388401526,1.078165603793881,1.4889132942069359,1.1624425455028147,1.508314346005416,1.3236420249920882,1.5160571683310309
CIMG_00533|Milbemycin|pocket2|replica_1,CIMG_00533,Milbemycin,pocket2,replica_1,ok,,500,0.20000000059628115,100.00000029814058,True,31,57,95,1.731269773805208,0.3031776221952731,0.9353939179766404,1.3521242581265043,0.3289730716747111,1.3581945093124228,0.32735226764528824,1.4621361937010526,0.33127508511574866,1.2105728973510796,0.1639521073987864,0.9654882674327717,0.6861412273821762,0.20230987702949382,0.7214045198377581,0.19974279311476392,0.8648447060302625,0.1994129255039647,1.3433658916596085,0.23289747003212133,1.0530455186555925,1.1416881656853903,0.2420823066842306,1.1522611588355256,0.24385988305532236,1.2626140696193071,0.25261610096795645
CIMG_00533|Milbemycin|pocket3|replica_1,CIMG_00533,Milbemycin,pocket3,replica_1,ok,,500,0.20000000059628115,100.00000029814058,True,21,41,65,1.5325130723603273,0.7270536591297803,0.5478408515875025,0.6834769158384109,0.7003896373108215,0.7461654829097984,0.6918190247386296,0.799164142945648,0.7026391055182274,1.9803148846430048,0.7142147503689368,0.57100118958217,0.8346924638722943,0.6970948734077594,0.9022115336657968,0.6869504247628866,0.9347167461606073,0.6966552965596624,2.3272860276301857,0.7433563324878377,0.5598147131189983,0.6728485433837292,0.7147270916366728,0.7244296360276491,0.7054302222402026,0.7551272261673726,0.7143442911163747
CIMG_00533|Milbemycin|pocket7|replica_1,CIMG_00533,Milbemycin,pocket7,replica_1,ok,,500,0.20000000059628115,100.00000029814058,True,19,41,60,1.1427704004469492,0.15279953588845696,0.7391630861866253,0.9429718266309647,0.15502276050706085,0.868855127864885,0.148984660662391,0.8909421667529671,0.15045674652595287,1.1158785816781582,0.1445598898324535,0.7434778600197351,1.038631461439975,0.21270476146456804,1.0071566590792924,0.20526267069509477,1.034905615587883,0.20449771023574617,0.9973080326200037,0.14085441813244193,0.7277980016220158,1.2392063190588056,0.17040884320276214,1.2051178977802537,0.14698208410580588,1.2114326172487269,0.1469914061114127
CIMG_00533|Milbemycin|pocket9|replica_1,CIMG_00533,Milbemycin,pocket9,replica_1,ok,,500,0.20000000059628115,100.00000029814058,True,32,60,91,1.5186146233035887,0.6739009391580434,0.8553500299128945,1.0132170646484986,0.6994790853263595,1.0659798253195873,0.6915317638128853,1.1518993525708245,0.7040523518897971,1.7447338001202766,0.8046123894147315,1.133833226957339,1.5902247796365032,0.8130817001807454,1.4461228012298464,0.8158214943837471,1.467234096039185,0.8307474927808568,1.8693967155514613,1.0088310686396929,1.0612859906463674,2.023338877990152,1.0197421088898642,1.914502381541971,1.0150303761910044,1.9737494463650018,1.029305717280418
CIMG_00780|Milbemycin|pocket1|replica_1,CIMG_00780,Milbemycin,pocket1,replica_1,ok,,500,0.20000000059628115,100.00000029814058,True,29,72,105,1.009891363400142,0.30055448601505835,0.42348626390969346,1.034066717375051,0.28371050893282823,0.8527736421530183,0.29148537013095316,0.8599971991003484,0.285200095293923,1.1264168621176192,0.28338981048586187,0.6292679505232239,1.3164873873620555,0.27728676323667495,1.0776548868799274,0.27792189565610453,1.0804922463332505,0.27108805427634114,1.5157822656983024,0.2486966991505846,0.44598109648484274,1.852766304982262,0.26537286174267244,1.594354952983535,0.2408944687439021,1.5505232084337386,0.23309348872238217
CIMG_00780|Milbemycin|pocket2|replica_1,CIMG_00780,Milbemycin,pocket2,replica_1,ok,,500,0.20000000059628115,100.00000029814058,True,35,73,104,0.7612956514552429,0.14620657100701367,1.1869917316829903,0.48980284603111884,0.1592202862923875,0.6199592404729841,0.1643227088629744,0.6644276305864802,0.170489187527586,0.7670466825580328,0.1583749294379123,1.1517797433309929,0.3700960652036942,0.16472267663326734,0.43932410054428267,0.15794988380828415,0.4849895581827104,0.15836418730128587,1.0741345870822019,0.24807536774929753,1.0268106884586428,0.7639707586519311,0.25293557520687143,0.8835427368591943,0.2547315243987705,0.943311371668797,0.24613724709849844
CIMG_00780|Milbemycin|pocket3|replica_1,CIMG_00780,Milbemycin,pocket3,replica_1,ok,,500,0.20000000059628115,100.00000029814058,True,38,68,108,1.2415134027168295,0.21259484135270387,1.113334975794283,1.311512521038389,0.2153976075526984,1.497507163819787,0.2056635869880817,1.445805518191571,0.20410370255453988,0.929329822417315,0.2196748393338705,1.1052997833999114,0.9775094921055725,0.21578614057903583,1.1298864928187362,0.2150809157251154,1.0877765760000608,0.21543810463967752,1.458560770841821,0.18408472678389834,1.6631538174544425,2.043278504602787,0.18660334049570582,2.22512130173757,0.18442799003914417,2.132935026624341,0.18216201562649043
CIMG_00780|Milbemycin|pocket4|replica_1,CIMG_00780,Milbemycin,pocket4,replica_1,ok,,500,0.20000000059628115,100.00000029814058,True,35,66,103,1.86186045185668,0.11958327123453484,0.512911575128946,0.4228738988293634,0.14880076046864027,0.5204113884556754,0.15626034217817222,0.5509752668643814,0.15487070787399487,2.1596126326405964,0.13585679016997354,0.6192494728894613,0.7640695381922772,0.1748660237805858,0.9111787900735598,0.1919125193277268,1.0423397916219534,0.19177908526915727,2.6007940975439063,0.14962778057596363,0.5885482113235976,1.275490663822399,0.16461848022301237,1.421088439641902,0.1827725861118566,1.5434240223751041,0.18969519578818198
CIMG_00780|Milbemycin|pocket6|replica_1,CIMG_00780,Milbemycin,pocket6,replica_1,ok,,500,0.20000000059628115,100.00000029814058,True,34,69,107,0.6981631923009315,0.09774297623343418,0.45126987931488977,0.5453985578105803,0.06706424271895696,0.5228354161780768,0.07026213333395875,0.5720333393341963,0.07691203413356071,0.5759889675555531,0.2195766015134935,0.6525965841309201,0.4921946355039792,0.2058196060426147,0.4852167072452626,0.21211705956561078,0.5261678259375473,0.21979108268633366,1.0701194758742731,0.1966986735063901,0.7588837144040763,0.7274319997030244,0.24052974286530215,0.7919719211231996,0.24018622421933725,0.7889403677611103,0.2366532710047626
CIMG_00780|Milbemycin|pocket7|replica_1,CIMG_00780,Milbemycin,pocket7,replica_1,ok,,500,0.20000000059628115,100.00000029814058,True,33,66,105,1.128991674157223,0.07958136078995463,1.3503870128895101,0.5278418456166102,0.09122008178179483,0.6011115503668507,0.08852368431924763,0.6717974385160969,0.08907234928668283,1.2086603412188448,0.11081113634372235,1.3462017148840426,0.44935338459699603,0.08596436138794293,0.5581494783238872,0.07944182934925595,0.614385285216929,0.07881758462936814,2.0504689044698363,0.09779361819980759,1.3109706675795016,0.5642041037023913,0.06429311866000907,0.7431057080855276,0.06306102311174872,0.8197238823450104,0.06560818215823828
CIMG_00780|Milbemycin|pocket8|replica_1,CIMG_00780,Milbemycin,pocket8,replica_1,ok,,500,0.20000000059628115,100.00000029814058,True,33,64,98,1.3182279303016993,0.26805007103022843,0.9182185440554601,0.9165067331918407,0.2599235175846425,0.9523593198228913,0.26151291394600934,1.0496674154360213,0.27044063483151753,2.6710963123972546,0.5517284178832624,1.0240283392040956,1.7906928977540004,0.5014534086318662,1.8408114129709077,0.5124447854307309,1.8288014256614817,0.5099194599258651,2.6094660383855026,0.5243195753152238,0.7302860925924535,1.5658024936448547,0.4750046801957831,1.6239445688437166,0.48474045366706736,1.657065760375648,0.48647903638305917
CIMG_00780|Milbemycin|pocket9|replica_1,CIMG_00780,Milbemycin,pocket9,replica_1,ok,,500,0.20000000059628115,100.00000029814058,True,30,62,102,1.5184596754411286,0.2503002613316949,1.326885765880442,0.8833843891109798,0.2290801340140569,0.838071799663458,0.2351949842370237,0.9904783256206716,0.24077446734924532,1.1551508152539485,0.27971423247665944,1.1794014230313652,0.71971453370934,0.24799262600479646,0.6509032552711828,0.2501800278135052,0.7984509728994613,0.2652090492687651,1.2823352877322156,0.2569325913946306,1.2504274806855329,0.7369078361964218,0.2627833224856274,0.6887360051409545,0.2526158577357221,0.8440246904314734,0.26385638485618135
CIMG_01418|Milbemycin|pocket1|replica_1,CIMG_01418,Milbemycin,pocket1,replica_1,ok,,500,0.20000000059628115,100.00000029814058,True,36,58,92,1.5691963738989245,0.6422772300899287,0.6340262903085311,1.2346242964860537,0.6681321144998694,1.2758305664074208,0.6697732674928124,1.3097100451862613,0.6641140804277712,2.4728549867284086,0.5412221058993554,0.4822732033394974,2.0162908033372955,0.6065857180023364,1.9720510341160733,0.6035331889949892,2.0632220523267635,0.6077843679678228,3.092741958529912,0.6871077148615321,0.35375093593636675,3.1044844142154333,0.7283736961884859,3.0178130770092864,0.7231850201509528,3.128926401051784,0.7232615029348921
CIMG_01418|Milbemycin|pocket13|replica_1,CIMG_01418,Milbemycin,pocket13,replica_1,ok,,500,0.20000000059628115,100.00000029814058,True,30,46,72,2.056447079015879,0.2212671156322598,0.9098341968291237,1.9087537849835243,0.1925250331666332,1.842345994924061,0.2024580932164283,1.8446351469993056,0.1982463239135046,2.2596419532084613,0.11445902980804167,0.8896362565268382,1.9015555039971637,0.12991594479142574,2.0180847074293498,0.12355463031208305,2.0395119391815624,0.13257082451420532,2.283538295295713,0.13106891137340979,0.9262665755154419,2.325320235236744,0.1762901281407365,2.4309578966489895,0.1869625725648983,2.4025285089018946,0.1963475827288498
CIMG_01418|Milbemycin|pocket15|replica_1,CIMG_01418,Milbemycin,pocket15,replica_1,ok,,500,0.20000000059628115,100.00000029814058,True,27,50,84,2.606899012119855,0.5888085685852849,0.4877039010289478,3.1791883468691595,0.5858130966368308,3.2221522139288723,0.5935265334416644,3.1182163281905058,0.5836442878406134,5.031912215863518,0.33187165057407714,0.7528551837203955,6.066180516848077,0.31390955307466434,6.186429168829096,0.31209340533359115,6.101381220671746,0.3062383744972154,5.45140781480683,0.2584119455201495,0.8009065662731545,6.508878597815585,0.2305401072674335,6.623630355725839,0.22898221187112516,6.5911732161058065,0.2267766242640875
CIMG_01418|Milbemycin|pocket3|replica_1,CIMG_01418,Milbemycin,pocket3,replica_1,ok,,500,0.20000000059628115,100.00000029814058,True,14,32,52,9.024270833974752,2.5209260044545156,1.3475363477791686,9.263954272398264,2.4951702520808827,9.47480857915315,2.52104921727822,9.560136546457878,2.525948242652273,8.891458251793756,2.639975837211753,1.3746178245124598,9.14086602740983,2.609873958902333,9.317265750998427,2.6354149166987635,9.441341747404143,2.6364403852175933,9.59544226567681,2.6548680398849385,1.3475950805055092,9.75103732719095,2.6409145346596956,9.801222187073305,2.6729572534062895,9.952303156325906,2.6730933024575942
CIMG_01418|Milbemycin|pocket4|replica_1,CIMG_01418,Milbemycin,pocket4,replica_1,ok,,500,0.20000000059628115,100.00000029814058,True,28,57,93,1.4921569679409918,0.7155109111439688,0.5750196230087855,0.927891768539019,0.6710726449407642,0.971897486386715,0.6859497070308176,0.9345197021506764,0.6902425440550326,1.4066153128413876,0.6677677463675826,0.6693635412636264,0.9294199047343544,0.675222112905767,1.043536741666186,0.6949324618036766,0.974006980083312,0.6975411949722997,1.7720653593870812,1.280405058701173,0.8783381472123328,1.511739857530025,1.3668265614715158,1.6329719455548064,1.3565150721986423,1.5508731579176733,1.3555727246310043
CIMG_06197|Milbemycin|pocket1|replica_1,CIMG_06197,Milbemycin,pocket1,replica_1,ok,,500,0.20000000059628115,100.00000029814058,True,24,53,70,1.2896213366548197,0.26406226446947945,0.7209540386672084,0.6923146135300046,0.25402271525199344,0.6505704006663893,0.2496321724778592,0.6578283662452348,0.24753029204290727,0.9924408641909687,0.47760683018303285,0.5169456478988832,1.3532400131804112,0.49125618621597583,1.3377023301518245,0.4877814324789311,1.336189654599719,0.48297105628204345,2.095910842928848,0.30334652754701774,0.750486545801413,1.7770780372767254,0.33677195067856286,1.858913180466279,0.31173534898032346,1.8759364197975634,0.3016591550199088
CIMG_06197|Milbemycin|pocket14|replica_1,CIMG_06197,Milbemycin,pocket14,replica_1,ok,,500,0.20000000059628115,100.00000029814058,True,37,73,115,0.9893082050452408,0.41699583792792067,1.109748548722563,0.7225812712990709,0.43142086498511323,0.8313255777251627,0.4219912714474267,0.8412470904317277,0.415618916231956,1.0055590059043462,0.3361476878717275,0.8035218534806777,1.0865059544017646,0.3568042400247174,0.9222063411365595,0.34403021541903533,0.9168055315982983,0.34343494760680066,1.5241632120371404,0.27131650982394606,0.7245899728086359,1.504195397376649,0.2972748790843353,1.4146709197321363,0.3012967870315495,1.4367295200197663,0.3051515644766614
CIMG_06197|Milbemycin|pocket15|replica_1,CIMG_06197,Milbemycin,pocket15,replica_1,ok,,199,0.20000000059628115,39.800000118659945,False,34,67,107,0.9774182772899319,0.15669052581527948,0.7520435913886885,0.6466054437789018,0.17521478271961685,0.6984156089672002,0.1735191790718025,0.6780980018873884,0.17753124504389228,1.5750976353471915,0.2688642754539725,0.8831016280814977,0.8444306392286669,0.28208212949937533,0.955116928302136,0.2731707627850468,0.9130614566085583,0.2770791154815525,1.585194309870169,0.37288440591983874,0.8484389985740818,0.9137379490101707,0.38932825092002865,0.9020319617330906,0.40074868885461845,0.8417102859832322,0.4033701803802149
CIMG_06197|Milbemycin|pocket2|replica_1,CIMG_06197,Milbemycin,pocket2,replica_1,ok,,500,0.20000000059628115,100.00000029814058,True,17,40,59,4.031052845784605,0.8157088960526591,0.4749262650847012,3.273232309188724,0.8198079378234188,3.310107377996586,0.829865179083398,3.243002592450359,0.8233251149089296,2.576222322413055,0.3549522483285708,0.349734037986476,1.9759852081139935,0.36930648935242283,1.9705369127061032,0.36081553605544125,1.9883795641563367,0.3615985768755962,3.2465683847474036,0.2619369248443529,0.35828182795541363,2.3800956366807973,0.2961921197869443,2.3533833924033867,0.28929995818873394,2.3652525240866784,0.28947949944221274
CIMG_06197|Milbemycin|pocket3|replica_1,CIMG_06197,Milbemycin,pocket3,replica_1,ok,,500,0.20000000059628115,100.00000029814058,True,16,33,47,3.000356812954989,1.053247399841223,0.4014629658812645,3.624006077071931,1.0847656971297814,3.446878948573431,1.061854247863044,3.502423681971304,1.063481112666294,3.1902300579730922,0.976321520448666,0.387195818067034,2.981197285614225,0.9709810315046877,2.8685464260898694,0.9498630177393722,2.8908497098685855,0.9485009736591977,3.6679163135508843,1.8324411170536274,0.3916550587482332,2.847102480430507,1.8979331738385554,2.949291039742833,1.8669389279782798,2.9216519920984907,1.8614999535920111
CIMG_06197|Milbemycin|pocket7|replica_1,CIMG_06197,Milbemycin,pocket7,replica_1,ok,,500,0.20000000059628115,100.00000029814058,True,36,63,106,0.8773908884691344,0.14946406248966068,0.48989624287334477,0.4781483099187428,0.16312421953141565,0.5884583668992996,0.16775189306967894,0.7404351862655926,0.16447887172076664,1.830156289820341,0.20278680201737034,0.6359871403953826,0.8980606957285822,0.15453052934176645,0.9915872190223083,0.167101177341124,1.1416552198658325,0.16748483009975115,2.342844056948245,0.39633908586183003,0.9032352678162742,1.1613913822542214,0.3956578554811259,1.2905779970690072,0.4087240150007041,1.349319138156961,0.41620871260860137
CIMG_06197|Milbemycin|pocket9|replica_1,CIMG_06197,Milbemycin,pocket9,replica_1,ok,,500,0.20000000059628115,100.00000029814058,True,33,67,106,1.5820098089927994,0.3891239156569123,1.4619631378045967,0.9884704423921519,0.4073109069202925,1.063844714550479,0.40118780293750295,1.1296647570984748,0.3968974842669643,1.3814040919816752,0.3707632210542713,1.4090168977444524,0.8491923614501566,0.3678350894754869,0.8550446088362146,0.36095831228535924,0.8720962810074666,0.35569120930035747,1.552494736268637,0.3800145169210944,1.425082979695857,0.8085222357105587,0.39054786222126503,0.8374041626297571,0.38853406607714525,0.8433150063707153,0.3826844428697305
CIMG_09093|Milbemycin|pocket1|replica_1,CIMG_09093,Milbemycin,pocket1,replica_1,ok,,500,0.20000000059628115,100.00000029814058,True,24,53,83,1.1670847712513,0.8333031140124664,0.6538327489014791,1.1904856622234077,0.8180815099636316,1.2373979590033484,0.8252083110757603,1.0771368223296085,0.8396221374914432,3.284910103164067,0.9771984080686739,0.9875521182772694,2.7531256417160552,0.9940102905617895,2.851123388277323,0.9906656392909287,2.760290080458992,0.9980688065118108,1.8578358451862818,0.8239983605128522,0.7023381459118817,1.1648191152141927,0.8608151730942212,1.110018198619275,0.8555742393502406,0.9794847830230794,0.8650740745831386
CIMG_09093|Milbemycin|pocket12|replica_1,CIMG_09093,Milbemycin,pocket12,replica_1,ok,,500,0.20000000059628115,100.00000029814058,True,23,52,79,2.976480917494041,0.7939608962116268,0.317204153472796,2.369139648985792,0.8110404304053008,2.426993082827782,0.8130192750945701,2.4133004236748663,0.8114182431499631,2.0559254401203373,1.1924184584260529,0.7488092465813456,1.6063864398304155,1.1888992501611972,1.6704926837483531,1.1881503346258102,1.6976538174928282,1.1841241942870886,1.3777416377160252,1.1112025284278353,0.3939846290749301,1.26686303092698,1.1394003200590335,1.3455255564366435,1.1420569951866384,1.3585998687178662,1.1429012440341195
CIMG_09093|Milbemycin|pocket13|replica_1,CIMG_09093,Milbemycin,pocket13,replica_1,ok,,500,0.20000000059628115,100.00000029814058,True,15,32,51,3.0368335388095957,0.37263794551984913,0.8439222487447815,2.370884585079527,0.3686777716497691,2.4039641655132944,0.3586742914977857,2.5304444367058263,0.3782038118698892,2.914846286194216,0.5099306360309761,1.23052815534717,2.864519005484858,0.48144490726806716,2.792540948280334,0.4915305033965059,2.907491227177461,0.516398568607052,2.3186850424091427,1.22861894652421,1.1780706938801666,1.6520473125138857,1.192749630410458,1.6182064705698522,1.1855782432074642,1.6936479442199193,1.2036403644474223
CIMG_09093|Milbemycin|pocket3|replica_1,CIMG_09093,Milbemycin,pocket3,replica_1,ok,,500,0.20000000059628115,100.00000029814058,True,30,53,79,1.7931415065252432,0.5925902444733171,0.3369509839379453,1.2924245524786389,0.5564378515719315,1.438630356627897,0.5554502879642454,1.5265723762935886,0.5543587329547521,1.9692794965862723,0.7311379226868364,0.3659049524257641,1.1705176478071109,0.6768866383025759,1.3388177643467012,0.6697478939264009,1.4622027602168226,0.6729534513532704,1.7729556743206345,0.7074284954986368,0.38278157430446735,1.5468710500040117,0.5886095080064532,1.8142367803345623,0.5886787072899899,1.9320594028517952,0.6010157832955534
CIMG_09093|Milbemycin|pocket8|replica_1,CIMG_09093,Milbemycin,pocket8,replica_1,ok,,500,0.20000000059628115,100.00000029814058,True,23,55,67,0.7088503469155569,0.3347164672233905,1.078621257266868,0.5502528355233308,0.35767870937600793,0.5440646913358236,0.3419715599304772,0.5500198366260776,0.3507733604098584,1.2366082058899777,0.38881078936758473,1.0396418240597909,0.6797723170319379,0.3971112520902667,0.6188925345740716,0.38229793741287194,0.614637423306625,0.3924066332955469,0.49373243618434465,0.35454015811490075,1.0633711211607493,0.687608899698155,0.3773961499499919,0.7640785764423341,0.35980693705493105,0.7994354774519529,0.3671176864489206
MDR1_CRYNH|Milbemycin|pocket1|replica_1,MDR1_CRYNH,Milbemycin,pocket1,replica_1,ok,,500,0.20000000059628115,100.00000029814058,True,33,70,110,1.0637551870434003,0.19915890477598622,0.9693056890025432,0.7894335151844978,0.17131541646225024,0.95089085684793,0.17091512334545797,0.9145838368623266,0.16882658924122074,0.9819629525111121,0.1732347054484387,0.9788356969232507,0.9583714493810818,0.22356139195439076,1.1691427665318976,0.21917762552827671,1.1321350421278156,0.21525457557254898,1.4912204835262188,0.3272312571298169,1.1901853005926548,1.4149658134708427,0.40583354764055496,1.6495055893655826,0.4157079468317953,1.6322231295589835,0.4101413538721433
MDR1_CRYNH|Milbemycin|pocket13|replica_1,MDR1_CRYNH,Milbemycin,pocket13,replica_1,ok,,500,0.20000000059628115,100.00000029814058,True,32,66,102,2.053336877488096,0.37757798745593596,0.7088040950293337,0.8099390274187404,0.31341634281093317,0.7769044582713203,0.35096718460629645,0.7918079155954668,0.35942344175195373,2.706532594909778,0.4352862416435469,0.7076034587095728,0.864385491328487,0.35498851131172154,0.8288183400243216,0.3988785629564065,0.832877873106807,0.4098324115553321,2.2557246207845743,0.5382369217743345,0.8501333371187926,1.2177061817924384,0.4850411980158475,1.13412949487511,0.5147674471193817,1.101587224876746,0.5202253487577434
MDR1_TRIRC|Milbemycin|pocket11|replica_1,MDR1_TRIRC,Milbemycin,pocket11,replica_1,ok,,500,0.20000000059628115,100.00000029814058,True,18,34,57,0.9985556574086616,0.36770336730680653,1.8425769740266509,0.7963689565161683,0.44561017563137456,0.8445217490856426,0.4538838759461823,0.7988573964578998,0.44960573333135706,2.533741773353877,0.4060398481873881,1.7515480634829717,1.8451382690122593,0.41224784356941235,1.8954050081799585,0.40670891777010243,1.964801689499963,0.4057705573996533,10.046791182413896,1.1782996243915111,1.878930574948182,9.515372951487858,1.1264671583369141,9.530189105927171,1.134320671387066,9.451409620029334,1.1337623222983992
MDR1_TRIRC|Milbemycin|pocket15|replica_1,MDR1_TRIRC,Milbemycin,pocket15,replica_1,ok,,500,0.20000000059628115,100.00000029814058,True,14,29,39,2.127403768925611,0.5127767248596707,1.242659969134066,1.3907905886521177,0.48679022636821506,1.2913109599694,0.4889196218626368,1.2554473461039122,0.4911688315085893,2.048413349986449,0.4916633867491513,1.2422211199655726,1.1261682898159244,0.5055051619191508,1.1529535288745862,0.5050237728651576,1.1421722201659334,0.4997716669504115,7.1296162881976874,1.5938014996759038,1.2092610197427291,6.066243280404817,1.6277206921986753,6.167808322142094,1.6339859517985102,6.148837656942899,1.626736792789085
MDR1_TRIRC|Milbemycin|pocket3|replica_1,MDR1_TRIRC,Milbemycin,pocket3,replica_1,ok,,500,0.20000000059628115,100.00000029814058,True,16,30,43,3.678004218731281,0.9067165818877526,0.7827044029658197,2.0450749573139095,0.8518571445403406,2.2686884122211497,0.8917128046311826,2.212934860251732,0.8798467813281473,2.6965895505485857,0.3887962141512034,0.9463225810796193,1.6885174149386648,0.37812770810828644,1.8212427847575414,0.40473506492574013,1.854832138247442,0.4062902599916853,2.5920115179127134,0.3654061232064281,0.9833384390596123,1.8476088870815595,0.3911123104701477,2.132958756209364,0.3997288485365331,2.3319915481151017,0.4138597641907633
MDR1_TRIRC|Milbemycin|pocket4|replica_1,MDR1_TRIRC,Milbemycin,pocket4,replica_1,ok,,402,0.20000000059628115,80.40000023970502,False,27,56,87,0.8180041776392454,0.19268802608922922,0.4228376128252808,0.9771214516991336,0.17835890491824735,0.9448179223039486,0.18000104526077762,0.9435015694605937,0.17689787072528454,1.1507656436889309,0.25523255164628583,1.1663573702233923,1.6126863965380829,0.25846112734971033,1.604338773971626,0.26296847823638414,1.5559492948276032,0.26223847674945583,1.286739567260511,0.30030941354329593,1.3146060231619126,2.131999930222993,0.31090405544135574,2.04238466777923,0.30884452671260604,1.9855126195696058,0.30619125456691393
MDR1_TRIRC|Milbemycin|pocket7|replica_1,MDR1_TRIRC,Milbemycin,pocket7,replica_1,ok,,500,0.20000000059628115,100.00000029814058,True,21,42,65,2.6971500608389056,0.5071727849409613,1.100888229337135,2.141382753745404,0.5204709472824534,2.2633975812291465,0.5182957874344148,2.169635391998613,0.5165183596031415,2.9040128029657506,0.4636410757801645,0.8006066845095685,2.9505809169983737,0.4162377519457643,3.1059170470856117,0.41111535221098294,3.012563961243871,0.4095805008744883,2.760884446080217,0.5981082610278003,1.3517183508487138,3.609277784841659,0.513137399041367,3.6413955496622847,0.5207949497344296,3.546354032595747,0.5159607530320902
MDR1_TRIRC|Milbemycin|pocket8|replica_1,MDR1_TRIRC,Milbemycin,pocket8,replica_1,ok,,500,0.20000000059628115,100.00000029814058,True,31,56,84,1.5030657298883663,0.31042416220488217,0.44011329523324877,0.5541913577799241,0.23851795381148388,0.4994095290465509,0.23468687920537779,0.5194308549262385,0.24861293247343141,2.311566896316693,0.7382157926056451,0.9188503583281079,1.7744453516998957,0.6364305460596328,1.9467846698116773,0.6403497307611107,1.93372905971547,0.65899498616898,2.63017980683245,0.9186758375552585,1.710255432477743,3.010769873225728,0.8501368745804594,3.1319809121596593,0.8524039239495853,3.0702497518571503,0.8670987922657961
MDR2_TRIRC|Milbemycin|pocket10|replica_1,MDR2_TRIRC,Milbemycin,pocket10,replica_1,ok,,500,0.20000000059628115,100.00000029814058,True,12,25,42,1.3830851907289796,0.6706213108216187,1.2821572086008155,1.8592154480938996,0.5366401738332434,1.825650828716497,0.5572645149291536,1.8664331709486104,0.5564706442874828,5.993774132467461,2.779931009017545,0.828122426271528,3.082022587923281,2.595713392527042,3.1877283844917796,2.6163872153725247,3.1896532564126137,2.6151586376033347,5.192552650049257,2.8155971374847706,1.271471885406453,3.22218894114495,2.6221453700172215,3.1363753110112143,2.6270786101193013,3.2479238952202283,2.6333066315819087
MDR2_TRIRC|Milbemycin|pocket14|replica_1,MDR2_TRIRC,Milbemycin,pocket14,replica_1,ok,,500,0.20000000059628115,100.00000029814058,True,17,28,51,3.7934041375627428,0.8260869556544759,1.542621520654997,1.4016261336011,0.7483320136667938,1.4270056370030728,0.7537730228973668,1.5586736685219267,0.7545210254266295,2.6864198891708857,1.0803074552117022,1.5664904583280916,1.0984882858740024,0.8742022028537939,1.0377910111019741,0.8804232266918607,1.073117894577909,0.8766243055213582,4.623837920334991,1.9039922322577156,1.577940338094624,1.6526304329147286,1.612177862049634,1.7621946269535724,1.6167054375928671,1.770116279621883,1.6207807371970782
MDR2_TRIRC|Milbemycin|pocket15|replica_1,MDR2_TRIRC,Milbemycin,pocket15,replica_1,ok,,500,0.20000000059628115,100.00000029814058,True,12,29,43,4.18493452354236,0.44158659658673005,1.0129910573031387,4.90955923045451,0.48887984404941687,5.065268626782776,0.4701451046311679,5.035827654525474,0.4690253545947151,5.08387585280216,0.9845221899378024,0.998920001170137,4.909755155372043,1.0147299488123127,5.208564096270914,1.0059440424418953,5.152983307603737,1.0037963834515908,5.785570103555026,0.34917596632021586,1.0470725250348005,3.522715940088784,0.2569872932693636,3.5271752919865076,0.2664969557709714,3.5355578814509694,0.2628431571172987
MDR2_TRIRC|Milbemycin|pocket3|replica_1,MDR2_TRIRC,Milbemycin,pocket3,replica_1,ok,,500,0.20000000059628115,100.00000029814058,True,21,33,50,3.1828971828786123,1.1122611408936456,0.6901505552183271,4.083029402785925,1.269128008608997,3.926979673955749,1.2212394025916662,3.706965507568408,1.2005713964619844,1.6398831430849903,1.1195412872630124,0.6657031142666078,4.1433183420833535,1.2786055028425078,4.096493606938761,1.2432329613633268,3.825669593877499,1.213015389562999,1.5452098940211039,1.0231209370492826,0.6420063120045925,3.675616842585559,1.1979286687052848,3.7223221490352385,1.1712157748691299,3.5426987771197305,1.1291474566457915
MDR2_TRIRC|Milbemycin|pocket9|replica_1,MDR2_TRIRC,Milbemycin,pocket9,replica_1,ok,,500,0.20000000059628115,100.00000029814058,True,22,42,70,1.555494928301163,0.6892271996237345,1.1593533259821578,2.055452614196218,0.8254237211215041,1.8897752237359582,0.8208228593424277,1.5325984204145586,0.8000275261485753,1.4208061336415325,0.8046105189668356,1.0584994636444105,2.56489660857461,0.852467332782886,2.4215496609560136,0.8464613768010374,2.0073345120144577,0.8336700930865355,2.5547877424333905,0.9930704387703276,1.0029208005080006,2.6278850087681525,1.0054829454799596,2.5738916714333566,1.0003784511697555,2.422158644195314,0.9934251567423847
PDH1_CANGA|Milbemycin|pocket12|replica_1,PDH1_CANGA,Milbemycin,pocket12,replica_1,ok,,500,0.20000000059628115,100.00000029814058,True,31,54,89,1.7950455316273837,0.42659001606437436,0.41276088388704474,1.6279849401213453,0.441345861260352,1.442494457519308,0.4442195247668479,1.5012611602966992,0.43876829751964885,1.906700303691715,0.47426270845732704,0.5905051281978024,1.6084357961272795,0.4906100847060182,1.4103531916387124,0.49494284724581356,1.4801183127595436,0.4915239466599118,1.8157961865813073,0.4780971662801441,0.6135926858249726,1.3442958507711642,0.49261119846876883,1.1251356040421092,0.49641561845486604,1.1971005692415615,0.49455458831007976
PDH1_CANGA|Milbemycin|pocket13|replica_1,PDH1_CANGA,Milbemycin,pocket13,replica_1,ok,,166,0.20000000059628115,33.20000009898267,False,24,42,68,0.7294443780772759,0.1072015517806039,0.4205061784320743,0.7228211174286447,0.10535232900875896,0.7618912880745973,0.10480095866898581,0.811615534481098,0.10318382729471652,0.8216895853068007,0.1684614020004435,0.45958554333516344,0.5281547999998529,0.15357129590085133,0.6390087423304017,0.15878615951769975,0.6881558014101175,0.16164306075270718,1.4207568222909188,0.3154348636643828,0.5479724817815176,1.315161538151352,0.31802099852914184,1.232551955404518,0.309765523336106,1.1851072720656595,0.3110992237070824
PDH1_CANGA|Milbemycin|pocket2|replica_1,PDH1_CANGA,Milbemycin,pocket2,replica_1,ok,,500,0.20000000059628115,100.00000029814058,True,32,61,85,1.5489873991100198,0.3471814899206341,0.43978922383560215,0.877270663480467,0.2646345219584335,0.585427019396968,0.2662875317182061,0.6270456116113737,0.2803443365645845,1.9834709092270237,0.3525094744990309,0.45847521985304335,1.4199589918902502,0.2985072625474954,1.0286386379382995,0.29805444349728066,1.0806510926400905,0.3124552328776672,1.9375255552833772,0.2716955666626033,0.41976594143456103,1.5406723267605629,0.25897619436037195,1.1323096814359237,0.2349996692600277,1.159803383971861,0.24344705896783783
PDH1_CANGA|Milbemycin|pocket3|replica_1,PDH1_CANGA,Milbemycin,pocket3,replica_1,ok,,500,0.20000000059628115,100.00000029814058,True,28,57,87,0.6569049104441068,0.3396111249409664,0.3458337699515232,1.0110634377229455,0.2920883696236788,0.9239163735594588,0.2970328460139463,0.9172222952096786,0.29578842235924363,2.6507246511089986,0.6373869650010406,1.3099165620668662,2.2734430812150723,0.6731059305716152,2.364237144270209,0.662105936269811,2.338407253445829,0.6636237161656561,2.662768670047148,0.6616279669353017,1.3462330492686403,2.2312670379939474,0.700162738091661,2.366806144950241,0.6812519603695771,2.338183173466109,0.6811757669931656
PDH1_CANGA|Milbemycin|pocket7|replica_1,PDH1_CANGA,Milbemycin,pocket7,replica_1,ok,,500,0.20000000059628115,100.00000029814058,True,26,48,80,1.2971772736522338,0.23359631052560326,0.33236739010700367,1.1685542920796481,0.1749188837009494,1.2738654311211066,0.18402728664081794,1.2721054410254278,0.20091478566247664,3.3144047147004145,0.899440803171516,0.35018255111779933,3.0295657490654317,0.7961409522054427,3.2771074109387643,0.8133217772943641,3.3460401011092453,0.84565075899134,3.2723805101159864,0.969194464234685,0.3798445709063078,3.395244076088007,0.9011927336986414,3.495642768971677,0.9046922212554339,3.4923156920309135,0.9352330575092668
PDR5_YEAST|Milbemycin|pocket11|replica_1,PDR5_YEAST,Milbemycin,pocket11,replica_1,ok,,500,0.20000000059628115,100.00000029814058,True,8,22,29,2.301308205437085,1.1942013951600885,1.9798169975436648,3.4408132209473052,1.2605586772495956,3.4745377929433903,1.2729593975852351,3.6466102340555477,1.281069973056887,2.6744211752271374,0.7825588526215822,1.9838256149500202,4.07621544363035,0.8580114399384883,4.001831786486997,0.848179200621999,4.420207403451765,0.8643607697109296,2.321370653269493,0.7313242556337798,1.8039025316957578,3.6984758650733838,0.7713219881652705,3.6191244980963164,0.7659174921892201,3.7484134094300767,0.7666399570633504
PDR5_YEAST|Milbemycin|pocket15|replica_1,PDR5_YEAST,Milbemycin,pocket15,replica_1,ok,,500,0.20000000059628115,100.00000029814058,True,21,37,55,1.2152348896818719,0.21836781822674212,0.5791631651435315,0.7199452291186379,0.18243562594621412,0.7815154410904319,0.18446950112572358,0.788708303736182,0.1857039412095233,1.475820514983205,0.20980372200317074,0.6855982572827493,1.310153580414909,0.1709120920788641,1.3345885894891127,0.1716613094199642,1.403736781724012,0.17174865615290386,1.6345745505851141,0.24134935595909354,0.6673064136655062,1.4796283721899135,0.20167218343969234,1.5198920217214396,0.20386559816455857,1.4940649683699734,0.20761660278033825
PDR5_YEAST|Milbemycin|pocket9|replica_1,PDR5_YEAST,Milbemycin,pocket9,replica_1,ok,,500,0.20000000059628115,100.00000029814058,True,34,55,82,0.7794947452032474,0.16459182290130017,0.523706261558844,1.0223417969482396,0.14351286414461362,0.8181098585266742,0.1520762568318866,0.7605515763778605,0.15584254724820976,0.7876165471923771,0.30493137208019444,0.7508096099540491,0.8937732648813409,0.2498059057164508,0.7868056419025765,0.2576747758647643,0.7772669082294216,0.2792836165033272,0.6557130817283942,0.25542001646827306,0.8285913941730086,0.8571938656202485,0.2878076178882028,0.8374848889695248,0.2681564496072144,0.8768998073547468,0.26358906261563075
SNQ2_CANGA|Milbemycin|pocket2|replica_1,SNQ2_CANGA,Milbemycin,pocket2,replica_1,ok,,500,0.20000000059628115,100.00000029814058,True,31,75,97,1.298369293527349,0.2607067012032436,0.7270730433205111,0.7481169126803121,0.2669965756613482,0.7655765276356998,0.269371698228498,0.8054368504660044,0.26875379182854026,2.1695354171323986,0.25934230645781875,0.7225444099554422,0.7397921770236947,0.23548691851817338,0.8660948539247244,0.2429569331292787,0.9665336902504216,0.24595222014151832,2.207693746565338,0.2702961471914691,0.62826045996963,0.41633074675734355,0.26962343074684997,0.471484024523458,0.2629829519990255,0.5517798059075761,0.2673074979874896
SNQ2_CANGA|Milbemycin|pocket4|replica_1,SNQ2_CANGA,Milbemycin,pocket4,replica_1,ok,,500,0.20000000059628115,100.00000029814058,True,29,53,81,1.996877596173045,0.9036478097144431,0.986233750885242,1.5383909476585187,0.8193321628420001,1.5644849204397326,0.8365653551681995,1.7253532185630134,0.8550752226589772,2.627293266083133,0.8994561731215763,0.8820471929873037,2.33334929504921,0.8123791937082934,2.4414425879045596,0.8327494486067061,2.6935115391869897,0.8459876715163407,4.512810480881246,1.376009006749564,0.6007059764655013,4.226476857350525,1.3448857289372593,4.215797814208816,1.3564442880236591,4.5169674661224235,1.3729369805546308
SNQ2_CANGA|Milbemycin|pocket5|replica_1,SNQ2_CANGA,Milbemycin,pocket5,replica_1,ok,,500,0.20000000059628115,100.00000029814058,True,15,29,51,1.0609951180676056,0.1667098922476675,0.5242056321093899,0.7243770783097996,0.1574076322525052,0.7026511697200635,0.155191231070998,0.6840708371502813,0.157077733060042,1.6687676515600869,0.2685094927763862,0.5715906040775197,0.6841144863687098,0.24584697038063688,0.6692560207149765,0.24743061210154063,0.7162873529116643,0.2505682272345573,1.2083471312750216,0.2965677327363314,0.902893593439472,0.7844385243092898,0.261435043258524,0.790894229023331,0.2693269925095226,0.8761477952420976,0.2858231102954682
SNQ2_CANGA|Milbemycin|pocket9|replica_1,SNQ2_CANGA,Milbemycin,pocket9,replica_1,ok,,500,0.20000000059628115,100.00000029814058,True,33,56,85,1.7611586376412118,0.39666089794323706,0.8174305937033463,1.046077336651089,0.3750019658232269,1.1265249807021473,0.37179087433511343,1.1258859100808076,0.37426151088568543,3.179996213013361,0.6414291653595254,0.8861908006762292,2.3919136061268533,0.6282188033327446,2.4601523053974987,0.6168089931408228,2.4385935550861366,0.6154269783435873,3.331349874917983,0.3029400801668801,0.913362763338831,2.2748778577631636,0.25806894146594966,2.4412244057119876,0.25818130377624804,2.394423809394784,0.26059924029556675
