complex_id,status,error,rmsd_mean_3_5_A,T_mean_3_5_A,Theta_mean_3_5_rad,I_mean_3_5_A,rmsd_mean_8_10_A,T_mean_8_10_A,Theta_mean_8_10_rad,I_mean_8_10_A,rmsd_mean_13_15_A,T_mean_13_15_A,Theta_mean_13_15_rad,I_mean_13_15_A,rmsd_mean_18_20_A,T_mean_18_20_A,Theta_mean_18_20_rad,I_mean_18_20_A,rmsd_mean_28_30_A,T_mean_28_30_A,Theta_mean_28_30_rad,I_mean_28_30_A,rmsd_mean_48_50_A,T_mean_48_50_A,Theta_mean_48_50_rad,I_mean_48_50_A,n_frames,trajectory_end_ns
AFR1|Milbemycin|pocket3|replica_1,ok,,4.585683436211132,3.509240465434989,0.7370037662034702,1.2349774805659346,4.138675311208602,3.0225328488260144,0.7023614174718321,1.2888038893096108,4.68304353082815,3.444510061716612,0.7835328697634718,1.323596083962439,5.031739728497998,4.089642536850574,0.7282581979110538,1.2879681023031768,4.863040925085041,3.579511391201221,0.8393356010228302,1.2869828836489619,5.570938597950982,5.058982534929378,0.6196792804541441,1.2533603003119451,500,100.00000029814058
AFR1|Milbemycin|pocket10|replica_1,ok,,2.407993684223337,2.0849172051053,0.18796924913980814,0.9775733106980514,2.982013217076258,2.7827202908172204,0.15012572748270758,0.8941806741650935,2.966401438803081,2.707118950386803,0.19028105782704333,0.9316538001622228,3.017021032267635,2.775648137020927,0.18728036020511848,0.8871520052883807,3.622228019337113,3.3835950308789204,0.20886744893923093,0.9576265486132869,3.2156447511598816,2.9846950572315447,0.2057463891376483,0.8595483661054438,500,100.00000029814058
AFR1|Milbemycin|pocket11|replica_1,ok,,1.1210492308895077,0.7414564356804239,0.17485554339949866,0.5697105529322717,2.006276778082753,1.5702741601458685,0.23277490421216143,0.9131603721959867,2.2553563970189,1.7439750165311145,0.27779158152320843,0.952802664350898,2.071647303335172,1.7130215222723708,0.1807779839431032,0.9360552329974233,1.732636147493752,1.336990093123685,0.16132078510627268,0.9122237153016249,1.6635797313715919,1.268088425829646,0.151485698083321,0.8960618666290961,500,100.00000029814058
AFR1|Milbemycin|pocket2|replica_1,ok,,1.0521943520018024,0.7418650437785671,0.18948441469784597,0.2997761260116375,1.1087758774823298,0.8376826339246196,0.17160711931392741,0.4435939077408236,1.653080775599758,1.2705067243410506,0.2119159779310704,0.7088411037893754,2.197762866805474,1.4909440068063233,0.31832706995461496,1.1380750369352588,2.261600317264477,1.5147820754177475,0.3587856976097345,1.1824368261076605,4.2915490380237875,3.917343494503565,0.3634345975693196,1.0972117388213904,500,100.00000029814058
AFR1|Milbemycin|pocket8|replica_1,ok,,2.8101647703344463,2.0028023713683356,0.4418358323644693,1.2453578339289246,2.9317600637984857,2.0663085764637876,0.48280134233726346,1.2442545379110153,2.7466810473893664,1.1173840216896236,0.6305647154164872,1.1841608360345999,2.928170262228453,1.0188443215391276,0.68514902930137,1.201800407124234,2.7083180890273786,0.5188221643917825,0.6478372300830781,1.229792255972388,2.562084526399342,0.7902403097967781,0.5861852243814424,1.2028517999916772,500,100.00000029814058
AFR1|Milbemycin|pocket9|replica_1,ok,,3.402830784868856,1.510637013665155,0.7582840831402448,2.0298273236573627,3.642536289479938,2.0121518681681776,0.7678626813852023,1.9432065480758622,3.801125714577132,2.123108492825363,0.8272901610472566,1.9608990670022992,4.954247935826008,3.568126404843649,0.9757634861910187,1.9570386471499,5.801328617918757,3.592909995371294,1.3381418076062053,1.9323272832298413,6.118658752756656,4.037095407360784,1.3485529029298264,1.901947182780188,501,100.20000029873685
ATRF_ASPFU|Milbemycin|pocket1|replica_1,ok,,0.8465921306729886,0.6539881526553727,0.13298236360033597,0.30254003507519617,2.748822721396567,2.0181299407343105,0.5905095936177909,0.6370078330455625,2.7477108747403687,2.033757294207247,0.5793811699234891,0.639047784267436,3.087875571221137,2.3637267769552963,0.636962434584634,0.637633893780046,3.0142449231982313,2.744060521997454,0.37921681976346383,0.5632682965162109,2.4611906656090845,2.275282425729001,0.27911785295304453,0.35610134340253236,500,100.00000029814058
ATRF_ASPFU|Milbemycin|pocket11|replica_1,ok,,2.523473942968111,1.8297407691986307,0.37199515458946214,0.7655853715034223,3.02558682073948,2.3990099507434497,0.4067013613643915,0.8106492796713826,3.2337924513913094,2.43581059043679,0.48126520776075377,0.8317009844031745,5.903697590630233,4.363098357935531,1.212659059872861,0.8948828593083977,5.519773681393555,3.95745017442902,1.1895983268875399,0.9231204795394603,6.232307316624719,4.059419949979868,1.5842417682753345,1.3753181222000483,500,100.00000029814058
CDR1_CANAR|Milbemycin|pocket11|replica_1,ok,,3.093230788757459,2.706226546436246,0.29803911594448756,1.0332151440159492,3.3418919063433106,1.5620171695040435,0.9350404912638628,0.5782090814073698,3.826969577452125,2.0835905299160977,1.0165464076723543,0.47262275190824143,4.058915311048265,2.4200382654112254,1.0372321826102406,0.5500931569642002,4.263284479447028,3.3144068065833623,0.8330543682527572,0.6285865185435752,4.666113743021338,4.021678684433991,0.7089435971512935,0.6199507827310178,500,100.00000029814058
CDR1_CANAR|Milbemycin|pocket2|replica_1,ok,,2.1037191164710967,1.5417186288883251,0.29379329154905653,0.6774084869906482,2.1385469016800505,1.4747906680652085,0.3220874586992792,0.6627644521959944,2.2106699521285362,1.7714340909586823,0.28079504502141833,0.6922140608269686,2.058618460814053,1.5641567132987781,0.2817182278660423,0.691926041402935,2.309713354530334,1.8982624953610072,0.2727881004134023,0.7069969477626977,2.8904028866610174,1.6958277804066797,0.42933206744670754,1.9365708584706527,500,100.00000029814058
CDR1_CANAR|Milbemycin|pocket1|replica_1,ok,,2.218944343824889,1.905531034902986,0.13284991627266818,1.008573581616675,2.9646274741282848,2.76269660917415,0.11957328548781043,0.9511784895568116,2.8524035303312165,2.623900320335611,0.15171940494100955,0.9436137067959417,3.307294517985378,3.126426130852743,0.09940726433317869,1.0083796172333612,2.7964395299526874,2.5370719581628984,0.16385109913771664,0.936259616668405,2.810758427863363,2.5503799021735145,0.21574221893356862,0.8945278527063475,500,100.00000029814058
CDR1_CANAR|Milbemycin|pocket3|replica_1,ok,,4.641289784686287,4.491372446318315,0.31699178913729487,0.5393447546365173,5.44540022213003,5.269901549869959,0.40076095354386254,0.4968610176721638,5.21369841127071,5.014461173039832,0.4037262105236618,0.5787119791238213,5.14627277198742,4.949682385780492,0.3904440711950652,0.6153692017791211,5.293732668085078,5.105004556574761,0.37414889357146314,0.666313803224203,5.328806510115532,5.138925808768624,0.40612623577502743,0.5713362266460501,500,100.00000029814058
CDR1_CANAR|Milbemycin|pocket9|replica_1,ok,,8.067336142569006,6.168808393585651,2.0640572458270303,1.517898802539724,5.869926044166399,2.3135906721107213,2.769296613589737,1.757005767131041,6.454546867315932,1.8819517298746078,2.7538672058436804,1.7081863450703585,6.741530201540221,1.7109250162434577,2.4731714467710773,1.5191461170916503,5.702746961865814,1.5821831847894245,1.9982385851285875,1.4300997501054642,6.03764604424158,2.2880244637571354,2.108400805556251,1.5431059958351512,500,100.00000029814058
ATRF_ASPFU|Milbemycin|pocket13|replica_1,ok,,3.089166073670323,2.6612650670595563,0.3830766606680976,0.4351590782470451,2.2662939320680753,1.8157652587968607,0.3734927691557651,0.3462847780161226,2.256070739075861,1.7530076355157618,0.36236962279635415,0.5758120547103546,3.4482235250794435,2.1319883994806283,0.7463429026550059,1.0550900062599693,4.8369086123417375,3.1198626605729887,1.059942872737903,1.1445879531180085,6.713488150291138,3.7181799908337285,2.1296219960142397,0.936610686194436,500,100.00000029814058
ATRF_ASPFU|Milbemycin|pocket7|replica_1,ok,,3.3882033585135063,1.0074372716453333,0.6935914617291267,1.2762544803361549,5.784323990526598,1.6001667108906352,1.416976603892853,1.1286880306464595,7.168312369257841,1.8615878494968086,1.8236257109749472,1.0959717677418899,7.389993005380443,1.9678009988375693,1.934514612881799,1.0549467950032339,9.520034439380373,7.904769126839839,1.6780620161453468,1.0104823233026197,9.689004293343707,8.160271557342481,1.6745234407014151,1.014060383264672,500,100.00000029814058
ATRF_ASPFU|Milbemycin|pocket4|replica_1,ok,,1.9614613823295863,1.7673490076152243,0.15076459316623067,0.3427997111399416,2.2009181423876387,1.3892383124027816,0.36241699111558906,0.39518744927527777,2.349529584324517,1.3171509206727252,0.417773407792574,0.48342109309811027,2.3308804446019615,1.3633527612636664,0.4036774837311399,0.4577032115333489,2.142465799974325,1.0786083669823414,0.3881851789010595,0.5103058439410846,3.2571789428150195,2.5016621364287417,0.4722881855677782,0.49715843180342834,500,100.00000029814058
CDR2_CANAL|Milbemycin|pocket1|replica_1,ok,,10.494901293595287,7.860531906022064,2.9399871901850347,0.6955977610045386,9.602765623188487,6.924715434739276,2.521646921960976,0.6461642214564871,12.932411303036696,10.947676986119026,2.4856265362270973,0.8088361932355529,13.16411632457988,11.12184548468708,2.4866037975990456,0.7983559135101251,17.151627146235175,16.108359297618247,1.6561635409981406,0.8199631418670786,15.87341067526077,14.713714560496756,2.9514048675133235,0.8282893635687035,500,100.00000029814058
CDR2_CANAL|Milbemycin|pocket12|replica_1,ok,,2.1227384238796887,1.4083083292839702,0.3778963619220812,0.9563322766590795,4.118247114113239,3.130038917094689,0.586738943355842,0.65910131846636,6.260712841656078,4.205579411266776,1.114366393981256,1.1782679815188228,7.57283642678512,5.503914329616017,1.2823514052578195,1.2707277218607194,7.972548452879615,5.845990521137611,1.3623832304470445,1.4602028973546093,10.55323223687742,9.694476586463018,0.9729698851457207,1.4209882640674463,500,100.00000029814058
CDR2_CANAL|Milbemycin|pocket13|replica_1,ok,,9.674301276495116,9.089892126997217,0.9282637478821372,1.6916227550135121,14.081243274773652,13.412216745025647,1.0854744020549267,1.89952487710694,15.069767480709693,14.434080501168125,1.106170546557279,1.8291481805746175,12.00553244728797,11.121057456075555,1.4159148531035866,1.9555262305691044,10.939500712045218,9.903878589224346,1.5300744080549578,1.8646507848591247,10.031992523107483,9.019109964869427,1.2575762452156038,1.909632016625807,500,100.00000029814058
CDR2_CANAL|Milbemycin|pocket4|replica_1,ok,,3.145495284108549,2.110597827856648,0.5681677470496626,1.17602676131973,3.349634984330524,2.530082266145654,0.5198577563970813,1.4438812927292017,3.295491509984195,2.4341863289216086,0.5786988683934201,1.4054408476103029,3.179157706787228,2.3177909818240376,0.5600957440744267,1.4017043920553862,3.1400831172407067,2.20614880007024,0.5760310630312481,1.4341653486935169,3.807845357142307,3.0994864311240873,0.5666994750179278,1.4087449259617268,500,100.00000029814058
CDR1_CANAR_auris|Milbemycin|pocket14|replica_1,ok,,3.3942064807754417,2.404661991645707,0.5918167588362383,0.7022430170973585,3.65896846475213,1.9919254397657264,0.7715274723910988,1.0847085073543565,4.7644044364295315,1.461752451556899,1.1881713242191672,1.1301001307458352,5.12373641967855,2.0754644463778176,1.2450463442907262,1.0906186696629963,5.0609309680604335,1.6275229195173389,1.2770567212362023,1.2013722442411288,5.279464300320346,2.763384352073534,1.1678207163641448,1.0968789819628613,500,100.00000029814058
CDR1_CANAR_auris|Milbemycin|pocket10|replica_1,ok,,6.021614369127628,3.5638940009140074,1.6497305168439929,0.3656333458339304,13.130575866633928,11.395121061803168,2.5397204981653676,0.3392219256444934,10.994037706841963,8.586844530491744,2.989407005482148,0.3824427941010715,11.413086749612459,9.01939308603142,2.9938603580250156,0.3562205269387984,17.337796895662407,15.539992861809862,2.828400322955606,1.9083327644113526,18.04518966681465,16.706448467549727,2.2439538255247515,2.3368394141534177,500,100.00000029814058
CDR1_CANAR_auris|Milbemycin|pocket2|replica_1,ok,,2.3858383204321445,2.258043467957834,0.1340463711333893,0.6173501978563937,2.633860280038163,2.389590333171473,0.32616414995337384,0.6029552321101185,3.2315880498565765,2.8594392748298145,0.47311625170008076,0.6134243929890466,2.831405143954906,2.512877807848699,0.3948373725300906,0.5453317877667615,3.438740919776943,3.084981148575321,0.46423759628636446,0.5045840262079628,3.2726953101709566,2.7531076657658904,0.5006559772608553,0.5232442631538605,500,100.00000029814058
CDR1_CANAR_auris|Milbemycin|pocket5|replica_1,ok,,2.458340233013302,1.1571726854608622,0.5387454313759741,0.875103765901098,3.2649887480024167,1.118245657797884,0.7051260297478891,0.9688770919401566,3.486273081419635,2.9975710563244378,0.4619515467781199,1.0972671980996909,3.523240642605622,3.0355301120091323,0.4299802179943098,1.136397034665035,3.772770123557423,3.352774977792694,0.4275378403654744,1.0820932627768758,2.7530363810481573,0.9088205609943625,0.5627841229377603,1.0239810738974833,500,100.00000029814058
CDR2_CANAL|Milbemycin|pocket8|replica_1,ok,,7.901452346475124,5.310584486975425,2.17700652299876,1.7269513573048185,7.514759512840855,4.701343033545432,2.1811729360861913,1.8395169191735277,8.04546794223396,5.481265191295429,2.235082356052872,2.0787057980506947,8.419236437363852,6.021577387901353,2.12520280299372,1.8610798809577647,7.933501160795154,5.427257482881672,2.0703574967331666,1.742887305872081,8.163986485793073,5.672844039300324,2.1057214218058244,1.7668617795571464,500,100.00000029814058
CIMG_00533|Milbemycin|pocket1|replica_1,ok,,6.838337118419371,4.816390492753488,1.1560514759804046,1.2780383012313619,6.483031830483557,4.603137264951539,1.0815405003157679,1.1905921109221365,6.612972440155875,4.943041308019689,1.0228748219972608,1.134307551098952,6.254698085299723,4.181109334697829,1.106933432302222,1.187178026371363,6.176284899084479,4.599106457361004,0.9617179659420753,1.1263712700623965,5.1063187242851225,3.19891484584894,0.9378845016960896,1.1457823999988295,500,100.00000029814058
CIMG_00533|Milbemycin|pocket12|replica_1,ok,,4.0572272291150195,1.3249552319914821,1.1961593609900598,1.8510643673987905,5.785357487850543,2.0319453431182897,1.709578396332867,1.9699553130188994,5.040013162800722,0.9432739438264307,1.5052003263411173,2.0169388077390398,5.232890266517902,1.3790953498753653,1.5385215234332825,1.994816388401526,5.103354544657744,2.740112636381564,1.2210149675959636,1.8709546051852532,4.594597365277441,2.3000779366388233,1.1168476242719594,1.9809250483501253,500,100.00000029814058
CIMG_00533|Milbemycin|pocket2|replica_1,ok,,2.2514317017490404,1.731269773805208,0.3031776221952731,0.9353939179766403,1.6742786536256502,1.2105728973510796,0.1639521073987864,0.9654882674327717,1.7142623223434403,1.1738614547715445,0.206531564510996,0.9712915733614881,1.8875341701477273,1.343365891659609,0.23289747003212133,1.0530455186555925,2.0274264983643615,1.4958542308387548,0.23316123379814363,1.1120326290591607,2.128310768973032,1.6742776358944973,0.1975827066972393,1.1166403782518843,500,100.00000029814058
CIMG_00533|Milbemycin|pocket3|replica_1,ok,,3.5078267975262203,1.5325130723603275,0.7270536591297803,0.5478408515875025,3.658463101105239,1.9803148846430048,0.7142147503689368,0.57100118958217,3.718973918526544,1.7880044495092782,0.7509084045049288,0.5969916255091605,3.9644494394168746,2.327286027630185,0.7433563324878377,0.5598147131189984,4.111851990122909,2.611089593175792,0.7354216036746778,0.564455002128494,4.8787005954611296,3.320826425560334,0.7998902115972466,1.319539703971966,500,100.00000029814058
CIMG_00533|Milbemycin|pocket7|replica_1,ok,,1.478890351933439,1.1427704004469492,0.15279953588845674,0.7391630861866253,1.4602341588309609,1.115878581678158,0.14455988983245338,0.7434778600197351,1.28651703333273,0.8930923748912217,0.14624656488608803,0.7412506366586361,1.3480851002941774,0.9973080326200031,0.14085441813244196,0.7277980016220158,2.2046042817162506,1.9092762313945557,0.2108310380148558,0.730467203383106,1.7760822128003388,1.3691599129779837,0.20061630486298254,0.8341390323357605,500,100.00000029814058
CIMG_00533|Milbemycin|pocket9|replica_1,ok,,2.761694639748739,1.5186146233035887,0.6739009391580435,0.8553500299128945,3.313437649246875,1.7447338001202768,0.8046123894147313,1.133833226957339,4.060219610422395,2.276496839921156,1.030602615684744,1.0148307731205608,3.8875378353233203,1.8693967155514608,1.0088310686396929,1.0612859906463674,3.99693851734991,1.8524669653920343,1.0697309515408566,1.0326332479819504,3.427174255247037,1.5209929029536304,0.8966269230343547,1.0223140533747563,500,100.00000029814058
CIMG_00780|Milbemycin|pocket1|replica_1,ok,,1.4421363913148,1.009891363400142,0.30055448601505835,0.42348626390969346,1.5796442337811205,1.1264168621176196,0.28338981048586176,0.6292679505232239,1.8487805507858184,1.5110855392885505,0.26459278142054965,0.5854202042722306,1.8524891637668681,1.5157822656983024,0.24869669915058515,0.44598109648484274,2.0833169800928157,1.6098057084991546,0.34725238816334697,0.33811284158487703,2.0464022066272616,1.4000121490168989,0.387610345938737,0.393414615999327,500,100.00000029814058
CIMG_00780|Milbemycin|pocket2|replica_1,ok,,1.516952107792356,0.7612956514552429,0.14620657100701367,1.1869917316829903,1.5253751566151863,0.767046682558033,0.15837492943791195,1.1517797433309929,1.661903748195108,1.0267148589793065,0.17165255370316665,1.1198438780967666,1.8215176796462402,1.0741345870822017,0.24807536774929753,1.0268106884586428,2.0830857789435995,1.006729081387132,0.3477767651609227,1.2324040143021744,2.6473282696553277,1.566284911767567,0.433894955420496,1.2075270229645787,500,100.00000029814058
CIMG_00780|Milbemycin|pocket3|replica_1,ok,,1.9257445661127848,1.2415134027168295,0.21259484135270384,1.113334975794283,1.7312966895648698,0.929329822417315,0.21967483933387058,1.1052997833999114,1.6168083914629476,1.028398184498725,0.17476184472853126,0.9667341552591757,2.3467654010736463,1.4585607708418216,0.18408472678389834,1.6631538174544425,2.6141766655486873,1.6600351656358656,0.27336993263417614,1.6849735882996222,3.2600983086452313,2.156070200656304,0.41382684013549703,1.8866304551003987,500,100.00000029814058
CIMG_00780|Milbemycin|pocket4|replica_1,ok,,1.9824943233229382,1.86186045185668,0.11958327123453484,0.512911575128946,2.3066643772285285,2.1596126326405964,0.13585679016997332,0.6192494728894613,2.319222909306747,2.1859088546873497,0.1304300666781037,0.5729290173749102,2.7348857029595752,2.6007940975439063,0.14962778057596363,0.5885482113235976,2.692042151418437,2.462312952817671,0.21351155916672662,0.6843506220526637,3.4839594116617234,3.3071754052187496,0.21748777388146479,0.6787582685263372,500,100.00000029814058
CIMG_00780|Milbemycin|pocket6|replica_1,ok,,0.9178256081701138,0.6981631923009302,0.09774297623343427,0.45126987931488977,1.1263481861207236,0.5759889675555527,0.21957660151349306,0.6525965841309201,1.2130192728749807,0.7419043941356929,0.20973788730499884,0.7245015287679324,1.4856816488178042,1.0701194758742731,0.19669867350639023,0.7588837144040763,4.3577074219727345,3.433921051790388,0.5469310058869973,1.2048318041651251,7.189631455468478,5.664617124345563,0.9844174566790946,1.2742654124228074,500,100.00000029814058
CIMG_00780|Milbemycin|pocket7|replica_1,ok,,1.790200673318509,1.1289916741572232,0.07958136078995566,1.3503870128895101,1.857234960532577,1.2086603412188448,0.11081113634372235,1.3462017148840426,2.138027154844298,1.6738584928286608,0.10692156768385713,1.278396607145835,2.462343566883105,2.0504689044698363,0.09779361819980759,1.3109706675795016,2.1733182422363204,1.6835454799386995,0.09020247479254187,1.3301901321862735,2.0742938550613803,1.3391243860517237,0.23767422000136332,1.3930726838034733,500,100.00000029814058
CIMG_00780|Milbemycin|pocket8|replica_1,ok,,1.878726167157122,1.318227930301699,0.26805007103022827,0.9182185440554601,3.422335486537317,2.6710963123972546,0.5517284178832622,1.0240283392040956,3.5983211261061707,2.8580955122289877,0.577169596504833,0.795255133424054,3.2634114825499894,2.6094660383855026,0.5243195753152236,0.7302860925924535,3.050135731354526,2.382537478722776,0.5097825948928508,0.7815780514701348,2.643766585285311,1.9408091543955464,0.48153977975897894,0.787449018524655,500,100.00000029814058
CIMG_00780|Milbemycin|pocket9|replica_1,ok,,2.2110938049347535,1.5184596754411286,0.250300261331695,1.326885765880442,1.9091998516673774,1.1551508152539487,0.27971423247665944,1.1794014230313652,1.92448134142491,1.14454602179146,0.2748047115802236,1.2028444182518734,2.004979521025291,1.282335287732216,0.2569325913946305,1.2504274806855329,1.7637579832351202,0.9033927660757312,0.23271113333149443,1.2805116844792404,1.7972971702101739,0.6317071881596122,0.28875722677233523,1.364739223928406,500,100.00000029814058
CIMG_01418|Milbemycin|pocket1|replica_1,ok,,2.611927863475723,1.5691963738989252,0.6422772300899287,0.6340262903085311,2.974781200847788,2.4728549867284086,0.5412221058993555,0.4822732033394974,3.514375159479618,2.8915892482222647,0.6788020082381861,0.480855895065938,3.657724526083266,3.092741958529912,0.6871077148615321,0.35375093593636675,3.563386952427246,2.902351560456319,0.7280074248121953,0.38017114709506766,3.1433417718862744,2.320040250147646,0.7561654786240978,0.3677751487585224,500,100.00000029814058
CIMG_01418|Milbemycin|pocket13|replica_1,ok,,2.4661089794455298,2.056447079015879,0.2212671156322598,0.9098341968291237,2.483426181408078,2.2596419532084613,0.11445902980804198,0.889636256526838,3.082250496183401,2.8634669003819635,0.13079156866642128,0.9909614972937653,2.5301583876770426,2.283538295295713,0.13106891137341029,0.9262665755154419,2.454958254301982,2.1748190780366694,0.18454735441104783,0.8710744422505615,2.4762207532547187,2.2399638339253203,0.12435175742795224,0.9107610802953249,500,100.00000029814058
CIMG_01418|Milbemycin|pocket15|replica_1,ok,,3.5494038399274697,2.606899012119855,0.588808568585285,0.4877039010289478,5.2959517941392775,5.031912215863519,0.33187165057407736,0.7528551837203955,5.951913836492292,5.621126267375088,0.44582741114074803,0.7849965700692387,5.620454315207889,5.45140781480683,0.2584119455201495,0.8009065662731547,3.762704979755306,3.4358595437667976,0.32542063508409425,0.7959181417685126,4.952199817265796,4.582481987839681,0.3824321142522909,1.1093293980081549,500,100.00000029814058
CIMG_06197|Milbemycin|pocket1|replica_1,ok,,1.7384714060105195,1.28962133665482,0.26406226446947945,0.7209540386672084,1.990555634805167,0.9924408641909689,0.4776068301830331,0.516945647898883,2.2053243702604406,1.5456931418510322,0.395785148369119,0.7724262092764803,2.4647922727141673,2.095910842928848,0.3033465275470179,0.7504865458014133,3.315627017271002,2.762082736333688,0.47636704843798633,0.846563223844493,3.112820744005047,2.4145483476715803,0.5061561576461492,0.9899144980440652,500,100.00000029814058
CIMG_01418|Milbemycin|pocket3|replica_1,ok,,11.082346398323814,9.024270833974754,2.520926004454516,1.3475363477791686,10.996116947104783,8.891458251793752,2.6399758372117517,1.3746178245124598,11.798621455680387,9.69367646869375,2.6384778876839614,1.3555716648170584,11.58614393572157,9.595442265676812,2.6548680398849385,1.3475950805055092,11.255749223557252,8.480992767441528,2.1143325240050044,1.2779812929158345,9.986991425919534,6.580699887623328,2.2087153771944696,1.2805731303503998,500,100.00000029814058
CIMG_06197|Milbemycin|pocket15|replica_1,ok,,4.215661904251979,3.6687296952136497,0.4519583044094093,1.1055783275088158,4.312051112393076,3.640069638977863,0.5261168453894308,1.0574687830223082,4.218482723505289,3.643775498022315,0.43484799152470205,1.4324341501936344,4.303316220922149,3.6436818295094526,0.3583474963106375,1.9932926845533196,4.57884418966017,3.872981893414287,0.46731469912162976,1.6614492074888547,4.298566850538177,3.387351499076083,0.5002523097282316,1.7714366934812467,500,100.00000029814058
CIMG_06197|Milbemycin|pocket14|replica_1,ok,,2.1589816182261745,0.9893082050452406,0.4169958379279206,1.109748548722563,1.812979392487941,1.0055590059043462,0.3361476878717275,0.8035218534806777,1.6782058533563693,1.0266483608677273,0.27309829528045043,0.9408131049967596,1.928112150058097,1.5241632120371404,0.27131650982394584,0.7245899728086359,2.0809727526756765,1.642545939432454,0.2794983055030553,0.8066462258282056,1.9881755462968336,1.408075757940704,0.34962479216553755,0.7758179969192949,500,100.00000029814058
CIMG_01418|Milbemycin|pocket4|replica_1,ok,,3.153786734151588,1.4921569679409918,0.7155109111439688,0.5750196230087855,2.960530611220031,1.4066153128413876,0.6677677463675824,0.6693635412636264,3.047735121402718,1.2496437891994554,0.7038601644865595,0.6199397922099587,4.389274856848281,1.7720653593870812,1.2804050587011728,0.8783381472123328,4.4817921615062835,1.4927568433777134,1.3955355724145222,0.9875058690229103,6.387439112592969,1.4902238005278419,2.8117964312287254,1.3234805425685314,500,100.00000029814058
CIMG_06197|Milbemycin|pocket2|replica_1,ok,,5.005908389185887,4.031052845784604,0.8157088960526593,0.4749262650847012,2.887660900595251,2.576222322413055,0.35495224832857075,0.349734037986476,3.0779838524404313,2.8850040936531114,0.28575013215386497,0.29465522208415895,3.414620216351283,3.246568384747404,0.2619369248443532,0.35828182795541375,4.125175336559912,3.9060148890393735,0.3615839376054153,0.36650514460908473,3.5593034213297243,3.3916753490768135,0.29724030966902926,0.33501380066923414,500,100.00000029814058
CIMG_06197|Milbemycin|pocket3|replica_1,ok,,4.504151489280778,3.00035681295499,1.053247399841223,0.4014629658812645,4.658717343635963,3.1902300579730904,0.9763215204486659,0.387195818067034,6.949237573095538,4.227927657739795,1.8326436528211671,0.38832068766892347,6.5516273933096665,3.6679163135508843,1.8324411170536274,0.3916550587482332,11.073663041901108,8.730103125182724,1.887759474867562,0.3735950468807983,11.251863199610494,9.30837144683773,1.6526310052989148,0.8576981173481961,500,100.00000029814058
CIMG_06197|Milbemycin|pocket9|replica_1,ok,,2.465141812605374,1.5820098089927996,0.3891239156569123,1.4619631378045967,2.298300477447452,1.3814040919816748,0.3707632210542713,1.4090168977444522,2.8873416452400846,2.0305012319764035,0.404443130541932,1.6503743652487737,2.435892258006875,1.5524947362686368,0.3800145169210943,1.425082979695857,2.7099414556905654,1.9195574201215957,0.32157646606870105,1.5927071389345082,2.6466731627938738,1.6224662595376187,0.40351905747042843,1.6614639090301098,500,100.00000029814058
CIMG_06197|Milbemycin|pocket7|replica_1,ok,,1.1671138074906753,0.8773908884691344,0.14946406248966104,0.48989624287334477,2.1067330300076317,1.830156289820341,0.20278680201737034,0.6359871403953826,2.3534363905009705,2.013463572194912,0.2829653234234996,0.6428485388182861,2.8185693212901786,2.342844056948245,0.39633908586183003,0.9032352678162742,2.798389488335494,2.4590005307281606,0.33286951974473705,0.6970462676885983,4.021616484591845,3.0786834696538463,0.5490680657911264,1.9278605082595777,500,100.00000029814058
CIMG_09093|Milbemycin|pocket1|replica_1,ok,,3.5028374176745087,1.1670847712513,0.8333031140124662,0.6538327489014791,4.926618218183179,3.284910103164067,0.9771984080686736,0.9875521182772694,5.4264303600964805,2.9594629147080003,1.2096233158136243,0.7313144093488296,3.7510384086001456,1.8578358451862818,0.8239983605128525,0.7023381459118817,6.229521952139465,3.2922446051854055,1.4906059876779238,0.811239894937368,4.585034454870947,2.9845454140076266,0.9378600623829954,1.1132696162850444,500,100.00000029814058
CIMG_09093|Milbemycin|pocket12|replica_1,ok,,4.150887934352874,2.976480917494041,0.7939608962116268,0.317204153472796,4.2792277072164895,2.0559254401203373,1.1924184584260529,0.7488092465813456,4.185784963274931,1.5060403780795042,1.2256497727469817,0.6034909760730397,3.948576110272795,1.3777416377160252,1.1112025284278355,0.3939846290749301,4.148014364771258,1.717997488906427,1.1586030176992443,0.4195202410433831,3.9687432863415926,0.7076999677203426,1.2169602823493708,0.6007070752744035,500,100.00000029814058
CIMG_09093|Milbemycin|pocket13|replica_1,ok,,3.470371968103311,3.0368335388095957,0.3726379455198487,0.8439222487447815,3.7808041447061114,2.914846286194216,0.5099306360309761,1.23052815534717,4.304864320602032,2.616871339648927,0.8587084004829735,0.9845276818380174,5.019953208248855,2.3186850424091427,1.22861894652421,1.1780706938801664,4.759273121649788,2.2787381171739693,1.129839102139935,1.1913274025732346,16.015560008601504,14.659184292085264,2.119079276318073,0.529979295086942,500,100.00000029814058
CIMG_09093|Milbemycin|pocket3|replica_1,ok,,2.7747225938476756,1.7931415065252432,0.592590244473317,0.33695098393794526,3.331179770901802,1.9692794965862723,0.7311379226868367,0.3659049524257641,3.2173324373800996,1.7288501847233724,0.738874743361292,0.3961443878072764,3.1395466820001734,1.7729556743206345,0.7074284954986368,0.38278157430446735,2.868499385608534,1.8211025585090204,0.5867360803074994,0.43651501637554796,3.232050408928819,2.336370196537179,0.5888107204473871,0.4569270057860914,500,100.00000029814058
MDR1_CRYNH|Milbemycin|pocket1|replica_1,ok,,1.602914924113339,1.0637551870434008,0.19915890477598647,0.9693056890025432,1.5155922418278998,0.9819629525111119,0.17323470544843877,0.9788356969232507,1.9154015506130302,1.270411162303302,0.18986500011282875,1.1709380430603589,2.356122896760346,1.4912204835262186,0.3272312571298173,1.1901853005926548,2.608059166971361,2.0251817652726056,0.2604069936285114,1.2207369596108264,3.167512437195386,2.332067096610921,0.4085112713077205,1.303499491999468,500,100.00000029814058
CIMG_09093|Milbemycin|pocket8|replica_1,ok,,1.5977526143243623,0.7088503469155569,0.33471646722339055,1.0786212572668679,1.961712173398923,1.2366082058899777,0.38881078936758495,1.0396418240597909,1.8541111305274915,1.0407058668706328,0.3661021182236172,1.0844050967374983,1.5641591777100652,0.49373243618434465,0.35454015811490075,1.0633711211607493,1.899224991955044,1.0026831596741073,0.44775833954433675,0.8952327003279177,4.003482061370926,1.8776194859416242,1.182212904799914,1.5756718377281194,500,100.00000029814058
MDR1_TRIRC|Milbemycin|pocket11|replica_1,ok,,2.3719853729705767,0.9985556574086616,0.3677033673068063,1.8425769740266509,3.532398164357748,2.533741773353876,0.40603984818738836,1.7515480634829717,2.9740042578583465,2.2375980293638027,0.21666486224942896,1.8106887693859894,10.911258606322864,10.046791182413894,1.178299624391511,1.878930574948182,15.468744455474983,14.43234815942145,1.4234853650917316,1.7460746320612535,13.827390050994497,12.131885527085284,2.028186897737752,1.9077079577245775,500,100.00000029814058
MDR1_CRYNH|Milbemycin|pocket13|replica_1,ok,,2.5126648814757244,2.053336877488096,0.37757798745593596,0.7088040950293337,3.1506891331710962,2.706532594909778,0.43528624164354696,0.7076034587095729,3.1564066801036805,2.2769200329851387,0.5454056179208281,0.8903030405869596,3.107540161865927,2.2557246207845743,0.5382369217743345,0.8501333371187925,3.3888683145902876,2.6578404279450223,0.5310708716617945,0.8002459318045336,3.568066402632495,2.661656567158785,0.5972580901662593,0.9272176876710609,500,100.00000029814058
MDR1_TRIRC|Milbemycin|pocket15|replica_1,ok,,3.2890393991758042,2.127403768925611,0.5127767248596706,1.242659969134066,2.998965673991509,2.0484133499864488,0.49166338674915144,1.2422211199655724,7.165141356875517,5.531762670315321,1.2776347841900433,1.1978206419784247,9.025626812562498,7.1296162881976874,1.5938014996759038,1.2092610197427291,31.109224316278016,30.4064886310893,2.121671598906261,1.2465412078949218,128.35397737017374,119.06988632602707,2.258591276343866,1.2082986640439264,500,100.00000029814058
MDR1_TRIRC|Milbemycin|pocket3|replica_1,ok,,5.213447162807214,3.6780042187312803,0.9067165818877526,0.7827044029658197,3.281967600133484,2.6965895505485857,0.38879621415120336,0.9463225810796192,3.8596225710459593,2.788291848102077,0.6025517169273998,0.9930856052230298,3.172357441725916,2.5920115179127134,0.3654061232064279,0.9833384390596123,3.6090716107640968,3.1664623335301454,0.38407948129029895,0.9138181929942533,3.4142244503520005,2.9986476221679172,0.3291979740493494,0.9449618513530559,500,100.00000029814058
MDR1_TRIRC|Milbemycin|pocket4|replica_1,ok,,3.2774908686711597,2.0650720663100945,0.7504049759289463,1.1701130301952973,4.370509730351154,3.3699121605066877,0.8225116251038891,1.5415564945625748,4.311561009036262,3.5344957256567526,0.6657890817411076,1.5811899510337617,4.588650458784241,3.918401666789411,0.6234361528963358,1.5572335771406407,4.014840998630796,3.1543917010909457,0.6618578234056336,1.5599920381235877,4.292570162293386,3.2257828207341106,0.8520124744148465,1.561599044069384,500,100.00000029814058
MDR1_TRIRC|Milbemycin|pocket7|replica_1,ok,,3.3994910677949446,2.6971500608389056,0.5071727849409611,1.100888229337135,3.406662923291906,2.9040128029657506,0.4636410757801647,0.8006066845095685,3.787715547999272,2.250944159985766,0.7448700452608837,1.3425517823294664,3.6897890507857287,2.760884446080217,0.5981082610278003,1.3517183508487138,3.7022088593529947,1.931814526136851,0.7701896911187996,1.3650406730209117,4.088415660425922,2.160951984278804,0.9682998773994018,0.8472699250978675,500,100.00000029814058
MDR2_TRIRC|Milbemycin|pocket10|replica_1,ok,,2.88774198959192,1.3830851907289774,0.6706213108216187,1.2821572086008155,8.192513316445137,5.993774132467461,2.779931009017545,0.828122426271528,8.087929857293448,5.686363247313856,2.8907976754391536,1.2229023733369373,7.609931356366726,5.192552650049259,2.8155971374847724,1.271471885406453,8.38863085350596,6.282524545653081,2.8763273624196484,1.2676337674899143,10.195260849610374,7.701644961708488,2.815912413438849,1.1822832485940926,500,100.00000029814058
MDR2_TRIRC|Milbemycin|pocket14|replica_1,ok,,5.002582543195939,3.7934041375627428,0.8260869556544761,1.542621520654997,4.947250247086027,2.6864198891708857,1.0803074552117022,1.5664904583280914,5.627778578033248,2.953573825236315,1.4117369224318506,1.6143070209400028,8.150501080497676,4.623837920334991,1.9039922322577156,1.577940338094624,4.705447339626992,2.4369739296562645,1.0819044593313183,1.6030456811380034,7.715065667648932,1.1757503143668608,2.6101434701347577,1.5137468853800868,500,100.00000029814058
MDR2_TRIRC|Milbemycin|pocket15|replica_1,ok,,4.678762627723042,4.184934523542361,0.44158659658673005,1.0129910573031387,6.547841795226703,5.0838758528021595,0.9845221899378022,0.998920001170137,4.782337910348192,4.505302098691515,0.34692602171293097,1.015564258264355,6.016523787380851,5.785570103555025,0.34917596632021597,1.0470725250348005,6.679675415412296,6.472202878767538,0.3444247801988887,1.0231515662684112,4.977629408678748,4.647400667023012,0.37371938195183707,1.00319457078424,500,100.00000029814058
MDR1_TRIRC|Milbemycin|pocket8|replica_1,ok,,1.9163067061387806,1.5030657298883663,0.3104241622048823,0.44011329523324877,3.9075493585294683,2.311566896316693,0.7382157926056451,0.9188503583281079,4.954894400987572,2.954236522437343,1.0526799150711044,1.6159010780492726,4.433181279944254,2.6301798068324493,0.9186758375552585,1.710255432477743,4.362185131047755,2.0052695663391034,1.1065520636576294,1.5943748816514423,4.592638437504247,2.3754647173038617,1.1036547143294255,1.6896011693138349,500,100.00000029814058
MDR2_TRIRC|Milbemycin|pocket3|replica_1,ok,,4.594043673663492,3.1828971828786123,1.1122611408936456,0.6901505552183271,3.692794270941928,1.6398831430849905,1.1195412872630124,0.6657031142666078,3.9855958411933234,2.014306241059254,1.1766770708169152,0.6399694554781341,3.4840362124695257,1.5452098940211036,1.0231209370492829,0.6420063120045925,3.5415927863182146,1.7586769385721046,0.9974187600016343,0.6589771133479072,4.929543057505833,3.3159721796073196,1.1841840397343415,0.6799405688031644,500,100.00000029814058
MDR2_TRIRC|Milbemycin|pocket9|replica_1,ok,,3.176077596523346,1.5554949283011623,0.6892271996237347,1.1593533259821578,3.368004244759278,1.4208061336415325,0.8046105189668356,1.0584994636444105,3.90813896108863,2.025522807055555,0.9263365181683767,1.006597108375148,4.324496179065093,2.554787742433391,0.9930704387703276,1.0029208005080006,3.7874773323207775,1.890835464702459,0.9072229790084715,1.0163383243197488,3.09792012079216,1.4523280177256124,0.7039239778206192,1.0524778739125138,500,100.00000029814058
PDH1_CANGA|Milbemycin|pocket12|replica_1,ok,,2.4872374733231997,1.7950455316273832,0.42659001606437436,0.41276088388704474,2.7184367962090423,1.906700303691715,0.47426270845732693,0.5905051281978024,2.5322312062847327,1.7006967874100574,0.4552613055518636,0.6076811716577951,2.684734047688632,1.815796186581307,0.47809716628014415,0.6135926858249726,2.014929587917751,1.30753712569067,0.3561589829139862,0.4991637931796939,3.5278966967291763,2.9297639370076642,0.44545415849862285,0.9844695812916565,500,100.00000029814058
PDH1_CANGA|Milbemycin|pocket13|replica_1,ok,,2.5791082509930474,2.3752560790875843,0.25810266697311673,0.3090851257509079,6.487594293521474,6.102401736620982,0.5221381205906699,1.0106572457452836,5.998340938982247,5.718939307867125,0.35951732494954247,1.1176265899476887,6.197474383927614,5.964629016031825,0.3123870463911726,1.155922407082439,6.657404732510358,6.290530407448256,0.38709433632980855,1.7256410919676126,7.535063265680541,7.103468548016153,0.5796272573171608,1.065570577155911,500,100.00000029814058
PDH1_CANGA|Milbemycin|pocket2|replica_1,ok,,2.074984139854305,1.5489873991100196,0.3471814899206343,0.43978922383560215,2.449779021702313,1.9834709092270237,0.3525094744990309,0.45847521985304335,2.399125033834606,2.0427093126068483,0.3058302046203314,0.43767833418576535,2.2485570361570706,1.9375255552833772,0.27169556666260325,0.41976594143456103,3.0653230013016146,2.8657610254281867,0.26356518878071195,0.42572857150110544,2.7452092755522695,2.5256641203455086,0.2561128806652697,0.5718282065555139,500,100.00000029814058
PDH1_CANGA|Milbemycin|pocket3|replica_1,ok,,1.3004105861021196,0.656904910444108,0.33961112494096646,0.3458337699515232,3.826781339471883,2.6507246511089986,0.6373869650010406,1.3099165620668662,3.7632266806505483,2.3593759060686925,0.711470598908333,1.3247829573805667,3.8989641159008332,2.6627686700471482,0.6616279669353019,1.3462330492686403,3.497319554164393,1.8000566660236685,0.6783717210087501,1.381712883378453,3.9948867098299647,2.9817713971867805,0.5788961060980792,1.2622485169691053,500,100.00000029814058
PDH1_CANGA|Milbemycin|pocket7|replica_1,ok,,1.560774068664048,1.2971772736522338,0.23359631052560334,0.33236739010700367,4.355392991247225,3.3144047147004145,0.899440803171516,0.35018255111779933,4.6784055981723425,3.5815670982907553,0.9585809669767705,0.34511347837912154,4.402416724851323,3.2723805101159864,0.969194464234685,0.3798445709063078,3.4600839232996035,2.2168273235946185,0.8525435389180523,0.3870589511091734,3.580933950626353,2.2082174008584996,0.9484576281521448,0.3206976161321834,500,100.00000029814058
PDR5_YEAST|Milbemycin|pocket11|replica_1,ok,,4.71369438289242,2.301308205437085,1.1942013951600887,1.9798169975436648,4.158329534530803,2.6744211752271374,0.782558852621582,1.9838256149500202,7.86712707494359,3.8382040644117654,2.2448801916178662,1.965508312336748,3.692892406278204,2.3213706532694927,0.7313242556337801,1.8039025316957578,5.844566423206529,2.4594489714099033,1.7180051203084843,1.90441961899185,3.337279217673338,1.870362673736816,0.698484198494593,1.821519151574968,500,100.00000029814058
PDR5_YEAST|Milbemycin|pocket9|replica_1,ok,,1.1177899304507706,0.7794947452032471,0.1645918229012998,0.523706261558844,1.5116088736983848,0.7876165471923771,0.30493137208019455,0.7508096099540491,1.6915366467773134,0.9346281854009291,0.36456148954784384,0.7178260735689034,1.382596290528573,0.6557130817283946,0.25542001646827317,0.8285913941730086,1.4750620933246188,0.8796711101538297,0.24076031717076682,0.8066433653432289,2.6213591514084786,2.3214179222950593,0.2966426946540912,0.7746109990601383,500,100.00000029814058
PDR5_YEAST|Milbemycin|pocket15|replica_1,ok,,1.6193112316293743,1.2152348896818719,0.21836781822674195,0.5791631651435315,1.8259817727848024,1.4758205149832049,0.2098037220031709,0.685598257282749,1.724796226591016,1.3957115562184552,0.19982283364244538,0.6833734803868763,1.9797538889423059,1.6345745505851141,0.2413493559590937,0.6673064136655062,1.6574083826899568,1.2311093481610262,0.22164571277626566,0.7151871335365766,2.8404315919870684,2.543669899693064,0.2759776525946264,0.6649628089492622,500,100.00000029814058
SNQ2_CANGA|Milbemycin|pocket2|replica_1,ok,,1.716492649303344,1.298369293527349,0.26070670120324346,0.7270730433205111,2.4676355667270715,2.1695354171323986,0.25934230645781847,0.7225444099554422,2.353855423785086,1.838623287626798,0.3461444668322247,0.7038118783151701,2.444166011954077,2.2076937465653383,0.27029614719146866,0.62826045996963,2.2961972924105876,1.9830011933796619,0.30029271032628857,0.6571403843096449,3.1947926511563627,2.9740054745650073,0.3003823690797368,0.6420257929389028,500,100.00000029814058
SNQ2_CANGA|Milbemycin|pocket4|replica_1,ok,,3.4080522062933607,1.996877596173045,0.9036478097144433,0.9862337508852422,3.937977074662622,2.6272932660831336,0.8994561731215763,0.8820471929873037,6.628402534034493,4.625582506278975,1.3391052695282146,0.5286790957999473,6.726754659799273,4.512810480881246,1.3760090067495643,0.6007059764655013,6.745494615656336,4.839720277424735,1.2743812467340407,0.559581871638366,7.548559180575785,5.130420930016606,1.5178971762996902,1.0141182011817051,500,100.00000029814058
SNQ2_CANGA|Milbemycin|pocket5|replica_1,ok,,1.3600811386114122,1.0609951180676054,0.1667098922476675,0.5242056321093899,2.0485302803002985,1.6687676515600869,0.268509492776386,0.5715906040775197,2.3012799444022916,1.555566543647305,0.40882240437693673,0.864125905330861,1.9059158965883476,1.2083471312750222,0.29656773273633125,0.902893593439472,2.190697022632335,1.4244614552140926,0.34463475860479603,1.1208885351112508,2.181224035183177,1.3370789195836956,0.3437231628107887,1.0839781469462428,500,100.00000029814058
SNQ2_CANGA|Milbemycin|pocket9|replica_1,ok,,2.4315963699924863,1.7611586376412118,0.39666089794323706,0.8174305937033463,3.970979767997356,3.1799962130133608,0.6414291653595252,0.8861908006762292,2.828897345031511,2.2261936159206726,0.44418093774941114,0.5735955281599263,3.6440445204481864,3.331349874917983,0.3029400801668802,0.913362763338831,2.693093865277614,2.1612635182783255,0.3763881876912612,0.7750056464974403,3.7445475714274523,1.9897192517259628,0.9421844965695673,1.2820346633819362,500,100.00000029814058
