complex_id,protein,ligand,pocket,replica,topology,trajectory,r_pocket,n_anchors,pose_rmsd_18_20,com_disp_18_20,p20_corrected,s20_state,usable,notes,qc_status,n_terminal_frames_pose
AFR1|Milbemycin|pocket11|replica_1,AFR1,Milbemycin,pocket11,replica_1,/media/zhenli/datadrive/valleyfevermutation/simulation_20ns_md/AFR1/simulation_explicit/pocket11/replica_1/AFR1_prepared_Milbemycin_pocket11_complex_recombined_complex_explicit_initial_frame.pdb,/media/zhenli/datadrive/valleyfevermutation/simulation_20ns_md/AFR1/simulation_explicit/pocket11/replica_1/AFR1_prepared_Milbemycin_pocket11_complex_recombined_complex_explicit_trajectory.dcd,,0,,,,,False,"insufficient terminal frames (R_pocket): only 0 frames in terminal window (18.0, 20.0) ns (need >= 3)",,
AFR1|Milbemycin|pocket8|replica_1,AFR1,Milbemycin,pocket8,replica_1,/media/zhenli/datadrive/valleyfevermutation/simulation_20ns_md/AFR1/simulation_explicit/pocket8/replica_1/AFR1_prepared_Milbemycin_pocket8_complex_recombined_complex_explicit_initial_frame.pdb,/media/zhenli/datadrive/valleyfevermutation/simulation_20ns_md/AFR1/simulation_explicit/pocket8/replica_1/AFR1_prepared_Milbemycin_pocket8_complex_recombined_complex_explicit_trajectory.dcd,0.6554455445544555,20,3.20786913916112,2.4663832729272626,1.0,pocket_lost_instability,True,,passed,101.0
AFR1|Milbemycin|pocket9|replica_1,AFR1,Milbemycin,pocket9,replica_1,/media/zhenli/datadrive/valleyfevermutation/simulation_20ns_md/AFR1/simulation_explicit/pocket9/replica_1/AFR1_prepared_Milbemycin_pocket9_complex_recombined_complex_explicit_initial_frame.pdb,/media/zhenli/datadrive/valleyfevermutation/simulation_20ns_md/AFR1/simulation_explicit/pocket9/replica_1/AFR1_prepared_Milbemycin_pocket9_complex_recombined_complex_explicit_trajectory.dcd,0.5438472418670437,28,8.295952922230828,7.130043316110135,1.0,pocket_lost_instability,True,,passed,101.0
ATRF_ASPFU|Milbemycin|pocket1|replica_1,ATRF_ASPFU,Milbemycin,pocket1,replica_1,/media/zhenli/datadrive/valleyfevermutation/simulation_20ns_md/ATRF_ASPFU/simulation_explicit/pocket1/replica_1/ATRF_ASPFU_prepared_Milbemycin_pocket1_complex_recombined_complex_explicit_initial_frame.pdb,/media/zhenli/datadrive/valleyfevermutation/simulation_20ns_md/ATRF_ASPFU/simulation_explicit/pocket1/replica_1/ATRF_ASPFU_prepared_Milbemycin_pocket1_complex_recombined_complex_explicit_trajectory.dcd,0.7399913904433921,23,4.510425048683126,3.585116096374323,1.0,pocket_retained_perturbation,True,,passed,101.0
ATRF_ASPFU|Milbemycin|pocket11|replica_1,ATRF_ASPFU,Milbemycin,pocket11,replica_1,/media/zhenli/datadrive/valleyfevermutation/simulation_20ns_md/ATRF_ASPFU/simulation_explicit/pocket11/replica_1/ATRF_ASPFU_prepared_Milbemycin_pocket11_complex_recombined_complex_explicit_initial_frame.pdb,/media/zhenli/datadrive/valleyfevermutation/simulation_20ns_md/ATRF_ASPFU/simulation_explicit/pocket11/replica_1/ATRF_ASPFU_prepared_Milbemycin_pocket11_complex_recombined_complex_explicit_trajectory.dcd,0.7628973423658154,19,5.582644937189329,4.673605594865786,1.0,pocket_retained_perturbation,True,,passed,101.0
ATRF_ASPFU|Milbemycin|pocket7|replica_1,ATRF_ASPFU,Milbemycin,pocket7,replica_1,/media/zhenli/datadrive/valleyfevermutation/simulation_20ns_md/ATRF_ASPFU/simulation_explicit/pocket7/replica_1/ATRF_ASPFU_prepared_Milbemycin_pocket7_complex_recombined_complex_explicit_initial_frame.pdb,/media/zhenli/datadrive/valleyfevermutation/simulation_20ns_md/ATRF_ASPFU/simulation_explicit/pocket7/replica_1/ATRF_ASPFU_prepared_Milbemycin_pocket7_complex_recombined_complex_explicit_trajectory.dcd,0.7120462046204622,12,3.9735372233123356,2.9443938969175094,1.0,pocket_retained_perturbation,True,,passed,101.0
CDR1_CANAR|Milbemycin|pocket1|replica_1,CDR1_CANAR,Milbemycin,pocket1,replica_1,/media/zhenli/datadrive/valleyfevermutation/simulation_20ns_md/CDR1_CANAR/simulation_explicit/pocket1/replica_1/CDR1_CANAR_prepared_Milbemycin_pocket1_complex_recombined_complex_explicit_initial_frame.pdb,/media/zhenli/datadrive/valleyfevermutation/simulation_20ns_md/CDR1_CANAR/simulation_explicit/pocket1/replica_1/CDR1_CANAR_prepared_Milbemycin_pocket1_complex_recombined_complex_explicit_trajectory.dcd,0.6767805812839346,31,3.853994305103314,2.4232984958182637,1.0,pocket_lost_instability,True,,passed,101.0
CDR1_CANAR|Milbemycin|pocket11|replica_1,CDR1_CANAR,Milbemycin,pocket11,replica_1,/media/zhenli/datadrive/valleyfevermutation/simulation_20ns_md/CDR1_CANAR/simulation_explicit/pocket11/replica_1/CDR1_CANAR_prepared_Milbemycin_pocket11_complex_recombined_complex_explicit_initial_frame.pdb,/media/zhenli/datadrive/valleyfevermutation/simulation_20ns_md/CDR1_CANAR/simulation_explicit/pocket11/replica_1/CDR1_CANAR_prepared_Milbemycin_pocket11_complex_recombined_complex_explicit_trajectory.dcd,0.7440594059405939,20,2.64848388339142,1.4995018638689208,0.0,retained_stable,True,,passed,101.0
CDR1_CANAR|Milbemycin|pocket2|replica_1,CDR1_CANAR,Milbemycin,pocket2,replica_1,/media/zhenli/datadrive/valleyfevermutation/simulation_20ns_md/CDR1_CANAR/simulation_explicit/pocket2/replica_1/CDR1_CANAR_prepared_Milbemycin_pocket2_complex_recombined_complex_explicit_initial_frame.pdb,/media/zhenli/datadrive/valleyfevermutation/simulation_20ns_md/CDR1_CANAR/simulation_explicit/pocket2/replica_1/CDR1_CANAR_prepared_Milbemycin_pocket2_complex_recombined_complex_explicit_trajectory.dcd,0.7114044737807118,27,4.2913181596633905,2.716483790551637,1.0,pocket_retained_perturbation,True,,passed,101.0
CDR1_CANAR|Milbemycin|pocket3|replica_1,CDR1_CANAR,Milbemycin,pocket3,replica_1,/media/zhenli/datadrive/valleyfevermutation/simulation_20ns_md/CDR1_CANAR/simulation_explicit/pocket3/replica_1/CDR1_CANAR_prepared_Milbemycin_pocket3_complex_recombined_complex_explicit_initial_frame.pdb,/media/zhenli/datadrive/valleyfevermutation/simulation_20ns_md/CDR1_CANAR/simulation_explicit/pocket3/replica_1/CDR1_CANAR_prepared_Milbemycin_pocket3_complex_recombined_complex_explicit_trajectory.dcd,0.6989198919891991,22,3.3482391021937024,2.7675253100195154,1.0,pocket_retained_perturbation,True,,passed,101.0
CDR1_CANAR_auris|Milbemycin|pocket10|replica_1,CDR1_CANAR_auris,Milbemycin,pocket10,replica_1,/media/zhenli/datadrive/valleyfevermutation/simulation_20ns_md/CDR1_CANAR_auris/simulation_explicit/pocket10/replica_1/CDR1_CANAR_auris_prepared_Milbemycin_pocket10_complex_recombined_complex_explicit_initial_frame.pdb,/media/zhenli/datadrive/valleyfevermutation/simulation_20ns_md/CDR1_CANAR_auris/simulation_explicit/pocket10/replica_1/CDR1_CANAR_auris_prepared_Milbemycin_pocket10_complex_recombined_complex_explicit_trajectory.dcd,0.4752475247524752,6,10.733000853381878,8.917023482004979,1.0,pocket_lost_instability,True,,passed,101.0
CDR1_CANAR_auris|Milbemycin|pocket14|replica_1,CDR1_CANAR_auris,Milbemycin,pocket14,replica_1,/media/zhenli/datadrive/valleyfevermutation/simulation_20ns_md/CDR1_CANAR_auris/simulation_explicit/pocket14/replica_1/CDR1_CANAR_auris_prepared_Milbemycin_pocket14_complex_recombined_complex_explicit_initial_frame.pdb,/media/zhenli/datadrive/valleyfevermutation/simulation_20ns_md/CDR1_CANAR_auris/simulation_explicit/pocket14/replica_1/CDR1_CANAR_auris_prepared_Milbemycin_pocket14_complex_recombined_complex_explicit_trajectory.dcd,0.595002357378595,21,3.668054425815098,2.0288625407514855,1.0,pocket_lost_instability,True,,passed,101.0
CDR1_CANAR_auris|Milbemycin|pocket2|replica_1,CDR1_CANAR_auris,Milbemycin,pocket2,replica_1,/media/zhenli/datadrive/valleyfevermutation/simulation_20ns_md/CDR1_CANAR_auris/simulation_explicit/pocket2/replica_1/CDR1_CANAR_auris_prepared_Milbemycin_pocket2_complex_recombined_complex_explicit_initial_frame.pdb,/media/zhenli/datadrive/valleyfevermutation/simulation_20ns_md/CDR1_CANAR_auris/simulation_explicit/pocket2/replica_1/CDR1_CANAR_auris_prepared_Milbemycin_pocket2_complex_recombined_complex_explicit_trajectory.dcd,0.5222772277227722,20,5.8133666395429815,5.020640353774321,1.0,pocket_lost_instability,True,,passed,101.0
CDR1_CANAR_auris|Milbemycin|pocket5|replica_1,CDR1_CANAR_auris,Milbemycin,pocket5,replica_1,/media/zhenli/datadrive/valleyfevermutation/simulation_20ns_md/CDR1_CANAR_auris/simulation_explicit/pocket5/replica_1/CDR1_CANAR_auris_prepared_Milbemycin_pocket5_complex_recombined_complex_explicit_initial_frame.pdb,/media/zhenli/datadrive/valleyfevermutation/simulation_20ns_md/CDR1_CANAR_auris/simulation_explicit/pocket5/replica_1/CDR1_CANAR_auris_prepared_Milbemycin_pocket5_complex_recombined_complex_explicit_trajectory.dcd,0.6501650165016503,21,5.692156888581162,4.816677513729927,1.0,pocket_lost_instability,True,,passed,101.0
CDR2_CANAL|Milbemycin|pocket1|replica_1,CDR2_CANAL,Milbemycin,pocket1,replica_1,/media/zhenli/datadrive/valleyfevermutation/simulation_20ns_md/CDR2_CANAL/simulation_explicit/pocket1/replica_1/CDR2_CANAL_prepared_Milbemycin_pocket1_complex_recombined_complex_explicit_initial_frame.pdb,/media/zhenli/datadrive/valleyfevermutation/simulation_20ns_md/CDR2_CANAL/simulation_explicit/pocket1/replica_1/CDR2_CANAL_prepared_Milbemycin_pocket1_complex_recombined_complex_explicit_trajectory.dcd,0.0611111111111111,9,18.804315922639837,17.908289776586965,1.0,pocket_lost_instability,True,,passed,101.0
CDR2_CANAL|Milbemycin|pocket13|replica_1,CDR2_CANAL,Milbemycin,pocket13,replica_1,/media/zhenli/datadrive/valleyfevermutation/simulation_20ns_md/CDR2_CANAL/simulation_explicit/pocket13/replica_1/CDR2_CANAL_prepared_Milbemycin_pocket13_complex_recombined_complex_explicit_initial_frame.pdb,/media/zhenli/datadrive/valleyfevermutation/simulation_20ns_md/CDR2_CANAL/simulation_explicit/pocket13/replica_1/CDR2_CANAL_prepared_Milbemycin_pocket13_complex_recombined_complex_explicit_trajectory.dcd,0.4026402640264027,9,10.738292465398192,8.595645691039325,1.0,pocket_lost_instability,True,,passed,101.0
CDR2_CANAL|Milbemycin|pocket14|replica_1,CDR2_CANAL,Milbemycin,pocket14,replica_1,/media/zhenli/datadrive/valleyfevermutation/simulation_20ns_md/CDR2_CANAL/simulation_explicit/pocket14/replica_1/CDR2_CANAL_prepared_Milbemycin_pocket14_complex_recombined_complex_explicit_initial_frame.pdb,/media/zhenli/datadrive/valleyfevermutation/simulation_20ns_md/CDR2_CANAL/simulation_explicit/pocket14/replica_1/CDR2_CANAL_prepared_Milbemycin_pocket14_complex_recombined_complex_explicit_trajectory.dcd,0.9207920792079209,14,4.357754895623171,3.9130408702830333,1.0,pocket_retained_perturbation,True,,passed,101.0
CDR2_CANAL|Milbemycin|pocket4|replica_1,CDR2_CANAL,Milbemycin,pocket4,replica_1,/media/zhenli/datadrive/valleyfevermutation/simulation_20ns_md/CDR2_CANAL/simulation_explicit/pocket4/replica_1/CDR2_CANAL_prepared_Milbemycin_pocket4_complex_recombined_complex_explicit_initial_frame.pdb,/media/zhenli/datadrive/valleyfevermutation/simulation_20ns_md/CDR2_CANAL/simulation_explicit/pocket4/replica_1/CDR2_CANAL_prepared_Milbemycin_pocket4_complex_recombined_complex_explicit_trajectory.dcd,0.2706270627062706,18,6.108074250583704,5.460517226957931,1.0,pocket_lost_instability,True,,passed,101.0
CDR2_CANAL|Milbemycin|pocket8|replica_1,CDR2_CANAL,Milbemycin,pocket8,replica_1,/media/zhenli/datadrive/valleyfevermutation/simulation_20ns_md/CDR2_CANAL/simulation_explicit/pocket8/replica_1/CDR2_CANAL_prepared_Milbemycin_pocket8_complex_recombined_complex_explicit_initial_frame.pdb,/media/zhenli/datadrive/valleyfevermutation/simulation_20ns_md/CDR2_CANAL/simulation_explicit/pocket8/replica_1/CDR2_CANAL_prepared_Milbemycin_pocket8_complex_recombined_complex_explicit_trajectory.dcd,0.6650165016501652,18,7.82096031671085,2.997179789652177,1.0,pocket_lost_instability,True,,passed,101.0
CIMG_00533|Milbemycin|pocket1|replica_1,CIMG_00533,Milbemycin,pocket1,replica_1,/media/zhenli/datadrive/valleyfevermutation/simulation_20ns_md/CIMG_00533/simulation_explicit/pocket1/replica_1/CIMG_00533_prepared_Milbemycin_pocket1_complex_recombined_complex_explicit_initial_frame.pdb,/media/zhenli/datadrive/valleyfevermutation/simulation_20ns_md/CIMG_00533/simulation_explicit/pocket1/replica_1/CIMG_00533_prepared_Milbemycin_pocket1_complex_recombined_complex_explicit_trajectory.dcd,0.4689468946894688,11,7.203380108213141,6.524013849240894,1.0,pocket_lost_instability,True,,passed,101.0
CIMG_00533|Milbemycin|pocket12|replica_1,CIMG_00533,Milbemycin,pocket12,replica_1,/media/zhenli/datadrive/valleyfevermutation/simulation_20ns_md/CIMG_00533/simulation_explicit/pocket12/replica_1/CIMG_00533_prepared_Milbemycin_pocket12_complex_recombined_complex_explicit_initial_frame.pdb,/media/zhenli/datadrive/valleyfevermutation/simulation_20ns_md/CIMG_00533/simulation_explicit/pocket12/replica_1/CIMG_00533_prepared_Milbemycin_pocket12_complex_recombined_complex_explicit_trajectory.dcd,0.634059405940594,25,3.780655334427066,3.2361015512476974,1.0,pocket_lost_instability,True,,passed,101.0
CIMG_00533|Milbemycin|pocket2|replica_1,CIMG_00533,Milbemycin,pocket2,replica_1,/media/zhenli/datadrive/valleyfevermutation/simulation_20ns_md/CIMG_00533/simulation_explicit/pocket2/replica_1/CIMG_00533_prepared_Milbemycin_pocket2_complex_recombined_complex_explicit_initial_frame.pdb,/media/zhenli/datadrive/valleyfevermutation/simulation_20ns_md/CIMG_00533/simulation_explicit/pocket2/replica_1/CIMG_00533_prepared_Milbemycin_pocket2_complex_recombined_complex_explicit_trajectory.dcd,0.7877744296168746,23,2.3741183871155114,1.814114328480515,0.0,retained_stable,True,,passed,101.0
CIMG_00533|Milbemycin|pocket3|replica_1,CIMG_00533,Milbemycin,pocket3,replica_1,/media/zhenli/datadrive/valleyfevermutation/simulation_20ns_md/CIMG_00533/simulation_explicit/pocket3/replica_1/CIMG_00533_prepared_Milbemycin_pocket3_complex_recombined_complex_explicit_initial_frame.pdb,/media/zhenli/datadrive/valleyfevermutation/simulation_20ns_md/CIMG_00533/simulation_explicit/pocket3/replica_1/CIMG_00533_prepared_Milbemycin_pocket3_complex_recombined_complex_explicit_trajectory.dcd,0.8202188639916623,19,3.166200570415823,2.1305392689939917,1.0,pocket_retained_perturbation,True,,passed,101.0
CIMG_00533|Milbemycin|pocket7|replica_1,CIMG_00533,Milbemycin,pocket7,replica_1,/media/zhenli/datadrive/valleyfevermutation/simulation_20ns_md/CIMG_00533/simulation_explicit/pocket7/replica_1/CIMG_00533_prepared_Milbemycin_pocket7_complex_recombined_complex_explicit_initial_frame.pdb,/media/zhenli/datadrive/valleyfevermutation/simulation_20ns_md/CIMG_00533/simulation_explicit/pocket7/replica_1/CIMG_00533_prepared_Milbemycin_pocket7_complex_recombined_complex_explicit_trajectory.dcd,0.8657178217821783,16,1.8358662800052723,1.4017447958710505,0.0,retained_stable,True,,passed,101.0
CIMG_00533|Milbemycin|pocket9|replica_1,CIMG_00533,Milbemycin,pocket9,replica_1,/media/zhenli/datadrive/valleyfevermutation/simulation_20ns_md/CIMG_00533/simulation_explicit/pocket9/replica_1/CIMG_00533_prepared_Milbemycin_pocket9_complex_recombined_complex_explicit_initial_frame.pdb,/media/zhenli/datadrive/valleyfevermutation/simulation_20ns_md/CIMG_00533/simulation_explicit/pocket9/replica_1/CIMG_00533_prepared_Milbemycin_pocket9_complex_recombined_complex_explicit_trajectory.dcd,0.5528052805280527,24,6.941779597775837,2.920410705776752,1.0,pocket_lost_instability,True,,passed,101.0
CIMG_00780|Milbemycin|pocket1|replica_1,CIMG_00780,Milbemycin,pocket1,replica_1,/media/zhenli/datadrive/valleyfevermutation/simulation_20ns_md/CIMG_00780/simulation_explicit/pocket1/replica_1/CIMG_00780_prepared_Milbemycin_pocket1_complex_recombined_complex_explicit_initial_frame.pdb,/media/zhenli/datadrive/valleyfevermutation/simulation_20ns_md/CIMG_00780/simulation_explicit/pocket1/replica_1/CIMG_00780_prepared_Milbemycin_pocket1_complex_recombined_complex_explicit_trajectory.dcd,0.761188118811881,25,2.6891069864213146,1.1878001593937006,0.0,retained_stable,True,,passed,101.0
CIMG_00780|Milbemycin|pocket2|replica_1,CIMG_00780,Milbemycin,pocket2,replica_1,/media/zhenli/datadrive/valleyfevermutation/simulation_20ns_md/CIMG_00780/simulation_explicit/pocket2/replica_1/CIMG_00780_prepared_Milbemycin_pocket2_complex_recombined_complex_explicit_initial_frame.pdb,/media/zhenli/datadrive/valleyfevermutation/simulation_20ns_md/CIMG_00780/simulation_explicit/pocket2/replica_1/CIMG_00780_prepared_Milbemycin_pocket2_complex_recombined_complex_explicit_trajectory.dcd,0.7766336633663368,25,1.6175025128832332,1.059868503145817,0.0,retained_stable,True,,passed,101.0
CIMG_00780|Milbemycin|pocket3|replica_1,CIMG_00780,Milbemycin,pocket3,replica_1,/media/zhenli/datadrive/valleyfevermutation/simulation_20ns_md/CIMG_00780/simulation_explicit/pocket3/replica_1/CIMG_00780_prepared_Milbemycin_pocket3_complex_recombined_complex_explicit_initial_frame.pdb,/media/zhenli/datadrive/valleyfevermutation/simulation_20ns_md/CIMG_00780/simulation_explicit/pocket3/replica_1/CIMG_00780_prepared_Milbemycin_pocket3_complex_recombined_complex_explicit_trajectory.dcd,0.3941831683168317,32,7.571910273399787,5.769311983181834,1.0,pocket_lost_instability,True,,passed,101.0
CIMG_00780|Milbemycin|pocket4|replica_1,CIMG_00780,Milbemycin,pocket4,replica_1,/media/zhenli/datadrive/valleyfevermutation/simulation_20ns_md/CIMG_00780/simulation_explicit/pocket4/replica_1/CIMG_00780_prepared_Milbemycin_pocket4_complex_recombined_complex_explicit_initial_frame.pdb,/media/zhenli/datadrive/valleyfevermutation/simulation_20ns_md/CIMG_00780/simulation_explicit/pocket4/replica_1/CIMG_00780_prepared_Milbemycin_pocket4_complex_recombined_complex_explicit_trajectory.dcd,0.6527037319116528,26,2.7295129318899685,2.074442080732382,0.0,metric_discordant_uncertain,True,,passed,101.0
CIMG_00780|Milbemycin|pocket7|replica_1,CIMG_00780,Milbemycin,pocket7,replica_1,/media/zhenli/datadrive/valleyfevermutation/simulation_20ns_md/CIMG_00780/simulation_explicit/pocket7/replica_1/CIMG_00780_prepared_Milbemycin_pocket7_complex_recombined_complex_explicit_initial_frame.pdb,/media/zhenli/datadrive/valleyfevermutation/simulation_20ns_md/CIMG_00780/simulation_explicit/pocket7/replica_1/CIMG_00780_prepared_Milbemycin_pocket7_complex_recombined_complex_explicit_trajectory.dcd,0.7356866121394748,23,6.727491458590114,4.669478768087168,1.0,pocket_retained_perturbation,True,,passed,101.0
CIMG_00780|Milbemycin|pocket8|replica_1,CIMG_00780,Milbemycin,pocket8,replica_1,/media/zhenli/datadrive/valleyfevermutation/simulation_20ns_md/CIMG_00780/simulation_explicit/pocket8/replica_1/CIMG_00780_prepared_Milbemycin_pocket8_complex_recombined_complex_explicit_initial_frame.pdb,/media/zhenli/datadrive/valleyfevermutation/simulation_20ns_md/CIMG_00780/simulation_explicit/pocket8/replica_1/CIMG_00780_prepared_Milbemycin_pocket8_complex_recombined_complex_explicit_trajectory.dcd,0.4583791712504584,27,4.228196596647989,2.4265819886479645,1.0,pocket_lost_instability,True,,passed,101.0
CIMG_00780|Milbemycin|pocket9|replica_1,CIMG_00780,Milbemycin,pocket9,replica_1,/media/zhenli/datadrive/valleyfevermutation/simulation_20ns_md/CIMG_00780/simulation_explicit/pocket9/replica_1/CIMG_00780_prepared_Milbemycin_pocket9_complex_recombined_complex_explicit_initial_frame.pdb,/media/zhenli/datadrive/valleyfevermutation/simulation_20ns_md/CIMG_00780/simulation_explicit/pocket9/replica_1/CIMG_00780_prepared_Milbemycin_pocket9_complex_recombined_complex_explicit_trajectory.dcd,0.645964596459646,33,2.2620125218390097,1.0898041959407592,0.0,metric_discordant_uncertain,True,,passed,101.0
CIMG_01418|Milbemycin|pocket15|replica_1,CIMG_01418,Milbemycin,pocket15,replica_1,/media/zhenli/datadrive/valleyfevermutation/simulation_20ns_md/CIMG_01418/simulation_explicit/pocket15/replica_1/CIMG_01418_prepared_Milbemycin_pocket15_complex_recombined_complex_explicit_initial_frame.pdb,/media/zhenli/datadrive/valleyfevermutation/simulation_20ns_md/CIMG_01418/simulation_explicit/pocket15/replica_1/CIMG_01418_prepared_Milbemycin_pocket15_complex_recombined_complex_explicit_trajectory.dcd,0.5773840541948932,19,4.814017688409783,3.1191795389794215,1.0,pocket_lost_instability,True,,passed,101.0
CIMG_01418|Milbemycin|pocket3|replica_1,CIMG_01418,Milbemycin,pocket3,replica_1,/media/zhenli/datadrive/valleyfevermutation/simulation_20ns_md/CIMG_01418/simulation_explicit/pocket3/replica_1/CIMG_01418_prepared_Milbemycin_pocket3_complex_recombined_complex_explicit_initial_frame.pdb,/media/zhenli/datadrive/valleyfevermutation/simulation_20ns_md/CIMG_01418/simulation_explicit/pocket3/replica_1/CIMG_01418_prepared_Milbemycin_pocket3_complex_recombined_complex_explicit_trajectory.dcd,0.7362093352192361,14,6.8692056849450305,3.1611632195066517,1.0,pocket_retained_perturbation,True,,passed,101.0
CIMG_09093|Milbemycin|pocket1|replica_1,CIMG_09093,Milbemycin,pocket1,replica_1,/media/zhenli/datadrive/valleyfevermutation/simulation_20ns_md/CIMG_09093/simulation_explicit/pocket1/replica_1/CIMG_09093_prepared_Milbemycin_pocket1_complex_recombined_complex_explicit_initial_frame.pdb,/media/zhenli/datadrive/valleyfevermutation/simulation_20ns_md/CIMG_09093/simulation_explicit/pocket1/replica_1/CIMG_09093_prepared_Milbemycin_pocket1_complex_recombined_complex_explicit_trajectory.dcd,0.6287128712871288,18,3.329422983821595,2.3412335929265295,1.0,pocket_lost_instability,True,,passed,101.0
CIMG_09093|Milbemycin|pocket12|replica_1,CIMG_09093,Milbemycin,pocket12,replica_1,/media/zhenli/datadrive/valleyfevermutation/simulation_20ns_md/CIMG_09093/simulation_explicit/pocket12/replica_1/CIMG_09093_prepared_Milbemycin_pocket12_complex_recombined_complex_explicit_initial_frame.pdb,/media/zhenli/datadrive/valleyfevermutation/simulation_20ns_md/CIMG_09093/simulation_explicit/pocket12/replica_1/CIMG_09093_prepared_Milbemycin_pocket12_complex_recombined_complex_explicit_trajectory.dcd,0.8963308095515435,17,2.822923588184815,2.331803063728894,0.0,retained_stable,True,,passed,101.0
CIMG_09093|Milbemycin|pocket13|replica_1,CIMG_09093,Milbemycin,pocket13,replica_1,/media/zhenli/datadrive/valleyfevermutation/simulation_20ns_md/CIMG_09093/simulation_explicit/pocket13/replica_1/CIMG_09093_prepared_Milbemycin_pocket13_complex_recombined_complex_explicit_initial_frame.pdb,/media/zhenli/datadrive/valleyfevermutation/simulation_20ns_md/CIMG_09093/simulation_explicit/pocket13/replica_1/CIMG_09093_prepared_Milbemycin_pocket13_complex_recombined_complex_explicit_trajectory.dcd,,0,,,,,False,"insufficient terminal frames (R_pocket): only 0 frames in terminal window (18.0, 20.0) ns (need >= 3)",,
CIMG_09093|Milbemycin|pocket3|replica_1,CIMG_09093,Milbemycin,pocket3,replica_1,/media/zhenli/datadrive/valleyfevermutation/simulation_20ns_md/CIMG_09093/simulation_explicit/pocket3/replica_1/CIMG_09093_prepared_Milbemycin_pocket3_complex_recombined_complex_explicit_initial_frame.pdb,/media/zhenli/datadrive/valleyfevermutation/simulation_20ns_md/CIMG_09093/simulation_explicit/pocket3/replica_1/CIMG_09093_prepared_Milbemycin_pocket3_complex_recombined_complex_explicit_trajectory.dcd,0.7326732673267328,25,2.9528241784286333,1.9609525016156153,0.0,retained_stable,True,,passed,101.0
CIMG_09093|Milbemycin|pocket8|replica_1,CIMG_09093,Milbemycin,pocket8,replica_1,/media/zhenli/datadrive/valleyfevermutation/simulation_20ns_md/CIMG_09093/simulation_explicit/pocket8/replica_1/CIMG_09093_prepared_Milbemycin_pocket8_complex_recombined_complex_explicit_initial_frame.pdb,/media/zhenli/datadrive/valleyfevermutation/simulation_20ns_md/CIMG_09093/simulation_explicit/pocket8/replica_1/CIMG_09093_prepared_Milbemycin_pocket8_complex_recombined_complex_explicit_trajectory.dcd,0.6676711149375806,23,2.063590160349485,1.3043834149209006,0.0,metric_discordant_uncertain,True,,passed,101.0
MDR1_CRYNH|Milbemycin|pocket1|replica_1,MDR1_CRYNH,Milbemycin,pocket1,replica_1,/media/zhenli/datadrive/valleyfevermutation/simulation_20ns_md/MDR1_CRYNH/simulation_explicit/pocket1/replica_1/MDR1_CRYNH_prepared_Milbemycin_pocket1_complex_recombined_complex_explicit_initial_frame.pdb,/media/zhenli/datadrive/valleyfevermutation/simulation_20ns_md/MDR1_CRYNH/simulation_explicit/pocket1/replica_1/MDR1_CRYNH_prepared_Milbemycin_pocket1_complex_recombined_complex_explicit_trajectory.dcd,0.6626591230551627,28,3.379917688504736,2.6959361741642085,1.0,pocket_lost_instability,True,,passed,101.0
MDR1_CRYNH|Milbemycin|pocket12|replica_1,MDR1_CRYNH,Milbemycin,pocket12,replica_1,/media/zhenli/datadrive/valleyfevermutation/simulation_20ns_md/MDR1_CRYNH/simulation_explicit/pocket12/replica_1/MDR1_CRYNH_prepared_Milbemycin_pocket12_complex_recombined_complex_explicit_initial_frame.pdb,/media/zhenli/datadrive/valleyfevermutation/simulation_20ns_md/MDR1_CRYNH/simulation_explicit/pocket12/replica_1/MDR1_CRYNH_prepared_Milbemycin_pocket12_complex_recombined_complex_explicit_trajectory.dcd,0.5381188118811882,20,5.406591935797003,3.9664634214678225,1.0,pocket_lost_instability,True,,passed,101.0
MDR1_CRYNH|Milbemycin|pocket13|replica_1,MDR1_CRYNH,Milbemycin,pocket13,replica_1,/media/zhenli/datadrive/valleyfevermutation/simulation_20ns_md/MDR1_CRYNH/simulation_explicit/pocket13/replica_1/MDR1_CRYNH_prepared_Milbemycin_pocket13_complex_recombined_complex_explicit_initial_frame.pdb,/media/zhenli/datadrive/valleyfevermutation/simulation_20ns_md/MDR1_CRYNH/simulation_explicit/pocket13/replica_1/MDR1_CRYNH_prepared_Milbemycin_pocket13_complex_recombined_complex_explicit_trajectory.dcd,0.5093069306930693,25,2.3140821162234313,1.8189480499886224,0.0,metric_discordant_uncertain,True,,passed,101.0
MDR1_TRIRC|Milbemycin|pocket11|replica_1,MDR1_TRIRC,Milbemycin,pocket11,replica_1,/media/zhenli/datadrive/valleyfevermutation/simulation_20ns_md/MDR1_TRIRC/simulation_explicit/pocket11/replica_1/MDR1_TRIRC_prepared_Milbemycin_pocket11_complex_recombined_complex_explicit_initial_frame.pdb,/media/zhenli/datadrive/valleyfevermutation/simulation_20ns_md/MDR1_TRIRC/simulation_explicit/pocket11/replica_1/MDR1_TRIRC_prepared_Milbemycin_pocket11_complex_recombined_complex_explicit_trajectory.dcd,0.5990099009900991,12,5.7581650505867685,4.442161443206472,1.0,pocket_lost_instability,True,,passed,101.0
MDR1_TRIRC|Milbemycin|pocket15|replica_1,MDR1_TRIRC,Milbemycin,pocket15,replica_1,/media/zhenli/datadrive/valleyfevermutation/simulation_20ns_md/MDR1_TRIRC/simulation_explicit/pocket15/replica_1/MDR1_TRIRC_prepared_Milbemycin_pocket15_complex_recombined_complex_explicit_initial_frame.pdb,/media/zhenli/datadrive/valleyfevermutation/simulation_20ns_md/MDR1_TRIRC/simulation_explicit/pocket15/replica_1/MDR1_TRIRC_prepared_Milbemycin_pocket15_complex_recombined_complex_explicit_trajectory.dcd,,0,,,,,False,"insufficient terminal frames (R_pocket): only 0 frames in terminal window (18.0, 20.0) ns (need >= 3)",,
MDR1_TRIRC|Milbemycin|pocket3|replica_1,MDR1_TRIRC,Milbemycin,pocket3,replica_1,/media/zhenli/datadrive/valleyfevermutation/simulation_20ns_md/MDR1_TRIRC/simulation_explicit/pocket3/replica_1/MDR1_TRIRC_prepared_Milbemycin_pocket3_complex_recombined_complex_explicit_initial_frame.pdb,/media/zhenli/datadrive/valleyfevermutation/simulation_20ns_md/MDR1_TRIRC/simulation_explicit/pocket3/replica_1/MDR1_TRIRC_prepared_Milbemycin_pocket3_complex_recombined_complex_explicit_trajectory.dcd,0.7538896746817534,14,6.712942383865666,5.677430653104907,1.0,pocket_retained_perturbation,True,,passed,101.0
MDR1_TRIRC|Milbemycin|pocket4|replica_1,MDR1_TRIRC,Milbemycin,pocket4,replica_1,/media/zhenli/datadrive/valleyfevermutation/simulation_20ns_md/MDR1_TRIRC/simulation_explicit/pocket4/replica_1/MDR1_TRIRC_prepared_Milbemycin_pocket4_complex_recombined_complex_explicit_initial_frame.pdb,/media/zhenli/datadrive/valleyfevermutation/simulation_20ns_md/MDR1_TRIRC/simulation_explicit/pocket4/replica_1/MDR1_TRIRC_prepared_Milbemycin_pocket4_complex_recombined_complex_explicit_trajectory.dcd,0.6998199819981998,22,3.0805256328173654,1.6009396865433465,1.0,pocket_retained_perturbation,True,,passed,101.0
MDR1_TRIRC|Milbemycin|pocket7|replica_1,MDR1_TRIRC,Milbemycin,pocket7,replica_1,/media/zhenli/datadrive/valleyfevermutation/simulation_20ns_md/MDR1_TRIRC/simulation_explicit/pocket7/replica_1/MDR1_TRIRC_prepared_Milbemycin_pocket7_complex_recombined_complex_explicit_initial_frame.pdb,/media/zhenli/datadrive/valleyfevermutation/simulation_20ns_md/MDR1_TRIRC/simulation_explicit/pocket7/replica_1/MDR1_TRIRC_prepared_Milbemycin_pocket7_complex_recombined_complex_explicit_trajectory.dcd,0.7013201320132014,18,3.261171898206798,1.9378722922706475,1.0,pocket_retained_perturbation,True,,passed,101.0
MDR1_TRIRC|Milbemycin|pocket8|replica_1,MDR1_TRIRC,Milbemycin,pocket8,replica_1,/media/zhenli/datadrive/valleyfevermutation/simulation_20ns_md/MDR1_TRIRC/simulation_explicit/pocket8/replica_1/MDR1_TRIRC_prepared_Milbemycin_pocket8_complex_recombined_complex_explicit_initial_frame.pdb,/media/zhenli/datadrive/valleyfevermutation/simulation_20ns_md/MDR1_TRIRC/simulation_explicit/pocket8/replica_1/MDR1_TRIRC_prepared_Milbemycin_pocket8_complex_recombined_complex_explicit_trajectory.dcd,0.7821782178217822,22,3.6970207412550318,3.10705915659682,1.0,pocket_retained_perturbation,True,,passed,101.0
MDR2_TRIRC|Milbemycin|pocket10|replica_1,MDR2_TRIRC,Milbemycin,pocket10,replica_1,/media/zhenli/datadrive/valleyfevermutation/simulation_20ns_md/MDR2_TRIRC/simulation_explicit/pocket10/replica_1/MDR2_TRIRC_prepared_Milbemycin_pocket10_complex_recombined_complex_explicit_initial_frame.pdb,/media/zhenli/datadrive/valleyfevermutation/simulation_20ns_md/MDR2_TRIRC/simulation_explicit/pocket10/replica_1/MDR2_TRIRC_prepared_Milbemycin_pocket10_complex_recombined_complex_explicit_trajectory.dcd,0.49339933993399343,12,5.511031052618776,5.121780155335278,1.0,pocket_lost_instability,True,,passed,101.0
MDR2_TRIRC|Milbemycin|pocket14|replica_1,MDR2_TRIRC,Milbemycin,pocket14,replica_1,/media/zhenli/datadrive/valleyfevermutation/simulation_20ns_md/MDR2_TRIRC/simulation_explicit/pocket14/replica_1/MDR2_TRIRC_prepared_Milbemycin_pocket14_complex_recombined_complex_explicit_initial_frame.pdb,/media/zhenli/datadrive/valleyfevermutation/simulation_20ns_md/MDR2_TRIRC/simulation_explicit/pocket14/replica_1/MDR2_TRIRC_prepared_Milbemycin_pocket14_complex_recombined_complex_explicit_trajectory.dcd,0.35643564356435653,12,6.640964124345574,3.6161160611921384,1.0,pocket_lost_instability,True,,passed,101.0
MDR2_TRIRC|Milbemycin|pocket15|replica_1,MDR2_TRIRC,Milbemycin,pocket15,replica_1,/media/zhenli/datadrive/valleyfevermutation/simulation_20ns_md/MDR2_TRIRC/simulation_explicit/pocket15/replica_1/MDR2_TRIRC_prepared_Milbemycin_pocket15_complex_recombined_complex_explicit_initial_frame.pdb,/media/zhenli/datadrive/valleyfevermutation/simulation_20ns_md/MDR2_TRIRC/simulation_explicit/pocket15/replica_1/MDR2_TRIRC_prepared_Milbemycin_pocket15_complex_recombined_complex_explicit_trajectory.dcd,0.7209720972097208,11,4.797637486211209,3.1176174620617982,1.0,pocket_retained_perturbation,True,,passed,101.0
MDR2_TRIRC|Milbemycin|pocket3|replica_1,MDR2_TRIRC,Milbemycin,pocket3,replica_1,/media/zhenli/datadrive/valleyfevermutation/simulation_20ns_md/MDR2_TRIRC/simulation_explicit/pocket3/replica_1/MDR2_TRIRC_prepared_Milbemycin_pocket3_complex_recombined_complex_explicit_initial_frame.pdb,/media/zhenli/datadrive/valleyfevermutation/simulation_20ns_md/MDR2_TRIRC/simulation_explicit/pocket3/replica_1/MDR2_TRIRC_prepared_Milbemycin_pocket3_complex_recombined_complex_explicit_trajectory.dcd,0.552434456928839,18,4.286936164676339,2.6704224524466493,1.0,pocket_lost_instability,True,,passed,89.0
MDR2_TRIRC|Milbemycin|pocket9|replica_1,MDR2_TRIRC,Milbemycin,pocket9,replica_1,/media/zhenli/datadrive/valleyfevermutation/simulation_20ns_md/MDR2_TRIRC/simulation_explicit/pocket9/replica_1/MDR2_TRIRC_prepared_Milbemycin_pocket9_complex_recombined_complex_explicit_initial_frame.pdb,/media/zhenli/datadrive/valleyfevermutation/simulation_20ns_md/MDR2_TRIRC/simulation_explicit/pocket9/replica_1/MDR2_TRIRC_prepared_Milbemycin_pocket9_complex_recombined_complex_explicit_trajectory.dcd,0.5981362842166569,17,4.998909600492141,3.1489018020844752,1.0,pocket_lost_instability,True,,passed,101.0
PDH1_CANGA|Milbemycin|pocket12|replica_1,PDH1_CANGA,Milbemycin,pocket12,replica_1,/media/zhenli/datadrive/valleyfevermutation/simulation_20ns_md/PDH1_CANGA/simulation_explicit/pocket12/replica_1/PDH1_CANGA_prepared_Milbemycin_pocket12_complex_recombined_complex_explicit_initial_frame.pdb,/media/zhenli/datadrive/valleyfevermutation/simulation_20ns_md/PDH1_CANGA/simulation_explicit/pocket12/replica_1/PDH1_CANGA_prepared_Milbemycin_pocket12_complex_recombined_complex_explicit_trajectory.dcd,0.6274294096076275,27,4.15930185623624,2.8997142188661797,1.0,pocket_lost_instability,True,,passed,101.0
PDH1_CANGA|Milbemycin|pocket13|replica_1,PDH1_CANGA,Milbemycin,pocket13,replica_1,/media/zhenli/datadrive/valleyfevermutation/simulation_20ns_md/PDH1_CANGA/simulation_explicit/pocket13/replica_1/PDH1_CANGA_prepared_Milbemycin_pocket13_complex_recombined_complex_explicit_initial_frame.pdb,/media/zhenli/datadrive/valleyfevermutation/simulation_20ns_md/PDH1_CANGA/simulation_explicit/pocket13/replica_1/PDH1_CANGA_prepared_Milbemycin_pocket13_complex_recombined_complex_explicit_trajectory.dcd,0.6706844597503229,23,4.285294630588501,3.6486132118933927,1.0,pocket_lost_instability,True,,passed,101.0
PDH1_CANGA|Milbemycin|pocket2|replica_1,PDH1_CANGA,Milbemycin,pocket2,replica_1,/media/zhenli/datadrive/valleyfevermutation/simulation_20ns_md/PDH1_CANGA/simulation_explicit/pocket2/replica_1/PDH1_CANGA_prepared_Milbemycin_pocket2_complex_recombined_complex_explicit_initial_frame.pdb,/media/zhenli/datadrive/valleyfevermutation/simulation_20ns_md/PDH1_CANGA/simulation_explicit/pocket2/replica_1/PDH1_CANGA_prepared_Milbemycin_pocket2_complex_recombined_complex_explicit_trajectory.dcd,0.39745403111739747,28,6.133987874638008,4.966026913485672,1.0,pocket_lost_instability,True,,passed,101.0
PDH1_CANGA|Milbemycin|pocket3|replica_1,PDH1_CANGA,Milbemycin,pocket3,replica_1,/media/zhenli/datadrive/valleyfevermutation/simulation_20ns_md/PDH1_CANGA/simulation_explicit/pocket3/replica_1/PDH1_CANGA_prepared_Milbemycin_pocket3_complex_recombined_complex_explicit_initial_frame.pdb,/media/zhenli/datadrive/valleyfevermutation/simulation_20ns_md/PDH1_CANGA/simulation_explicit/pocket3/replica_1/PDH1_CANGA_prepared_Milbemycin_pocket3_complex_recombined_complex_explicit_trajectory.dcd,0.7751060820367749,21,2.306328713707667,1.429708843853056,0.0,retained_stable,True,,passed,101.0
PDR5_YEAST|Milbemycin|pocket14|replica_1,PDR5_YEAST,Milbemycin,pocket14,replica_1,/media/zhenli/datadrive/valleyfevermutation/simulation_20ns_md/PDR5_YEAST/simulation_explicit/pocket14/replica_1/PDR5_YEAST_prepared_Milbemycin_pocket14_complex_recombined_complex_explicit_initial_frame.pdb,/media/zhenli/datadrive/valleyfevermutation/simulation_20ns_md/PDR5_YEAST/simulation_explicit/pocket14/replica_1/PDR5_YEAST_prepared_Milbemycin_pocket14_complex_recombined_complex_explicit_trajectory.dcd,0.7054455445544554,24,2.4920388345736093,0.826960842768101,0.0,retained_stable,True,,passed,101.0
PDR5_YEAST|Milbemycin|pocket15|replica_1,PDR5_YEAST,Milbemycin,pocket15,replica_1,/media/zhenli/datadrive/valleyfevermutation/simulation_20ns_md/PDR5_YEAST/simulation_explicit/pocket15/replica_1/PDR5_YEAST_prepared_Milbemycin_pocket15_complex_recombined_complex_explicit_initial_frame.pdb,/media/zhenli/datadrive/valleyfevermutation/simulation_20ns_md/PDR5_YEAST/simulation_explicit/pocket15/replica_1/PDR5_YEAST_prepared_Milbemycin_pocket15_complex_recombined_complex_explicit_trajectory.dcd,0.6889924286546301,17,3.07311550449502,2.0816291876413957,1.0,pocket_retained_perturbation,True,,passed,101.0
PDR5_YEAST|Milbemycin|pocket9|replica_1,PDR5_YEAST,Milbemycin,pocket9,replica_1,/media/zhenli/datadrive/valleyfevermutation/simulation_20ns_md/PDR5_YEAST/simulation_explicit/pocket9/replica_1/PDR5_YEAST_prepared_Milbemycin_pocket9_complex_recombined_complex_explicit_initial_frame.pdb,/media/zhenli/datadrive/valleyfevermutation/simulation_20ns_md/PDR5_YEAST/simulation_explicit/pocket9/replica_1/PDR5_YEAST_prepared_Milbemycin_pocket9_complex_recombined_complex_explicit_trajectory.dcd,0.6683168316831686,26,2.057110954059085,1.2225107660312478,0.0,metric_discordant_uncertain,True,,passed,101.0
SNQ2_CANGA|Milbemycin|pocket2|replica_1,SNQ2_CANGA,Milbemycin,pocket2,replica_1,/media/zhenli/datadrive/valleyfevermutation/simulation_20ns_md/SNQ2_CANGA/simulation_explicit/pocket2/replica_1/SNQ2_CANGA_prepared_Milbemycin_pocket2_complex_recombined_complex_explicit_initial_frame.pdb,/media/zhenli/datadrive/valleyfevermutation/simulation_20ns_md/SNQ2_CANGA/simulation_explicit/pocket2/replica_1/SNQ2_CANGA_prepared_Milbemycin_pocket2_complex_recombined_complex_explicit_trajectory.dcd,0.8592337494619028,23,2.67263231742546,1.897166972774653,0.0,retained_stable,True,,passed,101.0
SNQ2_CANGA|Milbemycin|pocket4|replica_1,SNQ2_CANGA,Milbemycin,pocket4,replica_1,/media/zhenli/datadrive/valleyfevermutation/simulation_20ns_md/SNQ2_CANGA/simulation_explicit/pocket4/replica_1/SNQ2_CANGA_prepared_Milbemycin_pocket4_complex_recombined_complex_explicit_initial_frame.pdb,/media/zhenli/datadrive/valleyfevermutation/simulation_20ns_md/SNQ2_CANGA/simulation_explicit/pocket4/replica_1/SNQ2_CANGA_prepared_Milbemycin_pocket4_complex_recombined_complex_explicit_trajectory.dcd,0.8180693069306932,24,3.1802429035023536,2.376091653316436,1.0,pocket_retained_perturbation,True,,passed,101.0
SNQ2_CANGA|Milbemycin|pocket5|replica_1,SNQ2_CANGA,Milbemycin,pocket5,replica_1,/media/zhenli/datadrive/valleyfevermutation/simulation_20ns_md/SNQ2_CANGA/simulation_explicit/pocket5/replica_1/SNQ2_CANGA_prepared_Milbemycin_pocket5_complex_recombined_complex_explicit_initial_frame.pdb,/media/zhenli/datadrive/valleyfevermutation/simulation_20ns_md/SNQ2_CANGA/simulation_explicit/pocket5/replica_1/SNQ2_CANGA_prepared_Milbemycin_pocket5_complex_recombined_complex_explicit_trajectory.dcd,0.7446958981612448,14,4.560013869738073,3.505588415791382,1.0,pocket_retained_perturbation,True,,passed,101.0
SNQ2_CANGA|Milbemycin|pocket9|replica_1,SNQ2_CANGA,Milbemycin,pocket9,replica_1,/media/zhenli/datadrive/valleyfevermutation/simulation_20ns_md/SNQ2_CANGA/simulation_explicit/pocket9/replica_1/SNQ2_CANGA_prepared_Milbemycin_pocket9_complex_recombined_complex_explicit_initial_frame.pdb,/media/zhenli/datadrive/valleyfevermutation/simulation_20ns_md/SNQ2_CANGA/simulation_explicit/pocket9/replica_1/SNQ2_CANGA_prepared_Milbemycin_pocket9_complex_recombined_complex_explicit_trajectory.dcd,0.6047524752475248,25,2.9871206211320347,2.1962897410779605,0.0,metric_discordant_uncertain,True,,passed,101.0
