complex_id,protein,checkpoint_ns,feature_window_ns,corrected_pose_rmsd_A,late_pose_retained_locked,outer_lopo_fold,outer_train_n,outer_train_proteins,oof_probability_retained,decision_threshold,oof_decision_continue
AFR1|Milbemycin|pocket8|replica_1,AFR1,5,"(3,5]",2.8101647703344463,1,held_out_protein=AFR1,51,14,0.40986359939376904,0.5,0
ATRF_ASPFU|Milbemycin|pocket1|replica_1,ATRF_ASPFU,5,"(3,5]",0.8465921306729886,1,held_out_protein=ATRF_ASPFU,49,14,0.8283193472998163,0.5,1
ATRF_ASPFU|Milbemycin|pocket11|replica_1,ATRF_ASPFU,5,"(3,5]",2.523473942968111,0,held_out_protein=ATRF_ASPFU,49,14,0.5129021699110385,0.5,1
ATRF_ASPFU|Milbemycin|pocket7|replica_1,ATRF_ASPFU,5,"(3,5]",3.3882033585135063,0,held_out_protein=ATRF_ASPFU,49,14,0.3244679601088404,0.5,0
CDR1_CANAR|Milbemycin|pocket1|replica_1,CDR1_CANAR,5,"(3,5]",2.218944343824889,1,held_out_protein=CDR1_CANAR,48,14,0.5677758140704389,0.5,1
CDR1_CANAR|Milbemycin|pocket11|replica_1,CDR1_CANAR,5,"(3,5]",3.093230788757459,0,held_out_protein=CDR1_CANAR,48,14,0.3689132452365941,0.5,0
CDR1_CANAR|Milbemycin|pocket2|replica_1,CDR1_CANAR,5,"(3,5]",2.1037191164710967,0,held_out_protein=CDR1_CANAR,48,14,0.5937502521879593,0.5,1
CDR1_CANAR|Milbemycin|pocket3|replica_1,CDR1_CANAR,5,"(3,5]",4.641289784686287,0,held_out_protein=CDR1_CANAR,48,14,0.12233337122333791,0.5,0
CDR1_CANAR_auris|Milbemycin|pocket10|replica_1,CDR1_CANAR_auris,5,"(3,5]",6.021614369127628,0,held_out_protein=CDR1_CANAR_auris,48,14,0.033546554195021894,0.5,0
CDR1_CANAR_auris|Milbemycin|pocket14|replica_1,CDR1_CANAR_auris,5,"(3,5]",3.3942064807754417,0,held_out_protein=CDR1_CANAR_auris,48,14,0.29587475957004716,0.5,0
CDR1_CANAR_auris|Milbemycin|pocket2|replica_1,CDR1_CANAR_auris,5,"(3,5]",2.3858383204321445,0,held_out_protein=CDR1_CANAR_auris,48,14,0.5224909635154117,0.5,1
CDR1_CANAR_auris|Milbemycin|pocket5|replica_1,CDR1_CANAR_auris,5,"(3,5]",2.458340233013302,1,held_out_protein=CDR1_CANAR_auris,48,14,0.5053030184538875,0.5,1
CDR2_CANAL|Milbemycin|pocket1|replica_1,CDR2_CANAL,5,"(3,5]",10.494901293595287,0,held_out_protein=CDR2_CANAL,49,14,0.0001203654063124318,0.5,0
CDR2_CANAL|Milbemycin|pocket13|replica_1,CDR2_CANAL,5,"(3,5]",9.674301276495116,0,held_out_protein=CDR2_CANAL,49,14,0.0003021211111690262,0.5,0
CDR2_CANAL|Milbemycin|pocket4|replica_1,CDR2_CANAL,5,"(3,5]",3.145495284108549,0,held_out_protein=CDR2_CANAL,49,14,0.3141184554580448,0.5,0
CIMG_00533|Milbemycin|pocket1|replica_1,CIMG_00533,5,"(3,5]",6.838337118419371,0,held_out_protein=CIMG_00533,46,14,0.01826641696467558,0.5,0
CIMG_00533|Milbemycin|pocket12|replica_1,CIMG_00533,5,"(3,5]",4.05722722911502,0,held_out_protein=CIMG_00533,46,14,0.19644847644310393,0.5,0
CIMG_00533|Milbemycin|pocket2|replica_1,CIMG_00533,5,"(3,5]",2.2514317017490404,0,held_out_protein=CIMG_00533,46,14,0.5655517061202932,0.5,1
CIMG_00533|Milbemycin|pocket3|replica_1,CIMG_00533,5,"(3,5]",3.5078267975262203,0,held_out_protein=CIMG_00533,46,14,0.2890842628299253,0.5,0
CIMG_00533|Milbemycin|pocket7|replica_1,CIMG_00533,5,"(3,5]",1.478890351933439,0,held_out_protein=CIMG_00533,46,14,0.7269461391330772,0.5,1
CIMG_00533|Milbemycin|pocket9|replica_1,CIMG_00533,5,"(3,5]",2.761694639748739,0,held_out_protein=CIMG_00533,46,14,0.4479801722499322,0.5,0
CIMG_00780|Milbemycin|pocket1|replica_1,CIMG_00780,5,"(3,5]",1.4421363913148,1,held_out_protein=CIMG_00780,45,14,0.7278527342634533,0.5,1
CIMG_00780|Milbemycin|pocket2|replica_1,CIMG_00780,5,"(3,5]",1.516952107792356,1,held_out_protein=CIMG_00780,45,14,0.7150944129382358,0.5,1
CIMG_00780|Milbemycin|pocket3|replica_1,CIMG_00780,5,"(3,5]",1.9257445661127848,1,held_out_protein=CIMG_00780,45,14,0.6395243987369291,0.5,1
CIMG_00780|Milbemycin|pocket4|replica_1,CIMG_00780,5,"(3,5]",1.9824943233229384,1,held_out_protein=CIMG_00780,45,14,0.628347721227964,0.5,1
CIMG_00780|Milbemycin|pocket7|replica_1,CIMG_00780,5,"(3,5]",1.790200673318509,1,held_out_protein=CIMG_00780,45,14,0.6655978315696773,0.5,1
CIMG_00780|Milbemycin|pocket8|replica_1,CIMG_00780,5,"(3,5]",1.878726167157122,0,held_out_protein=CIMG_00780,45,14,0.6486719308203535,0.5,1
CIMG_00780|Milbemycin|pocket9|replica_1,CIMG_00780,5,"(3,5]",2.211093804934753,1,held_out_protein=CIMG_00780,45,14,0.5820305949580864,0.5,1
CIMG_01418|Milbemycin|pocket15|replica_1,CIMG_01418,5,"(3,5]",3.5494038399274697,0,held_out_protein=CIMG_01418,50,14,0.2442480608333727,0.5,0
CIMG_01418|Milbemycin|pocket3|replica_1,CIMG_01418,5,"(3,5]",11.082346398323814,0,held_out_protein=CIMG_01418,50,14,0.00011655319088316703,0.5,0
CIMG_09093|Milbemycin|pocket1|replica_1,CIMG_09093,5,"(3,5]",3.5028374176745087,0,held_out_protein=CIMG_09093,49,14,0.2923822843159312,0.5,0
CIMG_09093|Milbemycin|pocket12|replica_1,CIMG_09093,5,"(3,5]",4.150887934352874,0,held_out_protein=CIMG_09093,49,14,0.18732488736915007,0.5,0
CIMG_09093|Milbemycin|pocket3|replica_1,CIMG_09093,5,"(3,5]",2.774722593847676,0,held_out_protein=CIMG_09093,49,14,0.44322355257422036,0.5,0
MDR1_CRYNH|Milbemycin|pocket13|replica_1,MDR1_CRYNH,5,"(3,5]",2.5126648814757244,0,held_out_protein=MDR1_CRYNH,51,14,0.5044151710675489,0.5,1
MDR1_TRIRC|Milbemycin|pocket11|replica_1,MDR1_TRIRC,5,"(3,5]",2.3719853729705767,0,held_out_protein=MDR1_TRIRC,48,14,0.5385036586112809,0.5,1
MDR1_TRIRC|Milbemycin|pocket3|replica_1,MDR1_TRIRC,5,"(3,5]",5.213447162807214,0,held_out_protein=MDR1_TRIRC,48,14,0.07682926651389806,0.5,0
MDR1_TRIRC|Milbemycin|pocket7|replica_1,MDR1_TRIRC,5,"(3,5]",3.3994910677949446,0,held_out_protein=MDR1_TRIRC,48,14,0.3099115118719136,0.5,0
MDR1_TRIRC|Milbemycin|pocket8|replica_1,MDR1_TRIRC,5,"(3,5]",1.9163067061387808,0,held_out_protein=MDR1_TRIRC,48,14,0.6405561633441995,0.5,1
MDR2_TRIRC|Milbemycin|pocket10|replica_1,MDR2_TRIRC,5,"(3,5]",2.88774198959192,0,held_out_protein=MDR2_TRIRC,47,14,0.41551647311283396,0.5,0
MDR2_TRIRC|Milbemycin|pocket14|replica_1,MDR2_TRIRC,5,"(3,5]",5.002582543195939,0,held_out_protein=MDR2_TRIRC,47,14,0.10410304294629001,0.5,0
MDR2_TRIRC|Milbemycin|pocket15|replica_1,MDR2_TRIRC,5,"(3,5]",4.678762627723042,0,held_out_protein=MDR2_TRIRC,47,14,0.13295141135069288,0.5,0
MDR2_TRIRC|Milbemycin|pocket3|replica_1,MDR2_TRIRC,5,"(3,5]",4.594043673663492,0,held_out_protein=MDR2_TRIRC,47,14,0.14154040016823186,0.5,0
MDR2_TRIRC|Milbemycin|pocket9|replica_1,MDR2_TRIRC,5,"(3,5]",3.176077596523346,0,held_out_protein=MDR2_TRIRC,47,14,0.35705967118435916,0.5,0
PDH1_CANGA|Milbemycin|pocket12|replica_1,PDH1_CANGA,5,"(3,5]",2.4872374733232,0,held_out_protein=PDH1_CANGA,49,14,0.5148234416270187,0.5,1
PDH1_CANGA|Milbemycin|pocket2|replica_1,PDH1_CANGA,5,"(3,5]",2.074984139854305,1,held_out_protein=PDH1_CANGA,49,14,0.6153543645140365,0.5,1
PDH1_CANGA|Milbemycin|pocket3|replica_1,PDH1_CANGA,5,"(3,5]",1.3004105861021196,0,held_out_protein=PDH1_CANGA,49,14,0.7757861450489644,0.5,1
PDR5_YEAST|Milbemycin|pocket15|replica_1,PDR5_YEAST,5,"(3,5]",1.6193112316293743,1,held_out_protein=PDR5_YEAST,50,14,0.7198570169186385,0.5,1
PDR5_YEAST|Milbemycin|pocket9|replica_1,PDR5_YEAST,5,"(3,5]",1.1177899304507706,0,held_out_protein=PDR5_YEAST,50,14,0.8097922306691392,0.5,1
SNQ2_CANGA|Milbemycin|pocket2|replica_1,SNQ2_CANGA,5,"(3,5]",1.716492649303344,0,held_out_protein=SNQ2_CANGA,48,14,0.6909234366577021,0.5,1
SNQ2_CANGA|Milbemycin|pocket4|replica_1,SNQ2_CANGA,5,"(3,5]",3.4080522062933607,0,held_out_protein=SNQ2_CANGA,48,14,0.3181843285375809,0.5,0
SNQ2_CANGA|Milbemycin|pocket5|replica_1,SNQ2_CANGA,5,"(3,5]",1.3600811386114122,1,held_out_protein=SNQ2_CANGA,48,14,0.7566713272059896,0.5,1
SNQ2_CANGA|Milbemycin|pocket9|replica_1,SNQ2_CANGA,5,"(3,5]",2.4315963699924863,0,held_out_protein=SNQ2_CANGA,48,14,0.5354842530916553,0.5,1
AFR1|Milbemycin|pocket8|replica_1,AFR1,10,"(8,10]",2.9317600637984857,1,held_out_protein=AFR1,51,14,0.519725308285323,0.5,1
ATRF_ASPFU|Milbemycin|pocket1|replica_1,ATRF_ASPFU,10,"(8,10]",2.748822721396567,1,held_out_protein=ATRF_ASPFU,49,14,0.558271681197863,0.5,1
ATRF_ASPFU|Milbemycin|pocket11|replica_1,ATRF_ASPFU,10,"(8,10]",3.02558682073948,0,held_out_protein=ATRF_ASPFU,49,14,0.5028899509403505,0.5,1
ATRF_ASPFU|Milbemycin|pocket7|replica_1,ATRF_ASPFU,10,"(8,10]",5.784323990526598,0,held_out_protein=ATRF_ASPFU,49,14,0.09910697328021165,0.5,0
CDR1_CANAR|Milbemycin|pocket1|replica_1,CDR1_CANAR,10,"(8,10]",2.9646274741282848,1,held_out_protein=CDR1_CANAR,48,14,0.5176326234141544,0.5,1
CDR1_CANAR|Milbemycin|pocket11|replica_1,CDR1_CANAR,10,"(8,10]",3.3418919063433106,0,held_out_protein=CDR1_CANAR,48,14,0.44077436049095714,0.5,0
CDR1_CANAR|Milbemycin|pocket2|replica_1,CDR1_CANAR,10,"(8,10]",2.1385469016800505,0,held_out_protein=CDR1_CANAR,48,14,0.6783597727281515,0.5,1
CDR1_CANAR|Milbemycin|pocket3|replica_1,CDR1_CANAR,10,"(8,10]",5.44540022213003,0,held_out_protein=CDR1_CANAR,48,14,0.1236225689518925,0.5,0
CDR1_CANAR_auris|Milbemycin|pocket10|replica_1,CDR1_CANAR_auris,10,"(8,10]",13.130575866633928,0,held_out_protein=CDR1_CANAR_auris,48,14,8.550419199915509e-05,0.5,0
CDR1_CANAR_auris|Milbemycin|pocket14|replica_1,CDR1_CANAR_auris,10,"(8,10]",3.65896846475213,0,held_out_protein=CDR1_CANAR_auris,48,14,0.3489721475054253,0.5,0
CDR1_CANAR_auris|Milbemycin|pocket2|replica_1,CDR1_CANAR_auris,10,"(8,10]",2.633860280038163,0,held_out_protein=CDR1_CANAR_auris,48,14,0.5799878189366677,0.5,1
CDR1_CANAR_auris|Milbemycin|pocket5|replica_1,CDR1_CANAR_auris,10,"(8,10]",3.2649887480024167,1,held_out_protein=CDR1_CANAR_auris,48,14,0.4353943866927756,0.5,0
CDR2_CANAL|Milbemycin|pocket1|replica_1,CDR2_CANAL,10,"(8,10]",9.602765623188487,0,held_out_protein=CDR2_CANAL,49,14,0.0018744655502442985,0.5,0
CDR2_CANAL|Milbemycin|pocket13|replica_1,CDR2_CANAL,10,"(8,10]",14.081243274773652,0,held_out_protein=CDR2_CANAL,49,14,2.6743813492665643e-05,0.5,0
CDR2_CANAL|Milbemycin|pocket4|replica_1,CDR2_CANAL,10,"(8,10]",3.349634984330524,0,held_out_protein=CDR2_CANAL,49,14,0.4155251835940318,0.5,0
CIMG_00533|Milbemycin|pocket1|replica_1,CIMG_00533,10,"(8,10]",6.483031830483557,0,held_out_protein=CIMG_00533,46,14,0.056743541159968665,0.5,0
CIMG_00533|Milbemycin|pocket12|replica_1,CIMG_00533,10,"(8,10]",5.785357487850543,0,held_out_protein=CIMG_00533,46,14,0.0971052320914742,0.5,0
CIMG_00533|Milbemycin|pocket2|replica_1,CIMG_00533,10,"(8,10]",1.6742786536256502,0,held_out_protein=CIMG_00533,46,14,0.7673975611896865,0.5,1
CIMG_00533|Milbemycin|pocket3|replica_1,CIMG_00533,10,"(8,10]",3.658463101105239,0,held_out_protein=CIMG_00533,46,14,0.38730668460850776,0.5,0
CIMG_00533|Milbemycin|pocket7|replica_1,CIMG_00533,10,"(8,10]",1.4602341588309609,0,held_out_protein=CIMG_00533,46,14,0.797690020197312,0.5,1
CIMG_00533|Milbemycin|pocket9|replica_1,CIMG_00533,10,"(8,10]",3.313437649246875,0,held_out_protein=CIMG_00533,46,14,0.4572722042731905,0.5,0
CIMG_00780|Milbemycin|pocket1|replica_1,CIMG_00780,10,"(8,10]",1.5796442337811205,1,held_out_protein=CIMG_00780,45,14,0.7554654741625528,0.5,1
CIMG_00780|Milbemycin|pocket2|replica_1,CIMG_00780,10,"(8,10]",1.5253751566151863,1,held_out_protein=CIMG_00780,45,14,0.7618656899999717,0.5,1
CIMG_00780|Milbemycin|pocket3|replica_1,CIMG_00780,10,"(8,10]",1.7312966895648698,1,held_out_protein=CIMG_00780,45,14,0.7369720010476544,0.5,1
CIMG_00780|Milbemycin|pocket4|replica_1,CIMG_00780,10,"(8,10]",2.3066643772285285,1,held_out_protein=CIMG_00780,45,14,0.659184380524704,0.5,1
CIMG_00780|Milbemycin|pocket7|replica_1,CIMG_00780,10,"(8,10]",1.857234960532577,1,held_out_protein=CIMG_00780,45,14,0.7209472735327282,0.5,1
CIMG_00780|Milbemycin|pocket8|replica_1,CIMG_00780,10,"(8,10]",3.422335486537317,0,held_out_protein=CIMG_00780,45,14,0.4852525476974256,0.5,0
CIMG_00780|Milbemycin|pocket9|replica_1,CIMG_00780,10,"(8,10]",1.9091998516673767,1,held_out_protein=CIMG_00780,45,14,0.7141634373331427,0.5,1
CIMG_01418|Milbemycin|pocket15|replica_1,CIMG_01418,10,"(8,10]",5.2959517941392775,0,held_out_protein=CIMG_01418,50,14,0.12519420736108527,0.5,0
CIMG_01418|Milbemycin|pocket3|replica_1,CIMG_01418,10,"(8,10]",10.996116947104785,0,held_out_protein=CIMG_01418,50,14,0.0011136012903064114,0.5,0
CIMG_09093|Milbemycin|pocket1|replica_1,CIMG_09093,10,"(8,10]",4.926618218183179,0,held_out_protein=CIMG_09093,49,14,0.19419543119771626,0.5,0
CIMG_09093|Milbemycin|pocket12|replica_1,CIMG_09093,10,"(8,10]",4.2792277072164895,0,held_out_protein=CIMG_09093,49,14,0.2836495425874571,0.5,0
CIMG_09093|Milbemycin|pocket3|replica_1,CIMG_09093,10,"(8,10]",3.331179770901802,0,held_out_protein=CIMG_09093,49,14,0.45034404369298886,0.5,0
MDR1_CRYNH|Milbemycin|pocket13|replica_1,MDR1_CRYNH,10,"(8,10]",3.150689133171096,0,held_out_protein=MDR1_CRYNH,51,14,0.48513944022830024,0.5,0
MDR1_TRIRC|Milbemycin|pocket11|replica_1,MDR1_TRIRC,10,"(8,10]",3.532398164357748,0,held_out_protein=MDR1_TRIRC,48,14,0.4213353353370426,0.5,0
MDR1_TRIRC|Milbemycin|pocket3|replica_1,MDR1_TRIRC,10,"(8,10]",3.281967600133484,0,held_out_protein=MDR1_TRIRC,48,14,0.4679596763073013,0.5,0
MDR1_TRIRC|Milbemycin|pocket7|replica_1,MDR1_TRIRC,10,"(8,10]",3.406662923291906,0,held_out_protein=MDR1_TRIRC,48,14,0.4446222896390707,0.5,0
MDR1_TRIRC|Milbemycin|pocket8|replica_1,MDR1_TRIRC,10,"(8,10]",3.907549358529468,0,held_out_protein=MDR1_TRIRC,48,14,0.3542621786546589,0.5,0
MDR2_TRIRC|Milbemycin|pocket10|replica_1,MDR2_TRIRC,10,"(8,10]",8.192513316445137,0,held_out_protein=MDR2_TRIRC,47,14,0.019613237224221966,0.5,0
MDR2_TRIRC|Milbemycin|pocket14|replica_1,MDR2_TRIRC,10,"(8,10]",4.947250247086027,0,held_out_protein=MDR2_TRIRC,47,14,0.18912461111629408,0.5,0
MDR2_TRIRC|Milbemycin|pocket15|replica_1,MDR2_TRIRC,10,"(8,10]",6.547841795226703,0,held_out_protein=MDR2_TRIRC,47,14,0.06494616752317049,0.5,0
MDR2_TRIRC|Milbemycin|pocket3|replica_1,MDR2_TRIRC,10,"(8,10]",3.692794270941928,0,held_out_protein=MDR2_TRIRC,47,14,0.37605457666208114,0.5,0
MDR2_TRIRC|Milbemycin|pocket9|replica_1,MDR2_TRIRC,10,"(8,10]",3.368004244759278,0,held_out_protein=MDR2_TRIRC,47,14,0.4352345042014109,0.5,0
PDH1_CANGA|Milbemycin|pocket12|replica_1,PDH1_CANGA,10,"(8,10]",2.7184367962090423,0,held_out_protein=PDH1_CANGA,49,14,0.5723927761140736,0.5,1
PDH1_CANGA|Milbemycin|pocket2|replica_1,PDH1_CANGA,10,"(8,10]",2.449779021702313,1,held_out_protein=PDH1_CANGA,49,14,0.6236749265114506,0.5,1
PDH1_CANGA|Milbemycin|pocket3|replica_1,PDH1_CANGA,10,"(8,10]",3.826781339471883,0,held_out_protein=PDH1_CANGA,49,14,0.3567723489966527,0.5,0
PDR5_YEAST|Milbemycin|pocket15|replica_1,PDR5_YEAST,10,"(8,10]",1.8259817727848024,1,held_out_protein=PDR5_YEAST,50,14,0.7492076234752396,0.5,1
PDR5_YEAST|Milbemycin|pocket9|replica_1,PDR5_YEAST,10,"(8,10]",1.5116088736983848,0,held_out_protein=PDR5_YEAST,50,14,0.7959810962674232,0.5,1
SNQ2_CANGA|Milbemycin|pocket2|replica_1,SNQ2_CANGA,10,"(8,10]",2.4676355667270715,0,held_out_protein=SNQ2_CANGA,48,14,0.6217219445429063,0.5,1
SNQ2_CANGA|Milbemycin|pocket4|replica_1,SNQ2_CANGA,10,"(8,10]",3.937977074662622,0,held_out_protein=SNQ2_CANGA,48,14,0.34715092142086346,0.5,0
SNQ2_CANGA|Milbemycin|pocket5|replica_1,SNQ2_CANGA,10,"(8,10]",2.0485302803002985,1,held_out_protein=SNQ2_CANGA,48,14,0.6939212607746925,0.5,1
SNQ2_CANGA|Milbemycin|pocket9|replica_1,SNQ2_CANGA,10,"(8,10]",3.970979767997356,0,held_out_protein=SNQ2_CANGA,48,14,0.3414329327872508,0.5,0
AFR1|Milbemycin|pocket8|replica_1,AFR1,15,"(13,15]",2.7466810473893664,1,held_out_protein=AFR1,51,14,0.5811235657102495,0.5,1
ATRF_ASPFU|Milbemycin|pocket1|replica_1,ATRF_ASPFU,15,"(13,15]",2.7477108747403687,1,held_out_protein=ATRF_ASPFU,49,14,0.5776155739867045,0.5,1
ATRF_ASPFU|Milbemycin|pocket11|replica_1,ATRF_ASPFU,15,"(13,15]",3.233792451391309,0,held_out_protein=ATRF_ASPFU,49,14,0.4850501326002553,0.5,0
ATRF_ASPFU|Milbemycin|pocket7|replica_1,ATRF_ASPFU,15,"(13,15]",7.168312369257841,0,held_out_protein=ATRF_ASPFU,49,14,0.044045966311540896,0.5,0
CDR1_CANAR|Milbemycin|pocket1|replica_1,CDR1_CANAR,15,"(13,15]",2.8524035303312165,1,held_out_protein=CDR1_CANAR,48,14,0.5631628726919231,0.5,1
CDR1_CANAR|Milbemycin|pocket11|replica_1,CDR1_CANAR,15,"(13,15]",3.826969577452125,0,held_out_protein=CDR1_CANAR,48,14,0.38065817316741535,0.5,0
CDR1_CANAR|Milbemycin|pocket2|replica_1,CDR1_CANAR,15,"(13,15]",2.210669952128536,0,held_out_protein=CDR1_CANAR,48,14,0.6773866663982807,0.5,1
CDR1_CANAR|Milbemycin|pocket3|replica_1,CDR1_CANAR,15,"(13,15]",5.21369841127071,0,held_out_protein=CDR1_CANAR,48,14,0.1764185770616039,0.5,0
CDR1_CANAR_auris|Milbemycin|pocket10|replica_1,CDR1_CANAR_auris,15,"(13,15]",10.994037706841963,0,held_out_protein=CDR1_CANAR_auris,48,14,0.001511468180912498,0.5,0
CDR1_CANAR_auris|Milbemycin|pocket14|replica_1,CDR1_CANAR_auris,15,"(13,15]",4.764404436429532,0,held_out_protein=CDR1_CANAR_auris,48,14,0.20114985488978204,0.5,0
CDR1_CANAR_auris|Milbemycin|pocket2|replica_1,CDR1_CANAR_auris,15,"(13,15]",3.2315880498565765,0,held_out_protein=CDR1_CANAR_auris,48,14,0.4698362380972439,0.5,0
CDR1_CANAR_auris|Milbemycin|pocket5|replica_1,CDR1_CANAR_auris,15,"(13,15]",3.486273081419635,1,held_out_protein=CDR1_CANAR_auris,48,14,0.41827028859854654,0.5,0
CDR2_CANAL|Milbemycin|pocket1|replica_1,CDR2_CANAL,15,"(13,15]",12.932411303036696,0,held_out_protein=CDR2_CANAL,49,14,7.939005746897741e-05,0.5,0
CDR2_CANAL|Milbemycin|pocket13|replica_1,CDR2_CANAL,15,"(13,15]",15.069767480709691,0,held_out_protein=CDR2_CANAL,49,14,1.0212183352286622e-05,0.5,0
CDR2_CANAL|Milbemycin|pocket4|replica_1,CDR2_CANAL,15,"(13,15]",3.295491509984195,0,held_out_protein=CDR2_CANAL,49,14,0.4516196867003944,0.5,0
CIMG_00533|Milbemycin|pocket1|replica_1,CIMG_00533,15,"(13,15]",6.612972440155875,0,held_out_protein=CIMG_00533,46,14,0.06678970807134503,0.5,0
CIMG_00533|Milbemycin|pocket12|replica_1,CIMG_00533,15,"(13,15]",5.040013162800722,0,held_out_protein=CIMG_00533,46,14,0.19667133052258995,0.5,0
CIMG_00533|Milbemycin|pocket2|replica_1,CIMG_00533,15,"(13,15]",1.7142623223434403,0,held_out_protein=CIMG_00533,46,14,0.767291274780268,0.5,1
CIMG_00533|Milbemycin|pocket3|replica_1,CIMG_00533,15,"(13,15]",3.718973918526544,0,held_out_protein=CIMG_00533,46,14,0.4074909570587968,0.5,0
CIMG_00533|Milbemycin|pocket7|replica_1,CIMG_00533,15,"(13,15]",1.28651703333273,0,held_out_protein=CIMG_00533,46,14,0.8216432670627982,0.5,1
CIMG_00533|Milbemycin|pocket9|replica_1,CIMG_00533,15,"(13,15]",4.060219610422395,0,held_out_protein=CIMG_00533,46,14,0.3449849132733265,0.5,0
CIMG_00780|Milbemycin|pocket1|replica_1,CIMG_00780,15,"(13,15]",1.8487805507858184,1,held_out_protein=CIMG_00780,45,14,0.7306778269104836,0.5,1
CIMG_00780|Milbemycin|pocket2|replica_1,CIMG_00780,15,"(13,15]",1.661903748195108,1,held_out_protein=CIMG_00780,45,14,0.7532678261445842,0.5,1
CIMG_00780|Milbemycin|pocket3|replica_1,CIMG_00780,15,"(13,15]",1.6168083914629476,1,held_out_protein=CIMG_00780,45,14,0.7585240970894221,0.5,1
CIMG_00780|Milbemycin|pocket4|replica_1,CIMG_00780,15,"(13,15]",2.319222909306747,1,held_out_protein=CIMG_00780,45,14,0.6683824570607341,0.5,1
CIMG_00780|Milbemycin|pocket7|replica_1,CIMG_00780,15,"(13,15]",2.138027154844298,1,held_out_protein=CIMG_00780,45,14,0.6932467939482493,0.5,1
CIMG_00780|Milbemycin|pocket8|replica_1,CIMG_00780,15,"(13,15]",3.5983211261061707,0,held_out_protein=CIMG_00780,45,14,0.47323837705544197,0.5,0
CIMG_00780|Milbemycin|pocket9|replica_1,CIMG_00780,15,"(13,15]",1.92448134142491,1,held_out_protein=CIMG_00780,45,14,0.7211640209902213,0.5,1
CIMG_01418|Milbemycin|pocket15|replica_1,CIMG_01418,15,"(13,15]",5.951913836492292,0,held_out_protein=CIMG_01418,50,14,0.09152985290274625,0.5,0
CIMG_01418|Milbemycin|pocket3|replica_1,CIMG_01418,15,"(13,15]",11.798621455680388,0,held_out_protein=CIMG_01418,50,14,0.0008717734086589746,0.5,0
CIMG_09093|Milbemycin|pocket1|replica_1,CIMG_09093,15,"(13,15]",5.4264303600964805,0,held_out_protein=CIMG_09093,49,14,0.16316351707844096,0.5,0
CIMG_09093|Milbemycin|pocket12|replica_1,CIMG_09093,15,"(13,15]",4.185784963274931,0,held_out_protein=CIMG_09093,49,14,0.3263936159420913,0.5,0
CIMG_09093|Milbemycin|pocket3|replica_1,CIMG_09093,15,"(13,15]",3.2173324373801,0,held_out_protein=CIMG_09093,49,14,0.49651712384344304,0.5,0
MDR1_CRYNH|Milbemycin|pocket13|replica_1,MDR1_CRYNH,15,"(13,15]",3.1564066801036805,0,held_out_protein=MDR1_CRYNH,51,14,0.5087710487144346,0.5,1
MDR1_TRIRC|Milbemycin|pocket11|replica_1,MDR1_TRIRC,15,"(13,15]",2.9740042578583465,0,held_out_protein=MDR1_TRIRC,48,14,0.5450033834634972,0.5,1
MDR1_TRIRC|Milbemycin|pocket3|replica_1,MDR1_TRIRC,15,"(13,15]",3.8596225710459593,0,held_out_protein=MDR1_TRIRC,48,14,0.3881243397094778,0.5,0
MDR1_TRIRC|Milbemycin|pocket7|replica_1,MDR1_TRIRC,15,"(13,15]",3.787715547999272,0,held_out_protein=MDR1_TRIRC,48,14,0.400450641592911,0.5,0
MDR1_TRIRC|Milbemycin|pocket8|replica_1,MDR1_TRIRC,15,"(13,15]",4.954894400987572,0,held_out_protein=MDR1_TRIRC,48,14,0.22419238652140627,0.5,0
MDR2_TRIRC|Milbemycin|pocket10|replica_1,MDR2_TRIRC,15,"(13,15]",8.087929857293448,0,held_out_protein=MDR2_TRIRC,47,14,0.030925249864831292,0.5,0
MDR2_TRIRC|Milbemycin|pocket14|replica_1,MDR2_TRIRC,15,"(13,15]",5.627778578033248,0,held_out_protein=MDR2_TRIRC,47,14,0.1511227124764457,0.5,0
MDR2_TRIRC|Milbemycin|pocket15|replica_1,MDR2_TRIRC,15,"(13,15]",4.782337910348192,0,held_out_protein=MDR2_TRIRC,47,14,0.24322117728887757,0.5,0
MDR2_TRIRC|Milbemycin|pocket3|replica_1,MDR2_TRIRC,15,"(13,15]",3.985595841193323,0,held_out_protein=MDR2_TRIRC,47,14,0.3593000010362119,0.5,0
MDR2_TRIRC|Milbemycin|pocket9|replica_1,MDR2_TRIRC,15,"(13,15]",3.90813896108863,0,held_out_protein=MDR2_TRIRC,47,14,0.37185120323433984,0.5,0
PDH1_CANGA|Milbemycin|pocket12|replica_1,PDH1_CANGA,15,"(13,15]",2.5322312062847327,0,held_out_protein=PDH1_CANGA,49,14,0.6279504815701399,0.5,1
PDH1_CANGA|Milbemycin|pocket2|replica_1,PDH1_CANGA,15,"(13,15]",2.399125033834606,1,held_out_protein=PDH1_CANGA,49,14,0.651283052780417,0.5,1
PDH1_CANGA|Milbemycin|pocket3|replica_1,PDH1_CANGA,15,"(13,15]",3.763226680650548,0,held_out_protein=PDH1_CANGA,49,14,0.39820666498403345,0.5,0
PDR5_YEAST|Milbemycin|pocket15|replica_1,PDR5_YEAST,15,"(13,15]",1.724796226591016,1,held_out_protein=PDR5_YEAST,50,14,0.7710586269743005,0.5,1
PDR5_YEAST|Milbemycin|pocket9|replica_1,PDR5_YEAST,15,"(13,15]",1.6915366467773134,0,held_out_protein=PDR5_YEAST,50,14,0.7757199677903246,0.5,1
SNQ2_CANGA|Milbemycin|pocket2|replica_1,SNQ2_CANGA,15,"(13,15]",2.353855423785086,0,held_out_protein=SNQ2_CANGA,48,14,0.6592992776997963,0.5,1
SNQ2_CANGA|Milbemycin|pocket4|replica_1,SNQ2_CANGA,15,"(13,15]",6.628402534034493,0,held_out_protein=SNQ2_CANGA,48,14,0.0689476068339403,0.5,0
SNQ2_CANGA|Milbemycin|pocket5|replica_1,SNQ2_CANGA,15,"(13,15]",2.301279944402292,1,held_out_protein=SNQ2_CANGA,48,14,0.6682562031335048,0.5,1
SNQ2_CANGA|Milbemycin|pocket9|replica_1,SNQ2_CANGA,15,"(13,15]",2.828897345031511,0,held_out_protein=SNQ2_CANGA,48,14,0.5738389363800527,0.5,1
AFR1|Milbemycin|pocket8|replica_1,AFR1,20,"(18,20]",2.928170262228453,1,held_out_protein=AFR1,51,14,0.5773194486181696,0.5,1
ATRF_ASPFU|Milbemycin|pocket1|replica_1,ATRF_ASPFU,20,"(18,20]",3.087875571221137,1,held_out_protein=ATRF_ASPFU,49,14,0.5398045191355442,0.5,1
ATRF_ASPFU|Milbemycin|pocket11|replica_1,ATRF_ASPFU,20,"(18,20]",5.903697590630233,0,held_out_protein=ATRF_ASPFU,49,14,0.14425404584822732,0.5,0
ATRF_ASPFU|Milbemycin|pocket7|replica_1,ATRF_ASPFU,20,"(18,20]",7.389993005380443,0,held_out_protein=ATRF_ASPFU,49,14,0.05708810957239395,0.5,0
CDR1_CANAR|Milbemycin|pocket1|replica_1,CDR1_CANAR,20,"(18,20]",3.307294517985378,1,held_out_protein=CDR1_CANAR,48,14,0.5124646036421605,0.5,1
CDR1_CANAR|Milbemycin|pocket11|replica_1,CDR1_CANAR,20,"(18,20]",4.058915311048265,0,held_out_protein=CDR1_CANAR,48,14,0.3826593614770564,0.5,0
CDR1_CANAR|Milbemycin|pocket2|replica_1,CDR1_CANAR,20,"(18,20]",2.058618460814053,0,held_out_protein=CDR1_CANAR,48,14,0.7165233634971739,0.5,1
CDR1_CANAR|Milbemycin|pocket3|replica_1,CDR1_CANAR,20,"(18,20]",5.14627277198742,0,held_out_protein=CDR1_CANAR,48,14,0.2240300236803688,0.5,0
CDR1_CANAR_auris|Milbemycin|pocket10|replica_1,CDR1_CANAR_auris,20,"(18,20]",11.41308674961246,0,held_out_protein=CDR1_CANAR_auris,48,14,0.0024392344813494696,0.5,0
CDR1_CANAR_auris|Milbemycin|pocket14|replica_1,CDR1_CANAR_auris,20,"(18,20]",5.12373641967855,0,held_out_protein=CDR1_CANAR_auris,48,14,0.2054469950927045,0.5,0
CDR1_CANAR_auris|Milbemycin|pocket2|replica_1,CDR1_CANAR_auris,20,"(18,20]",2.831405143954906,0,held_out_protein=CDR1_CANAR_auris,48,14,0.5857091210605564,0.5,1
CDR1_CANAR_auris|Milbemycin|pocket5|replica_1,CDR1_CANAR_auris,20,"(18,20]",3.523240642605622,1,held_out_protein=CDR1_CANAR_auris,48,14,0.458479759849908,0.5,0
CDR2_CANAL|Milbemycin|pocket1|replica_1,CDR2_CANAL,20,"(18,20]",13.16411632457988,0,held_out_protein=CDR2_CANAL,49,14,0.0004165954082928254,0.5,0
CDR2_CANAL|Milbemycin|pocket13|replica_1,CDR2_CANAL,20,"(18,20]",12.00553244728797,0,held_out_protein=CDR2_CANAL,49,14,0.0010395395596385628,0.5,0
CDR2_CANAL|Milbemycin|pocket4|replica_1,CDR2_CANAL,20,"(18,20]",3.179157706787228,0,held_out_protein=CDR2_CANAL,49,14,0.5257444034338156,0.5,1
CIMG_00533|Milbemycin|pocket1|replica_1,CIMG_00533,20,"(18,20]",6.254698085299723,0,held_out_protein=CIMG_00533,46,14,0.12440564158768173,0.5,0
CIMG_00533|Milbemycin|pocket12|replica_1,CIMG_00533,20,"(18,20]",5.232890266517902,0,held_out_protein=CIMG_00533,46,14,0.22486695973904444,0.5,0
CIMG_00533|Milbemycin|pocket2|replica_1,CIMG_00533,20,"(18,20]",1.8875341701477275,0,held_out_protein=CIMG_00533,46,14,0.7501706637262114,0.5,1
CIMG_00533|Milbemycin|pocket3|replica_1,CIMG_00533,20,"(18,20]",3.9644494394168746,0,held_out_protein=CIMG_00533,46,14,0.4130430752538266,0.5,0
CIMG_00533|Milbemycin|pocket7|replica_1,CIMG_00533,20,"(18,20]",1.3480851002941774,0,held_out_protein=CIMG_00533,46,14,0.8140250313460017,0.5,1
CIMG_00533|Milbemycin|pocket9|replica_1,CIMG_00533,20,"(18,20]",3.88753783532332,0,held_out_protein=CIMG_00533,46,14,0.4261272916806206,0.5,0
CIMG_00780|Milbemycin|pocket1|replica_1,CIMG_00780,20,"(18,20]",1.852489163766868,1,held_out_protein=CIMG_00780,45,14,0.735853303089566,0.5,1
CIMG_00780|Milbemycin|pocket2|replica_1,CIMG_00780,20,"(18,20]",1.82151767964624,1,held_out_protein=CIMG_00780,45,14,0.7393599206451902,0.5,1
CIMG_00780|Milbemycin|pocket3|replica_1,CIMG_00780,20,"(18,20]",2.3467654010736463,1,held_out_protein=CIMG_00780,45,14,0.6759838927615553,0.5,1
CIMG_00780|Milbemycin|pocket4|replica_1,CIMG_00780,20,"(18,20]",2.7348857029595752,1,held_out_protein=CIMG_00780,45,14,0.6244141523488572,0.5,1
CIMG_00780|Milbemycin|pocket7|replica_1,CIMG_00780,20,"(18,20]",2.462343566883105,1,held_out_protein=CIMG_00780,45,14,0.6610021065904579,0.5,1
CIMG_00780|Milbemycin|pocket8|replica_1,CIMG_00780,20,"(18,20]",3.2634114825499894,0,held_out_protein=CIMG_00780,45,14,0.5496213125650653,0.5,1
CIMG_00780|Milbemycin|pocket9|replica_1,CIMG_00780,20,"(18,20]",2.004979521025291,1,held_out_protein=CIMG_00780,45,14,0.7181533007363389,0.5,1
CIMG_01418|Milbemycin|pocket15|replica_1,CIMG_01418,20,"(18,20]",5.620454315207889,0,held_out_protein=CIMG_01418,50,14,0.16287556595314864,0.5,0
CIMG_01418|Milbemycin|pocket3|replica_1,CIMG_01418,20,"(18,20]",11.58614393572157,0,held_out_protein=CIMG_01418,50,14,0.002704062058164723,0.5,0
CIMG_09093|Milbemycin|pocket1|replica_1,CIMG_09093,20,"(18,20]",3.7510384086001456,0,held_out_protein=CIMG_09093,49,14,0.4487047468120364,0.5,0
CIMG_09093|Milbemycin|pocket12|replica_1,CIMG_09093,20,"(18,20]",3.948576110272795,0,held_out_protein=CIMG_09093,49,14,0.4163018662889303,0.5,0
CIMG_09093|Milbemycin|pocket3|replica_1,CIMG_09093,20,"(18,20]",3.1395466820001734,0,held_out_protein=CIMG_09093,49,14,0.5505566277122732,0.5,1
MDR1_CRYNH|Milbemycin|pocket13|replica_1,MDR1_CRYNH,20,"(18,20]",3.107540161865927,0,held_out_protein=MDR1_CRYNH,51,14,0.5530823857046107,0.5,1
MDR1_TRIRC|Milbemycin|pocket11|replica_1,MDR1_TRIRC,20,"(18,20]",10.911258606322864,0,held_out_protein=MDR1_TRIRC,48,14,0.005913290896132617,0.5,0
MDR1_TRIRC|Milbemycin|pocket3|replica_1,MDR1_TRIRC,20,"(18,20]",3.172357441725916,0,held_out_protein=MDR1_TRIRC,48,14,0.537350195665571,0.5,1
MDR1_TRIRC|Milbemycin|pocket7|replica_1,MDR1_TRIRC,20,"(18,20]",3.6897890507857287,0,held_out_protein=MDR1_TRIRC,48,14,0.44943195167046635,0.5,0
MDR1_TRIRC|Milbemycin|pocket8|replica_1,MDR1_TRIRC,20,"(18,20]",4.433181279944254,0,held_out_protein=MDR1_TRIRC,48,14,0.3296848005690961,0.5,0
MDR2_TRIRC|Milbemycin|pocket10|replica_1,MDR2_TRIRC,20,"(18,20]",7.609931356366726,0,held_out_protein=MDR2_TRIRC,47,14,0.061422118246608516,0.5,0
MDR2_TRIRC|Milbemycin|pocket14|replica_1,MDR2_TRIRC,20,"(18,20]",8.150501080497676,0,held_out_protein=MDR2_TRIRC,47,14,0.044267506375652195,0.5,0
MDR2_TRIRC|Milbemycin|pocket15|replica_1,MDR2_TRIRC,20,"(18,20]",6.016523787380851,0,held_out_protein=MDR2_TRIRC,47,14,0.15344960793642232,0.5,0
MDR2_TRIRC|Milbemycin|pocket3|replica_1,MDR2_TRIRC,20,"(18,20]",3.4840362124695257,0,held_out_protein=MDR2_TRIRC,47,14,0.47787270853606895,0.5,0
MDR2_TRIRC|Milbemycin|pocket9|replica_1,MDR2_TRIRC,20,"(18,20]",4.324496179065093,0,held_out_protein=MDR2_TRIRC,47,14,0.3484309828688154,0.5,0
PDH1_CANGA|Milbemycin|pocket12|replica_1,PDH1_CANGA,20,"(18,20]",2.684734047688632,0,held_out_protein=PDH1_CANGA,49,14,0.6268898731631863,0.5,1
PDH1_CANGA|Milbemycin|pocket2|replica_1,PDH1_CANGA,20,"(18,20]",2.2485570361570706,1,held_out_protein=PDH1_CANGA,49,14,0.693124470559587,0.5,1
PDH1_CANGA|Milbemycin|pocket3|replica_1,PDH1_CANGA,20,"(18,20]",3.898964115900833,0,held_out_protein=PDH1_CANGA,49,14,0.4243976257952178,0.5,0
PDR5_YEAST|Milbemycin|pocket15|replica_1,PDR5_YEAST,20,"(18,20]",1.9797538889423056,1,held_out_protein=PDR5_YEAST,50,14,0.7458802024342177,0.5,1
PDR5_YEAST|Milbemycin|pocket9|replica_1,PDR5_YEAST,20,"(18,20]",1.382596290528573,0,held_out_protein=PDR5_YEAST,50,14,0.8198830666886096,0.5,1
SNQ2_CANGA|Milbemycin|pocket2|replica_1,SNQ2_CANGA,20,"(18,20]",2.444166011954077,0,held_out_protein=SNQ2_CANGA,48,14,0.6621531282254699,0.5,1
SNQ2_CANGA|Milbemycin|pocket4|replica_1,SNQ2_CANGA,20,"(18,20]",6.726754659799273,0,held_out_protein=SNQ2_CANGA,48,14,0.10085160072097084,0.5,0
SNQ2_CANGA|Milbemycin|pocket5|replica_1,SNQ2_CANGA,20,"(18,20]",1.905915896588348,1,held_out_protein=SNQ2_CANGA,48,14,0.7373899694193276,0.5,1
SNQ2_CANGA|Milbemycin|pocket9|replica_1,SNQ2_CANGA,20,"(18,20]",3.6440445204481855,0,held_out_protein=SNQ2_CANGA,48,14,0.46789524710563796,0.5,0
AFR1|Milbemycin|pocket8|replica_1,AFR1,30,"(28,30]",2.7083180890273786,1,held_out_protein=AFR1,51,14,0.6048545123430953,0.5,1
ATRF_ASPFU|Milbemycin|pocket1|replica_1,ATRF_ASPFU,30,"(28,30]",3.014244923198232,1,held_out_protein=ATRF_ASPFU,49,14,0.5527554515040344,0.5,1
ATRF_ASPFU|Milbemycin|pocket11|replica_1,ATRF_ASPFU,30,"(28,30]",5.519773681393555,0,held_out_protein=ATRF_ASPFU,49,14,0.23647746038646114,0.5,0
ATRF_ASPFU|Milbemycin|pocket7|replica_1,ATRF_ASPFU,30,"(28,30]",9.520034439380373,0,held_out_protein=ATRF_ASPFU,49,14,0.03287587906345597,0.5,0
CDR1_CANAR|Milbemycin|pocket1|replica_1,CDR1_CANAR,30,"(28,30]",2.7964395299526874,1,held_out_protein=CDR1_CANAR,48,14,0.5932834424045801,0.5,1
CDR1_CANAR|Milbemycin|pocket11|replica_1,CDR1_CANAR,30,"(28,30]",4.263284479447028,0,held_out_protein=CDR1_CANAR,48,14,0.39822650178515656,0.5,0
CDR1_CANAR|Milbemycin|pocket2|replica_1,CDR1_CANAR,30,"(28,30]",2.309713354530334,0,held_out_protein=CDR1_CANAR,48,14,0.6547150998074055,0.5,1
CDR1_CANAR|Milbemycin|pocket3|replica_1,CDR1_CANAR,30,"(28,30]",5.293732668085078,0,held_out_protein=CDR1_CANAR,48,14,0.27525503139916146,0.5,0
CDR1_CANAR_auris|Milbemycin|pocket10|replica_1,CDR1_CANAR_auris,30,"(28,30]",17.337796895662407,0,held_out_protein=CDR1_CANAR_auris,48,14,0.0001266443744842227,0.5,0
CDR1_CANAR_auris|Milbemycin|pocket14|replica_1,CDR1_CANAR_auris,30,"(28,30]",5.0609309680604335,0,held_out_protein=CDR1_CANAR_auris,48,14,0.24786693982530145,0.5,0
CDR1_CANAR_auris|Milbemycin|pocket2|replica_1,CDR1_CANAR_auris,30,"(28,30]",3.438740919776943,0,held_out_protein=CDR1_CANAR_auris,48,14,0.4822766920704005,0.5,0
CDR1_CANAR_auris|Milbemycin|pocket5|replica_1,CDR1_CANAR_auris,30,"(28,30]",3.772770123557423,1,held_out_protein=CDR1_CANAR_auris,48,14,0.4292562541101304,0.5,0
CDR2_CANAL|Milbemycin|pocket1|replica_1,CDR2_CANAL,30,"(28,30]",17.151627146235175,0,held_out_protein=CDR2_CANAL,49,14,0.00014528285462001343,0.5,0
CDR2_CANAL|Milbemycin|pocket13|replica_1,CDR2_CANAL,30,"(28,30]",10.939500712045218,0,held_out_protein=CDR2_CANAL,49,14,0.007738368511095625,0.5,0
CDR2_CANAL|Milbemycin|pocket4|replica_1,CDR2_CANAL,30,"(28,30]",3.1400831172407067,0,held_out_protein=CDR2_CANAL,49,14,0.53662874695151,0.5,1
CIMG_00533|Milbemycin|pocket1|replica_1,CIMG_00533,30,"(28,30]",6.176284899084479,0,held_out_protein=CIMG_00533,46,14,0.2024515230791898,0.5,0
CIMG_00533|Milbemycin|pocket12|replica_1,CIMG_00533,30,"(28,30]",5.103354544657744,0,held_out_protein=CIMG_00533,46,14,0.30803185423972185,0.5,0
CIMG_00533|Milbemycin|pocket2|replica_1,CIMG_00533,30,"(28,30]",2.027426498364361,0,held_out_protein=CIMG_00533,46,14,0.6901856278286443,0.5,1
CIMG_00533|Milbemycin|pocket3|replica_1,CIMG_00533,30,"(28,30]",4.111851990122909,0,held_out_protein=CIMG_00533,46,14,0.4279400331439668,0.5,0
CIMG_00533|Milbemycin|pocket7|replica_1,CIMG_00533,30,"(28,30]",2.2046042817162506,0,held_out_protein=CIMG_00533,46,14,0.6700100120023754,0.5,1
CIMG_00533|Milbemycin|pocket9|replica_1,CIMG_00533,30,"(28,30]",3.99693851734991,0,held_out_protein=CIMG_00533,46,14,0.4427272963156183,0.5,0
CIMG_00780|Milbemycin|pocket1|replica_1,CIMG_00780,30,"(28,30]",2.083316980092816,1,held_out_protein=CIMG_00780,45,14,0.6782824438546384,0.5,1
CIMG_00780|Milbemycin|pocket2|replica_1,CIMG_00780,30,"(28,30]",2.0830857789435995,1,held_out_protein=CIMG_00780,45,14,0.6783058390209656,0.5,1
CIMG_00780|Milbemycin|pocket3|replica_1,CIMG_00780,30,"(28,30]",2.614176665548688,1,held_out_protein=CIMG_00780,45,14,0.6223929787728739,0.5,1
CIMG_00780|Milbemycin|pocket4|replica_1,CIMG_00780,30,"(28,30]",2.692042151418437,1,held_out_protein=CIMG_00780,45,14,0.6138701251899616,0.5,1
CIMG_00780|Milbemycin|pocket7|replica_1,CIMG_00780,30,"(28,30]",2.1733182422363204,1,held_out_protein=CIMG_00780,45,14,0.6691081404331265,0.5,1
CIMG_00780|Milbemycin|pocket8|replica_1,CIMG_00780,30,"(28,30]",3.050135731354526,0,held_out_protein=CIMG_00780,45,14,0.5738442665541195,0.5,1
CIMG_00780|Milbemycin|pocket9|replica_1,CIMG_00780,30,"(28,30]",1.7637579832351202,1,held_out_protein=CIMG_00780,45,14,0.7097307636326574,0.5,1
CIMG_01418|Milbemycin|pocket15|replica_1,CIMG_01418,30,"(28,30]",3.762704979755306,0,held_out_protein=CIMG_01418,50,14,0.4536914809419321,0.5,0
CIMG_01418|Milbemycin|pocket3|replica_1,CIMG_01418,30,"(28,30]",11.255749223557252,0,held_out_protein=CIMG_01418,50,14,0.011641548888233,0.5,0
CIMG_09093|Milbemycin|pocket1|replica_1,CIMG_09093,30,"(28,30]",6.229521952139465,0,held_out_protein=CIMG_09093,49,14,0.18756346053894637,0.5,0
CIMG_09093|Milbemycin|pocket12|replica_1,CIMG_09093,30,"(28,30]",4.148014364771258,0,held_out_protein=CIMG_09093,49,14,0.41322245841934485,0.5,0
CIMG_09093|Milbemycin|pocket3|replica_1,CIMG_09093,30,"(28,30]",2.868499385608534,0,held_out_protein=CIMG_09093,49,14,0.58295059498634,0.5,1
MDR1_CRYNH|Milbemycin|pocket13|replica_1,MDR1_CRYNH,30,"(28,30]",3.388868314590288,0,held_out_protein=MDR1_CRYNH,51,14,0.5134594409914389,0.5,1
MDR1_TRIRC|Milbemycin|pocket11|replica_1,MDR1_TRIRC,30,"(28,30]",15.468744455474983,0,held_out_protein=MDR1_TRIRC,48,14,0.00106791742078905,0.5,0
MDR1_TRIRC|Milbemycin|pocket3|replica_1,MDR1_TRIRC,30,"(28,30]",3.6090716107640968,0,held_out_protein=MDR1_TRIRC,48,14,0.47683803020033505,0.5,0
MDR1_TRIRC|Milbemycin|pocket7|replica_1,MDR1_TRIRC,30,"(28,30]",3.702208859352994,0,held_out_protein=MDR1_TRIRC,48,14,0.4636367690777869,0.5,0
MDR1_TRIRC|Milbemycin|pocket8|replica_1,MDR1_TRIRC,30,"(28,30]",4.362185131047755,0,held_out_protein=MDR1_TRIRC,48,14,0.3725616934987461,0.5,0
MDR2_TRIRC|Milbemycin|pocket10|replica_1,MDR2_TRIRC,30,"(28,30]",8.38863085350596,0,held_out_protein=MDR2_TRIRC,47,14,0.0786022319585818,0.5,0
MDR2_TRIRC|Milbemycin|pocket14|replica_1,MDR2_TRIRC,30,"(28,30]",4.705447339626992,0,held_out_protein=MDR2_TRIRC,47,14,0.3496903120036697,0.5,0
MDR2_TRIRC|Milbemycin|pocket15|replica_1,MDR2_TRIRC,30,"(28,30]",6.679675415412296,0,held_out_protein=MDR2_TRIRC,47,14,0.1669712700278964,0.5,0
MDR2_TRIRC|Milbemycin|pocket3|replica_1,MDR2_TRIRC,30,"(28,30]",3.5415927863182146,0,held_out_protein=MDR2_TRIRC,47,14,0.4903432718391623,0.5,0
MDR2_TRIRC|Milbemycin|pocket9|replica_1,MDR2_TRIRC,30,"(28,30]",3.7874773323207775,0,held_out_protein=MDR2_TRIRC,47,14,0.45970245386963476,0.5,0
PDH1_CANGA|Milbemycin|pocket12|replica_1,PDH1_CANGA,30,"(28,30]",2.014929587917751,0,held_out_protein=PDH1_CANGA,49,14,0.700987459100815,0.5,1
PDH1_CANGA|Milbemycin|pocket2|replica_1,PDH1_CANGA,30,"(28,30]",3.0653230013016146,1,held_out_protein=PDH1_CANGA,49,14,0.5606588498691829,0.5,1
PDH1_CANGA|Milbemycin|pocket3|replica_1,PDH1_CANGA,30,"(28,30]",3.497319554164393,0,held_out_protein=PDH1_CANGA,49,14,0.4984285988529519,0.5,0
PDR5_YEAST|Milbemycin|pocket15|replica_1,PDR5_YEAST,30,"(28,30]",1.6574083826899568,1,held_out_protein=PDR5_YEAST,50,14,0.7491741620120336,0.5,1
PDR5_YEAST|Milbemycin|pocket9|replica_1,PDR5_YEAST,30,"(28,30]",1.4750620933246188,0,held_out_protein=PDR5_YEAST,50,14,0.7685585313050237,0.5,1
SNQ2_CANGA|Milbemycin|pocket2|replica_1,SNQ2_CANGA,30,"(28,30]",2.296197292410588,0,held_out_protein=SNQ2_CANGA,48,14,0.6631035072425163,0.5,1
SNQ2_CANGA|Milbemycin|pocket4|replica_1,SNQ2_CANGA,30,"(28,30]",6.745494615656336,0,held_out_protein=SNQ2_CANGA,48,14,0.14596831601409305,0.5,0
SNQ2_CANGA|Milbemycin|pocket5|replica_1,SNQ2_CANGA,30,"(28,30]",2.190697022632335,1,held_out_protein=SNQ2_CANGA,48,14,0.675923514958524,0.5,1
SNQ2_CANGA|Milbemycin|pocket9|replica_1,SNQ2_CANGA,30,"(28,30]",2.693093865277614,0,held_out_protein=SNQ2_CANGA,48,14,0.6128157649721233,0.5,1
