path_relative_to_repo,sha256,rows,columns
pipeline/training/outputs/yau_recapture_screen/cad_states/pocket_aware_state_20ns/pocket_aware_state_20ns_full.csv,8bd6b6c33160e680296e162cbb0483144667312a2089cde2aa862ff271f93b34,64,17
pipeline/training/outputs/yau_recapture_screen/cad_states/pocket_aware_validation3_model_comparison/validation3_full_features.csv,d214f52b9f633f2771109bcee6111ad1d9ce889f5714036a71ddb6ca9e8bf080,61,26
pipeline/training/outputs/yau_recapture_screen/cad_states/pocket_aware_validation3_model_comparison/validation3_matched_cohort.csv,73606a679278b292f98dca868e97aee7f4f552152915d4840d53010147aa5e99,59,26
pipeline/training/outputs/yau_recapture_screen/cad_states/checkpoint_curve_and_baselines/checkpoint_curve_and_baselines_full.csv,4fde19f789f20e5fbcdc7b92df3d08990460c61e2bc70344106f511d84861c60,59,45
pipeline/training/outputs/yau_recapture_screen/cad_states/same_traj_vs_independent_replica/same_traj_vs_independent_replica_full.csv,9fe298cab78b32cd50cd87d4b33d925b723a4ca8fc2baba2c4f21ad94a6f32df,59,31
pipeline/training/outputs/yau_recapture_screen/cad_states/same_trajectory_monitoring_validation/sametraj_model_comparison_predictions.csv,3f8df139608d354f870b1a77d06ea011c53df7229e376883ceb195d07cfc852c,58,35
pipeline/training/outputs/yau_recapture_screen/cad_states/replica_independence_audit/replica_independence_audit_full.csv,757028ae9c970c2785cc0e60245a3c80105aac504c64df6eb1871b6f99700670,61,13
pipeline/training/outputs/yau_recapture_screen/cad_states/pocket_aware_validation2_100ns/validation2_100ns_outcomes_full.csv,a7247993749933de3614d8e3b95c19c1c8c579c1d6e1be6e85fe96d7eb10c443,45,25
pipeline/training/outputs/yau_recapture_screen/cad_states/rbe_traces_pbc_corrected.csv,755354e40ad0e31e73aaec74834eeb5a51bbdcfc67ca31ae544d24ead41998b6,36640,8
